{"type": "FeatureCollection", "features": [{"type": "Feature", "properties": {"id": 0, "area_m2": 648.5, "perimeter_m": 119.4, "landuse": "Residential", "building_count": 1, "building_ids": [0], "has_unrecorded_building": true, "road_connected": false, "road_distance_m": 501.7, "gps_lat": 19.6893, "gps_lon": 73.565825}, "geometry": {"type": "Polygon", "coordinates": [[[73.5658998080831, 19.689142322388815], [73.56582926847844, 19.689208735171608], [73.56569859136265, 19.689208735171608], [73.56569859136265, 19.68925993673001], [73.56568333257358, 19.689274302824753], [73.56568333257358, 19.68939196369035], [73.56573771574406, 19.68939196369035], [73.56578063964844, 19.689432376391153], [73.56582356355281, 19.68939196369035], [73.56585978605656, 19.68939196369035], [73.56593898187954, 19.689466526271392], [73.56593898187954, 19.689142322388815], [73.5658998080831, 19.689142322388815]]]}}, {"type": "Feature", "properties": {"id": 1, "area_m2": 671.8, "perimeter_m": 104.4, "landuse": "Residential", "building_count": 1, "building_ids": [1], "has_unrecorded_building": true, "road_connected": false, "road_distance_m": 651.1, "gps_lat": 19.689282, "gps_lon": 73.559491}, "geometry": {"type": "Polygon", "coordinates": [[[73.5594300815206, 19.689142322388815], [73.55936619390171, 19.68920247235104], [73.55936619390171, 19.689231204540526], [73.55935093511265, 19.68924557063527], [73.55935093511265, 19.689363231500867], [73.55942057707219, 19.689363231500867], [73.55945109465031, 19.68939196369035], [73.5594968710175, 19.68939196369035], [73.55953979492188, 19.689432376391153], [73.55963710199673, 19.68934076213195], [73.55963710199673, 19.68925993673001], [73.55958271882625, 19.689208735171608], [73.55956080805142, 19.689208735171608], [73.55956080805142, 19.68916563688738], [73.55949116609187, 19.68916563688738], [73.5594664028544, 19.689142322388815], [73.5594300815206, 19.689142322388815]]]}}, {"type": "Feature", "properties": {"id": 2, "area_m2": 813.5, "perimeter_m": 153.5, "landuse": "Residential", "building_count": 1, "building_ids": [2], "has_unrecorded_building": true, "road_connected": false, "road_distance_m": 561.7, "gps_lat": 19.689398, "gps_lon": 73.556103}, "geometry": {"type": "Polygon", "coordinates": [[[73.5558719312064, 19.68929493174006], [73.5558719312064, 19.689435061974578], [73.55594157316594, 19.689435061974578], [73.55597209074406, 19.689463794164062], [73.55600260832219, 19.689463794164062], [73.55601786711125, 19.689478160258805], [73.55646456252103, 19.689478160258805], [73.55646887814605, 19.689453122028777], [73.55612738704511, 19.689345951149757], [73.55610371492, 19.689323663929546], [73.55609706293423, 19.689323663929546], [73.55609706293423, 19.68928056564532], [73.55598734953313, 19.68928056564532], [73.55597209074406, 19.68929493174006], [73.5558719312064, 19.68929493174006]]]}}, {"type": "Feature", "properties": {"id": 3, "area_m2": 829.0, "perimeter_m": 146.8, "landuse": "Residential", "building_count": 1, "building_ids": [3], "has_unrecorded_building": true, "road_connected": false, "road_distance_m": 480.1, "gps_lat": 19.689389, "gps_lon": 73.566282}, "geometry": {"type": "Polygon", "coordinates": [[[73.56612194130625, 19.689364167604495], [73.56617161382358, 19.68943431734777], [73.56617161382358, 19.689455690889886], [73.56618687261265, 19.68947005698463], [73.56618687261265, 19.689610187218815], [73.56629658601375, 19.68950689244829], [73.56632710359187, 19.68950689244829], [73.56634236238094, 19.689492526353547], [73.5664912001638, 19.689492526353547], [73.56638626369424, 19.689393729046806], [73.56639674555142, 19.689383860416175], [73.56639674555142, 19.68928056564532], [73.56635096918423, 19.68928056564532], [73.56635096918423, 19.6891828532088], [73.56621818108789, 19.689266199550577], [73.56615635503452, 19.689266199550577], [73.56615635503452, 19.689331767203722], [73.56612194130625, 19.689364167604495]]]}}, {"type": "Feature", "properties": {"id": 4, "area_m2": 2427.4, "perimeter_m": 238.0, "landuse": "Residential", "building_count": 1, "building_ids": [4], "has_unrecorded_building": true, "road_connected": false, "road_distance_m": 506.7, "gps_lat": 19.689352, "gps_lon": 73.56456}, "geometry": {"type": "Polygon", "coordinates": [[[73.56487507514109, 19.68930161979242], [73.56482898642813, 19.689236531257464], [73.56492904933877, 19.689142322388815], [73.56443085367493, 19.689142322388815], [73.56422757599266, 19.68948256274975], [73.56421003322399, 19.68948669186307], [73.56421643144272, 19.689535624637774], [73.56440671833417, 19.689535624637774], [73.56443626893991, 19.68970255536866], [73.56452492075714, 19.689535624637774], [73.56466046718067, 19.689535624637774], [73.56466208773236, 19.689527995920013], [73.56466318891125, 19.68953628996767], [73.56484701328506, 19.68936321998426], [73.56487507514109, 19.68930161979242]], [[73.56438930940713, 19.68944412471487], [73.56438962395204, 19.68944442085776], [73.56438459123362, 19.689445605429306], [73.56438930940713, 19.68944412471487]]]}}, {"type": "Feature", "properties": {"id": 5, "area_m2": 676.8, "perimeter_m": 103.5, "landuse": "Residential", "building_count": 1, "building_ids": [5], "has_unrecorded_building": true, "road_connected": false, "road_distance_m": 509.4, "gps_lat": 19.689497, "gps_lon": 73.565084}, "geometry": {"type": "Polygon", "coordinates": [[[73.56495091069858, 19.689409860498], [73.56495091069858, 19.689534880010967], [73.56501247311961, 19.689621821206227], [73.56519130121548, 19.689621821206227], [73.56519130121548, 19.689570619647824], [73.56520656000454, 19.689556253553082], [73.56520656000454, 19.68954188745834], [73.5652218187936, 19.689527521363598], [73.5652218187936, 19.68942422659274], [73.56518269441219, 19.68942422659274], [73.565136918045, 19.689381128308515], [73.56512165925594, 19.689381128308515], [73.56510640046687, 19.689366762213773], [73.56499668706577, 19.689366762213773], [73.56499668706577, 19.689409860498], [73.56495091069858, 19.689409860498]]]}}, {"type": "Feature", "properties": {"id": 6, "area_m2": 647.4, "perimeter_m": 111.9, "landuse": "Residential", "building_count": 1, "building_ids": [6], "has_unrecorded_building": true, "road_connected": false, "road_distance_m": 561.2, "gps_lat": 19.689537, "gps_lon": 73.556976}, "geometry": {"type": "Polygon", "coordinates": [[[73.55692557854883, 19.689607455111485], [73.55697135491602, 19.68963618730097], [73.55711940180142, 19.68963618730097], [73.55711940180142, 19.689438592687484], [73.55706501863094, 19.689438592687484], [73.55704975984187, 19.68942422659274], [73.55694865324406, 19.68942422659274], [73.55691813566594, 19.689452958782226], [73.55690287687688, 19.689452958782226], [73.55673878030495, 19.689607455111485], [73.55692557854883, 19.689607455111485]]]}}, {"type": "Feature", "properties": {"id": 7, "area_m2": 953.4, "perimeter_m": 139.8, "landuse": "Residential", "building_count": 1, "building_ids": [7], "has_unrecorded_building": true, "road_connected": false, "road_distance_m": 591.6, "gps_lat": 19.689642, "gps_lon": 73.560368}, "geometry": {"type": "Polygon", "coordinates": [[[73.56043556528839, 19.689808580437877], [73.56050422983917, 19.689679285585196], [73.56050685297329, 19.689679285585196], [73.56050685297329, 19.68967434624263], [73.56051761357435, 19.689654084108618], [73.56050685297329, 19.689654084108618], [73.56050685297329, 19.68961371793205], [73.56056807395882, 19.689556078595476], [73.56044057154887, 19.689496057066453], [73.56040669343562, 19.689496057066453], [73.56034547245035, 19.68943841773012], [73.56028172124546, 19.68955846078799], [73.56028172124546, 19.689590356909083], [73.56027506925969, 19.68959661972965], [73.56014741948051, 19.68959661972965], [73.56031100276851, 19.6898276393411], [73.56032112437042, 19.689808580437877], [73.56043556528839, 19.689808580437877]]]}}, {"type": "Feature", "properties": {"id": 8, "area_m2": 510.1, "perimeter_m": 91.8, "landuse": "Residential", "building_count": 1, "building_ids": [8], "has_unrecorded_building": true, "road_connected": false, "road_distance_m": 538.9, "gps_lat": 19.689936, "gps_lon": 73.557788}, "geometry": {"type": "Polygon", "coordinates": [[[73.55771159269719, 19.69003843795375], [73.55778218171687, 19.69003843795375], [73.55779744050594, 19.690024071859007], [73.557812699295, 19.690024071859007], [73.55782795808406, 19.690009705764265], [73.55787373445125, 19.690009705764265], [73.55792811762173, 19.689958504205862], [73.55792811762173, 19.689855209435006], [73.557812699295, 19.689855209435006], [73.55779744050594, 19.689840843340264], [73.55768772710483, 19.689840843340264], [73.55768772710483, 19.68990641099341], [73.55762954441123, 19.68996118978912], [73.55771159269719, 19.69003843795375]]]}}, {"type": "Feature", "properties": {"id": 9, "area_m2": 485.4, "perimeter_m": 84.9, "landuse": "Residential", "building_count": 1, "building_ids": [9], "has_unrecorded_building": true, "road_connected": false, "road_distance_m": 421.2, "gps_lat": 19.689954, "gps_lon": 73.56664}, "geometry": {"type": "Polygon", "coordinates": [[[73.5665769491425, 19.69005280404849], [73.56670857331844, 19.69005280404849], [73.56676295648892, 19.69000160249009], [73.56676295648892, 19.689935143182893], [73.56674769769985, 19.68992077708815], [73.56674769769985, 19.689869575529748], [73.56667805574031, 19.689869575529748], [73.56666279695125, 19.689855209435006], [73.56653782476108, 19.689855209435006], [73.56653782476108, 19.68990641099341], [73.56652256597202, 19.68992077708815], [73.56652256597202, 19.69000160249009], [73.5665769491425, 19.69005280404849]]]}}, {"type": "Feature", "properties": {"id": 10, "area_m2": 948.5, "perimeter_m": 150.2, "landuse": "Residential", "building_count": 1, "building_ids": [10], "has_unrecorded_building": true, "road_connected": false, "road_distance_m": 494.1, "gps_lat": 19.690012, "gps_lon": 73.556909}, "geometry": {"type": "Polygon", "coordinates": [[[73.55669300393777, 19.689869575529748], [73.55684184172063, 19.690009705764265], [73.55684499958053, 19.690009705764265], [73.55684267949346, 19.69001844317866], [73.55681972488438, 19.690029249019396], [73.5567795751194, 19.690104850736542], [73.55685120975504, 19.690239738237505], [73.55695136165448, 19.690145445586218], [73.55700842569648, 19.690127537056462], [73.55701759653839, 19.69011026842746], [73.55705836664517, 19.69011026842746], [73.55705836664517, 19.690044700774315], [73.5571057786938, 19.69000006250192], [73.55698207269985, 19.6899030052135], [73.55698207269985, 19.689840843340264], [73.55685874623505, 19.689840843340264], [73.55684348744599, 19.689869575529748], [73.55669300393777, 19.689869575529748]]]}}, {"type": "Feature", "properties": {"id": 11, "area_m2": 1272.3, "perimeter_m": 207.2, "landuse": "Residential", "building_count": 1, "building_ids": [11], "has_unrecorded_building": true, "road_connected": false, "road_distance_m": 474.4, "gps_lat": 19.690099, "gps_lon": 73.561798}, "geometry": {"type": "Polygon", "coordinates": [[[73.56157967036994, 19.690140836368723], [73.56161035838, 19.69011194371819], [73.56166902101415, 19.690153366711687], [73.56170078862827, 19.690153366711687], [73.56170078862827, 19.690328491955924], [73.56181576494234, 19.690220242171872], [73.56219480821846, 19.69014886859702], [73.56218809804089, 19.690085066950882], [73.56186488519985, 19.690085066950882], [73.56186488519985, 19.690022889195795], [73.56183436762173, 19.690008523101053], [73.56183436762173, 19.6899557720982], [73.56169651125539, 19.6899557720982], [73.56167027105015, 19.6899557720982], [73.56150242437046, 19.6899557720982], [73.56150242437046, 19.68999112100069], [73.56157967036994, 19.690140836368723]]]}}, {"type": "Feature", "properties": {"id": 12, "area_m2": 510.2, "perimeter_m": 91.6, "landuse": "Residential", "building_count": 1, "building_ids": [12], "has_unrecorded_building": true, "road_connected": false, "road_distance_m": 488.0, "gps_lat": 19.690202, "gps_lon": 73.561441}, "geometry": {"type": "Polygon", "coordinates": [[[73.56145954988094, 19.69029702765911], [73.56147480867, 19.690282661564368], [73.56152058503719, 19.690282661564368], [73.56160263332315, 19.690205413399738], [73.5615597094186, 19.69016500069877], [73.5615597094186, 19.690113799140367], [73.56131931890171, 19.690113799140367], [73.56131931890171, 19.69029702765911], [73.56145954988094, 19.69029702765911]]]}}, {"type": "Feature", "properties": {"id": 13, "area_m2": 647.8, "perimeter_m": 124.0, "landuse": "Residential", "building_count": 1, "building_ids": [13], "has_unrecorded_building": true, "road_connected": false, "road_distance_m": 523.1, "gps_lat": 19.690184, "gps_lon": 73.558059}, "geometry": {"type": "Polygon", "coordinates": [[[73.55792755213851, 19.690268295469625], [73.55802421136133, 19.690268295469625], [73.55815699945767, 19.690351641811404], [73.55815699945767, 19.690245826100707], [73.55826671285911, 19.69014253132985], [73.55811122309048, 19.69014253132985], [73.55811122309048, 19.690056334761397], [73.55796238530796, 19.690056334761397], [73.55796238530796, 19.690085066950882], [73.55793186772983, 19.690085066950882], [73.55793186772983, 19.690136268509285], [73.55791407046334, 19.69015302457136], [73.55792755213851, 19.690268295469625]]]}}, {"type": "Feature", "properties": {"id": 14, "area_m2": 615.4, "perimeter_m": 100.5, "landuse": "Residential", "building_count": 1, "building_ids": [14], "has_unrecorded_building": true, "road_connected": false, "road_distance_m": 510.0, "gps_lat": 19.690199, "gps_lon": 73.557798}, "geometry": {"type": "Polygon", "coordinates": [[[73.55790612238123, 19.690085066950882], [73.55783366300969, 19.690085066950882], [73.55782318115234, 19.690094935581676], [73.5577977256131, 19.690070969283507], [73.55771824468296, 19.690077437572654], [73.55771824468296, 19.69012816523511], [73.55767246831577, 19.69012816523511], [73.55767246831577, 19.69026019219545], [73.55774211027531, 19.690325759848594], [73.55782795808406, 19.690325759848594], [73.55787373445125, 19.690282661564368], [73.55792923234597, 19.690282661564368], [73.55790612238123, 19.690085066950882]]]}}, {"type": "Feature", "properties": {"id": 15, "area_m2": 1298.8, "perimeter_m": 213.2, "landuse": "Residential", "building_count": 1, "building_ids": [15], "has_unrecorded_building": true, "road_connected": false, "road_distance_m": 413.5, "gps_lat": 19.690284, "gps_lon": 73.565046}, "geometry": {"type": "Polygon", "coordinates": [[[73.5648564560862, 19.690156897424593], [73.56488618400053, 19.69018488614846], [73.5649132156648, 19.690286687005266], [73.5649051343314, 19.69029429555145], [73.5649051343314, 19.69039709390446], [73.56499747796289, 19.690455054701275], [73.56505107023625, 19.690455054701275], [73.56509399414062, 19.690495467402076], [73.565136918045, 19.690455054701275], [73.56543795414585, 19.690455054701275], [73.56518480112248, 19.6903358833731], [73.56516954233342, 19.690249686804645], [73.56511500727017, 19.690224014522187], [73.56511500727017, 19.690156897424593], [73.56499794321807, 19.690156897424593], [73.56488469801032, 19.689943657517134], [73.56482742599265, 19.689963604340434], [73.56487875202194, 19.690156897424593], [73.5648564560862, 19.690156897424593]]]}}, {"type": "Feature", "properties": {"id": 16, "area_m2": 559.7, "perimeter_m": 107.3, "landuse": "Residential", "building_count": 1, "building_ids": [16], "has_unrecorded_building": true, "road_connected": false, "road_distance_m": 372.2, "gps_lat": 19.690407, "gps_lon": 73.566442}, "geometry": {"type": "Polygon", "coordinates": [[[73.56632420171421, 19.690380492119903], [73.56632420171421, 19.690490049711325], [73.56637858488469, 19.690541251269728], [73.56648829828579, 19.690541251269728], [73.56648829828579, 19.69046131752184], [73.56650355707485, 19.6904469514271], [73.56664378805442, 19.690314924466758], [73.5664796914825, 19.690314924466758], [73.56643676757812, 19.690274511765956], [73.56639384367375, 19.690314924466758], [73.56633946050327, 19.690314924466758], [73.56633946050327, 19.69036612602516], [73.56632420171421, 19.690380492119903]]]}}, {"type": "Feature", "properties": {"id": 17, "area_m2": 898.7, "perimeter_m": 150.7, "landuse": "Residential", "building_count": 1, "building_ids": [17], "has_unrecorded_building": true, "road_connected": false, "road_distance_m": 356.1, "gps_lat": 19.690368, "gps_lon": 73.566966}, "geometry": {"type": "Polygon", "coordinates": [[[73.56680834162694, 19.69024033014397], [73.56688045803679, 19.690330859929542], [73.566827555924, 19.69038066707751], [73.56690403569858, 19.690416669793166], [73.56690403569858, 19.690531598551104], [73.56693455327671, 19.690545964645846], [73.56693455327671, 19.690584349553955], [73.56712466923841, 19.690584349553955], [73.5670528734811, 19.690449158662005], [73.5670528734811, 19.69035175993042], [73.56703761469204, 19.690337393835676], [73.56703761469204, 19.690156897424593], [73.56687351812046, 19.690156897424593], [73.56687351812046, 19.690209648427444], [73.56680834162694, 19.69024033014397]]]}}, {"type": "Feature", "properties": {"id": 18, "area_m2": 553.7, "perimeter_m": 109.2, "landuse": "Residential", "building_count": 1, "building_ids": [18], "has_unrecorded_building": true, "road_connected": false, "road_distance_m": 333.1, "gps_lat": 19.690646, "gps_lon": 73.566681}, "geometry": {"type": "Polygon", "coordinates": [[[73.56659885991733, 19.69048049767046], [73.56659885991733, 19.690581617446295], [73.56658360112827, 19.690595983541037], [73.56658360112827, 19.69061034963578], [73.56654067722373, 19.690650762336748], [73.56662272550969, 19.690728010501378], [73.56663798429875, 19.690728010501378], [73.56665324308781, 19.69074237659612], [73.56666850187688, 19.69074237659612], [73.56677821527798, 19.690845671366645], [73.56677821527798, 19.690595983541037], [73.5667238321075, 19.690544781982634], [73.56670857331844, 19.690544781982634], [73.56661876442296, 19.69046022723219], [73.56659885991733, 19.69048049767046]]]}}, {"type": "Feature", "properties": {"id": 19, "area_m2": 1035.1, "perimeter_m": 173.9, "landuse": "Residential", "building_count": 1, "building_ids": [19], "has_unrecorded_building": true, "road_connected": false, "road_distance_m": 379.3, "gps_lat": 19.690632, "gps_lon": 73.563953}, "geometry": {"type": "Polygon", "coordinates": [[[73.56374546636265, 19.690530415887892], [73.56374546636265, 19.690713644406635], [73.5638375463618, 19.690713644406635], [73.56389342784757, 19.690792562731918], [73.56394673249812, 19.69074237659612], [73.5640011156686, 19.69074237659612], [73.5640011156686, 19.690713644406635], [73.56429381093152, 19.690713644406635], [73.56430052110909, 19.690649842760497], [73.56394008051235, 19.690581972056727], [73.56394008051235, 19.69057624627978], [73.5639830044169, 19.69053583357881], [73.56390095613094, 19.69045858541418], [73.56383036711125, 19.69045858541418], [73.56377598394077, 19.690509786972584], [73.56377598394077, 19.690530415887892], [73.56374546636265, 19.690530415887892]]]}}, {"type": "Feature", "properties": {"id": 20, "area_m2": 691.2, "perimeter_m": 119.9, "landuse": "Residential", "building_count": 1, "building_ids": [20], "has_unrecorded_building": true, "road_connected": false, "road_distance_m": 343.2, "gps_lat": 19.690806, "gps_lon": 73.565914}, "geometry": {"type": "Polygon", "coordinates": [[[73.56598475824673, 19.69094350192251], [73.56598475824673, 19.690900403638285], [73.56601527582485, 19.690900403638285], [73.56601527582485, 19.69083483598514], [73.56603053461392, 19.690820469890397], [73.56603053461392, 19.690696546204233], [73.56594848632812, 19.69061929803977], [73.56589030363469, 19.690674076835315], [73.56583592046421, 19.690674076835315], [73.56583592046421, 19.690754010583202], [73.56582066167515, 19.690768376677944], [73.56582066167515, 19.69084920207988], [73.56582351413779, 19.69085188766314], [73.56572620706277, 19.69094350192251], [73.56598475824673, 19.69094350192251]]]}}, {"type": "Feature", "properties": {"id": 21, "area_m2": 441.7, "perimeter_m": 82.8, "landuse": "Residential", "building_count": 1, "building_ids": [21], "has_unrecorded_building": true, "road_connected": false, "road_distance_m": 390.7, "gps_lat": 19.690937, "gps_lon": 73.556126}, "geometry": {"type": "Polygon", "coordinates": [[[73.55603977788608, 19.691044064585707], [73.55614949128719, 19.691044064585707], [73.55616475007625, 19.691029698490965], [73.55621913324673, 19.691029698490965], [73.55621913324673, 19.69083210387748], [73.5560789022675, 19.69083210387748], [73.55602451909702, 19.690883305435882], [73.55602451909702, 19.69096413083782], [73.55603977788608, 19.690978496932562], [73.55603977788608, 19.691044064585707]]]}}, {"type": "Feature", "properties": {"id": 22, "area_m2": 504.9, "perimeter_m": 86.2, "landuse": "Residential", "building_count": 1, "building_ids": [22], "has_unrecorded_building": true, "road_connected": false, "road_distance_m": 321.5, "gps_lat": 19.691184, "gps_lon": 73.563538}, "geometry": {"type": "Polygon", "coordinates": [[[73.56342503179233, 19.691156261235985], [73.56342503179233, 19.69122272054318], [73.5634402905814, 19.691237086637923], [73.5634402905814, 19.691251452732665], [73.56349467375188, 19.691302654291068], [73.56356526277156, 19.691302654291068], [73.56361103913875, 19.69125955600684], [73.56365016352017, 19.69125955600684], [73.56365016352017, 19.6911275290465], [73.56359578034969, 19.691076327488098], [73.5634402905814, 19.691076327488098], [73.5634402905814, 19.691141895141243], [73.56342503179233, 19.691156261235985]]]}}, {"type": "Feature", "properties": {"id": 23, "area_m2": 1063.7, "perimeter_m": 155.9, "landuse": "Residential", "building_count": 1, "building_ids": [23], "has_unrecorded_building": true, "road_connected": false, "road_distance_m": 322.6, "gps_lat": 19.69113, "gps_lon": 73.563241}, "geometry": {"type": "Polygon", "coordinates": [[[73.56342128168423, 19.691015069117594], [73.56342128168423, 19.69095126766329], [73.56326936100702, 19.691022784047487], [73.5632680836482, 19.69102639193362], [73.56326571988974, 19.691024166463578], [73.56320190429688, 19.691044193846906], [73.56319220638105, 19.69104115032934], [73.56309642227124, 19.690950969936225], [73.5630286716022, 19.691142330966205], [73.5630740796439, 19.691163706719763], [73.5630740796439, 19.691192438909248], [73.56310459722202, 19.69120680500399], [73.56310459722202, 19.691266929873713], [73.56327244390171, 19.69124937131347], [73.56327244390171, 19.691302654291068], [73.56337437407593, 19.691302654291068], [73.56342128168423, 19.691015069117594]]]}}, {"type": "Feature", "properties": {"id": 24, "area_m2": 1444.2, "perimeter_m": 201.4, "landuse": "Residential", "building_count": 1, "building_ids": [24], "has_unrecorded_building": true, "road_connected": false, "road_distance_m": 350.0, "gps_lat": 19.691233, "gps_lon": 73.556193}, "geometry": {"type": "Polygon", "coordinates": [[[73.55607220609367, 19.691109622657645], [73.55606707188183, 19.691133791867067], [73.55599597914718, 19.691133791867067], [73.55576880739065, 19.691205821011753], [73.55604979773499, 19.691258731290432], [73.5560497156142, 19.6912589632397], [73.55611118188477, 19.691374703782817], [73.55621500865514, 19.691309535430168], [73.55620408864587, 19.691391784624273], [73.55627163362588, 19.69145537797878], [73.55641993199218, 19.691408837186856], [73.55638970287013, 19.69132345535948], [73.55640795471457, 19.691254719177305], [73.55636410118113, 19.691199668586368], [73.55637603039646, 19.691165974647], [73.55631886223986, 19.691031415615036], [73.55607220609367, 19.691109622657645]]]}}, {"type": "Feature", "properties": {"id": 25, "area_m2": 2812.3, "perimeter_m": 368.0, "landuse": "Residential", "building_count": 1, "building_ids": [25], "has_unrecorded_building": true, "road_connected": false, "road_distance_m": 277.8, "gps_lat": 19.691348, "gps_lon": 73.564384}, "geometry": {"type": "Polygon", "coordinates": [[[73.5641727124564, 19.691128404924797], [73.5641727124564, 19.69115135110527], [73.5641567120951, 19.69115637253271], [73.56411427147923, 19.69123055601406], [73.56412938867734, 19.69124241667021], [73.56411008531629, 19.69123787315905], [73.56408719413537, 19.6912778854788], [73.56418797124546, 19.69140439385861], [73.56418797124546, 19.691751178578446], [73.56426646190685, 19.691757294619723], [73.56431374967923, 19.69149016701927], [73.56431584327896, 19.691507907068512], [73.56476602318915, 19.691592675620125], [73.56479185031982, 19.69148453954907], [73.5644910540895, 19.6914137399082], [73.56448593962064, 19.69138966363846], [73.56481759006174, 19.691327214100188], [73.56481759006174, 19.691324723479074], [73.56446565078083, 19.69125845356693], [73.56446266899958, 19.691241609549312], [73.56450465570767, 19.691188902437478], [73.56450465570767, 19.691076823905945], [73.56438981980666, 19.69100474551551], [73.56428603784477, 19.691078028271985], [73.56425674896948, 19.690981514476302], [73.5641727124564, 19.691128404924797]]]}}, {"type": "Feature", "properties": {"id": 26, "area_m2": 2806.7, "perimeter_m": 265.1, "landuse": "Residential", "building_count": 1, "building_ids": [26], "has_unrecorded_building": true, "road_connected": false, "road_distance_m": 299.0, "gps_lat": 19.69107, "gps_lon": 73.563986}, "geometry": {"type": "Polygon", "coordinates": [[[73.56411872637021, 19.691222769149615], [73.56405156833945, 19.691178508819384], [73.56412442605858, 19.691212806458978], [73.56414560738487, 19.691175782855733], [73.56414720346623, 19.69116676662679], [73.56415207853684, 19.691164471696116], [73.56424116719657, 19.69100875041849], [73.564226318029, 19.69099476998091], [73.56425802803186, 19.690920132848273], [73.56427013680462, 19.69091750199463], [73.56427436412767, 19.6908816819104], [73.56432219902308, 19.690769090957613], [73.56431711287382, 19.690769952537156], [73.56428505665767, 19.690791079105296], [73.56428694685535, 19.690775062576822], [73.56378062418048, 19.690860832230317], [73.56379379703782, 19.69089803882298], [73.56369285149805, 19.69096139873016], [73.56369237560048, 19.69096139873016], [73.56379626709601, 19.691278294308432], [73.56389364128857, 19.69130448786566], [73.56384742818652, 19.691331681283486], [73.56394803598008, 19.69152112503138], [73.56411872637021, 19.691222769149615]]]}}, {"type": "Feature", "properties": {"id": 27, "area_m2": 1366.9, "perimeter_m": 194.9, "landuse": "Residential", "building_count": 1, "building_ids": [27], "has_unrecorded_building": true, "road_connected": false, "road_distance_m": 416.6, "gps_lat": 19.691378, "gps_lon": 73.558465}, "geometry": {"type": "Polygon", "coordinates": [[[73.55830093112998, 19.691498361926538], [73.55841064453125, 19.691601656697227], [73.55844116210938, 19.691572924507742], [73.5584899767684, 19.691618883332758], [73.55858424555142, 19.69144137589592], [73.55858424555142, 19.691436662519862], [73.55883089848179, 19.691320551098713], [73.55854561437366, 19.691320551098713], [73.55857588913476, 19.691277795731505], [73.55852790096004, 19.691142253652462], [73.55835413184789, 19.69120769484883], [73.5583181374843, 19.691343249101635], [73.55831386472117, 19.691349283288197], [73.55822628291003, 19.691349283288197], [73.55830394639376, 19.69149552306658], [73.55830093112998, 19.691498361926538]]]}}, {"type": "Feature", "properties": {"id": 28, "area_m2": 618.3, "perimeter_m": 120.1, "landuse": "Residential", "building_count": 1, "building_ids": [28], "has_unrecorded_building": true, "road_connected": false, "road_distance_m": 407.9, "gps_lat": 19.691532, "gps_lon": 73.559278}, "geometry": {"type": "Polygon", "coordinates": [[[73.55939296137173, 19.691633074470136], [73.55939296137173, 19.69152977969928], [73.55937485012002, 19.69151272802128], [73.55947215719505, 19.69142111376191], [73.55923747160344, 19.69142111376191], [73.55914016452842, 19.69151272802128], [73.55917068210654, 19.691541460210765], [73.55907337503152, 19.691633074470136], [73.55939296137173, 19.691633074470136]]]}}, {"type": "Feature", "properties": {"id": 29, "area_m2": 2100.2, "perimeter_m": 303.0, "landuse": "Residential", "building_count": 1, "building_ids": [29], "has_unrecorded_building": true, "road_connected": false, "road_distance_m": 351.5, "gps_lat": 19.691557, "gps_lon": 73.561246}, "geometry": {"type": "Polygon", "coordinates": [[[73.5610444748693, 19.69166789452258], [73.56111132875421, 19.691730837213544], [73.56107981987478, 19.691819833701786], [73.56116172475068, 19.691819833701786], [73.56118331258702, 19.691860483441545], [73.56137491960922, 19.691808941350473], [73.56142497710975, 19.691691118960986], [73.5614095950888, 19.691618708375394], [73.5616830683804, 19.691618708375394], [73.56168738400542, 19.691593670145366], [73.56138405429193, 19.691498475535795], [73.56135650128296, 19.69136877024403], [73.56131792707038, 19.69147772268911], [73.56131738298615, 19.691477551938], [73.5611934984811, 19.691489215619367], [73.5611934984811, 19.691101884327207], [73.56111500781971, 19.69109576828593], [73.56104262543937, 19.691504654782534], [73.56109767007227, 19.691642852976933], [73.5610444748693, 19.69166789452258]]]}}, {"type": "Feature", "properties": {"id": 30, "area_m2": 3472.8, "perimeter_m": 310.0, "landuse": "Residential", "building_count": 1, "building_ids": [30], "has_unrecorded_building": true, "road_connected": false, "road_distance_m": 326.1, "gps_lat": 19.69144, "gps_lon": 73.556974}, "geometry": {"type": "Polygon", "coordinates": [[[73.55713381685956, 19.691859405508747], [73.55698778346147, 19.691721915592357], [73.55719569574673, 19.691540148974887], [73.55719569574673, 19.691452578059053], [73.55732058112609, 19.691334998925832], [73.55720774117718, 19.691308439324835], [73.5572546420922, 19.691102373129088], [73.55697650489604, 19.691058728934966], [73.55679518905563, 19.69117253440717], [73.55687511513437, 19.691247784521373], [73.55673491173657, 19.691445786009673], [73.55680028285157, 19.691466301565825], [73.55676852294381, 19.69155600708086], [73.55669213601276, 19.69154162347697], [73.55661614904602, 19.691708553537445], [73.55662127696777, 19.691727865216645], [73.55713381685956, 19.691859405508747]]]}}, {"type": "Feature", "properties": {"id": 31, "area_m2": 1109.6, "perimeter_m": 139.1, "landuse": "Residential", "building_count": 1, "building_ids": [31], "has_unrecorded_building": true, "road_connected": false, "road_distance_m": 257.0, "gps_lat": 19.692002, "gps_lon": 73.565145}, "geometry": {"type": "Polygon", "coordinates": [[[73.56500529386906, 19.69210715559663], [73.56506632902531, 19.69210715559663], [73.56508158781438, 19.692121521691373], [73.56514262297063, 19.692121521691373], [73.56515788175969, 19.692135887786115], [73.56524372956844, 19.692135887786115], [73.5652589883575, 19.692121521691373], [73.56532863031704, 19.692121521691373], [73.56532863031704, 19.692048946590855], [73.56535914789517, 19.69200584830663], [73.56535914789517, 19.691877539086843], [73.56525181090188, 19.69190280343463], [73.56524372956844, 19.691895194888403], [73.56519795320125, 19.691895194888403], [73.56518269441219, 19.69188082879366], [73.56503245091207, 19.69188082879366], [73.56492039312046, 19.691933579796512], [73.56492039312046, 19.692078423407146], [73.56497477629094, 19.692078423407146], [73.56500529386906, 19.69210715559663]]]}}, {"type": "Feature", "properties": {"id": 32, "area_m2": 1083.4, "perimeter_m": 182.1, "landuse": "Residential", "building_count": 1, "building_ids": [32], "has_unrecorded_building": true, "road_connected": false, "road_distance_m": 208.5, "gps_lat": 19.69203, "gps_lon": 73.563718}, "geometry": {"type": "Polygon", "coordinates": [[[73.56380275141079, 19.69232409414453], [73.56380275141079, 19.692078423407146], [73.56397349996848, 19.692078423407146], [73.56386378656704, 19.69197512863629], [73.56386378656704, 19.691904847607027], [73.56373661032124, 19.691844979619194], [73.56371257857013, 19.691890231232794], [73.56367492675781, 19.6918547821876], [73.56359287847202, 19.691932030352064], [73.56359287847202, 19.691952659267372], [73.56355735463349, 19.691952659267372], [73.56347530634753, 19.69210715559663], [73.56358787221161, 19.69210715559663], [73.56360313100068, 19.692135887786115], [73.56370231312958, 19.692135887786115], [73.56380241054767, 19.692324370500675], [73.56380275141079, 19.69232409414453]]]}}, {"type": "Feature", "properties": {"id": 33, "area_m2": 1373.7, "perimeter_m": 193.3, "landuse": "Residential", "building_count": 1, "building_ids": [33], "has_unrecorded_building": true, "road_connected": false, "road_distance_m": 242.4, "gps_lat": 19.692172, "gps_lon": 73.556767}, "geometry": {"type": "Polygon", "coordinates": [[[73.55679075541438, 19.692494288816714], [73.55683305092664, 19.692374825601018], [73.55684590092692, 19.692399022058616], [73.55693629633267, 19.692242859265722], [73.55693629633267, 19.69219961498565], [73.55696603244738, 19.692171618541135], [73.55692219402304, 19.692089071105062], [73.55687526117642, 19.692055930775975], [73.55687526117642, 19.69201012364634], [73.55681369875539, 19.69201012364634], [73.55678318117727, 19.691967025362114], [73.55672932527156, 19.691967025362114], [73.55666810428629, 19.69190938602578], [73.55662986439911, 19.691981391456856], [73.55660774464354, 19.691981391456856], [73.55657734023457, 19.692067268380242], [73.55661005693561, 19.692253963608465], [73.55668338647462, 19.692207937277864], [73.5566848116082, 19.692210620794086], [73.55671690125467, 19.692220691556138], [73.55676022791071, 19.692547026676486], [73.55679075541438, 19.692494288816714]]]}}, {"type": "Feature", "properties": {"id": 34, "area_m2": 812.4, "perimeter_m": 135.8, "landuse": "Residential", "building_count": 1, "building_ids": [34], "has_unrecorded_building": true, "road_connected": false, "road_distance_m": 250.4, "gps_lat": 19.692202, "gps_lon": 73.556405}, "geometry": {"type": "Polygon", "coordinates": [[[73.55639363191219, 19.69235137920725], [73.55640889070125, 19.692337013112507], [73.55647853266079, 19.692337013112507], [73.55647853266079, 19.692265182638796], [73.55653956781704, 19.692265182638796], [73.55653956781704, 19.692053221930568], [73.55648518464656, 19.692053221930568], [73.55644226074219, 19.692012809229766], [73.55639933683781, 19.692053221930568], [73.55632969487827, 19.692053221930568], [73.55632969487827, 19.692153784593764], [73.55629917730015, 19.692153784593764], [73.55629917730015, 19.692248084436393], [73.5561894638987, 19.69235137920725], [73.55639363191219, 19.69235137920725]]]}}, {"type": "Feature", "properties": {"id": 35, "area_m2": 596.9, "perimeter_m": 120.0, "landuse": "Residential", "building_count": 1, "building_ids": [35], "has_unrecorded_building": true, "road_connected": false, "road_distance_m": 263.6, "gps_lat": 19.69232, "gps_lon": 73.557125}, "geometry": {"type": "Polygon", "coordinates": [[[73.55690662698464, 19.692394477491476], [73.55706211675327, 19.692394477491476], [73.55706211675327, 19.69242320968096], [73.55722621332485, 19.69242320968096], [73.55722621332485, 19.692343275933073], [73.5573359267263, 19.692239981162217], [73.55718708894344, 19.692239981162217], [73.55712890625, 19.692185202366673], [73.55708598234563, 19.692225615067475], [73.55707072355656, 19.692225615067475], [73.55701634038608, 19.692276816625878], [73.55701634038608, 19.69229118272062], [73.55690662698464, 19.692394477491476]]]}}, {"type": "Feature", "properties": {"id": 36, "area_m2": 708.7, "perimeter_m": 111.5, "landuse": "Residential", "building_count": 1, "building_ids": [36], "has_unrecorded_building": true, "road_connected": true, "road_distance_m": 192.4, "gps_lat": 19.692304, "gps_lon": 73.565834}, "geometry": {"type": "Polygon", "coordinates": [[[73.56587794672329, 19.692461937917315], [73.56587794672329, 19.6923863742173], [73.56588459870906, 19.692380111396734], [73.56596949945767, 19.692380111396734], [73.56596949945767, 19.692182516783248], [73.56572910894077, 19.692182516783248], [73.56572910894077, 19.692248084436393], [73.56569859136265, 19.692276816625878], [73.56569859136265, 19.69240565044276], [73.56587794672329, 19.692461937917315]]]}}, {"type": "Feature", "properties": {"id": 37, "area_m2": 1493.7, "perimeter_m": 230.8, "landuse": "Residential", "building_count": 1, "building_ids": [37], "has_unrecorded_building": true, "road_connected": true, "road_distance_m": 196.6, "gps_lat": 19.69242, "gps_lon": 73.554957}, "geometry": {"type": "Polygon", "coordinates": [[[73.55479989247314, 19.692076677715434], [73.5547732983939, 19.69208074086075], [73.5547732983939, 19.69239875283119], [73.55471203060989, 19.692485277926945], [73.55478547428827, 19.692519851405798], [73.55480720753417, 19.692581236723125], [73.55492419158364, 19.692581236723125], [73.55492927784667, 19.692595602817867], [73.55499552824406, 19.692595602817867], [73.55504883289461, 19.692645788953666], [73.55510471438039, 19.692566870628383], [73.55515101801235, 19.692566870628383], [73.55515101801235, 19.692449209762785], [73.55511631847389, 19.692416540272767], [73.55532446896636, 19.6923512159607], [73.55532015334134, 19.69232617773067], [73.55489876026854, 19.69232617773067], [73.55489349365234, 19.692341053230994], [73.55479989247314, 19.692076677715434]]]}}, {"type": "Feature", "properties": {"id": 38, "area_m2": 557.4, "perimeter_m": 100.2, "landuse": "Residential", "building_count": 1, "building_ids": [38], "has_unrecorded_building": true, "road_connected": false, "road_distance_m": 220.7, "gps_lat": 19.692519, "gps_lon": 73.565109}, "geometry": {"type": "Polygon", "coordinates": [[[73.56505772222202, 19.69257313344895], [73.56507298101108, 19.69258749954369], [73.56507298101108, 19.692638701102094], [73.5652218187936, 19.692638701102094], [73.5652218187936, 19.69257313344895], [73.56527512344437, 19.692522947312938], [73.56519130121548, 19.69247033509594], [73.56519130121548, 19.692463575857527], [73.565136918045, 19.692412374299124], [73.56496616948765, 19.692412374299124], [73.56496616948765, 19.69251566906998], [73.56502055265813, 19.692566870628383], [73.56505772222202, 19.692566870628383], [73.56505772222202, 19.69257313344895]]]}}, {"type": "Feature", "properties": {"id": 39, "area_m2": 1514.5, "perimeter_m": 223.2, "landuse": "Residential", "building_count": 1, "building_ids": [39], "has_unrecorded_building": true, "road_connected": true, "road_distance_m": 171.0, "gps_lat": 19.692504, "gps_lon": 73.564137}, "geometry": {"type": "Polygon", "coordinates": [[[73.56437163771562, 19.69280088772577], [73.56432876192925, 19.69251831594057], [73.5643478114015, 19.692512337604146], [73.56433173658337, 19.692345952089276], [73.56421901429343, 19.692319420182155], [73.56416606047063, 19.692369276014897], [73.56387957188183, 19.692369276014897], [73.56384656478959, 19.69252465630502], [73.56395681119626, 19.692628452898365], [73.56402875607644, 19.6925381384389], [73.56404563588349, 19.6925381384389], [73.56412980385633, 19.692696626123244], [73.56417829962386, 19.692559650353786], [73.56436046125985, 19.692816907136443], [73.56437163771562, 19.69280088772577]]]}}, {"type": "Feature", "properties": {"id": 40, "area_m2": 1539.9, "perimeter_m": 203.9, "landuse": "Residential", "building_count": 1, "building_ids": [40], "has_unrecorded_building": true, "road_connected": true, "road_distance_m": 174.9, "gps_lat": 19.692455, "gps_lon": 73.564555}, "geometry": {"type": "Polygon", "coordinates": [[[73.5643469074476, 19.692502981054293], [73.56438633550327, 19.69251782960305], [73.56438633550327, 19.69279041120315], [73.5644242217056, 19.69277212590831], [73.56454346121939, 19.69258501995632], [73.56466832042702, 19.692545835125447], [73.56460434366156, 19.692485601232043], [73.56467523807737, 19.69247606596973], [73.56468847439612, 19.69245737305033], [73.56476926559209, 19.692482727923313], [73.56482899506665, 19.692471480906438], [73.56485269422433, 19.692334458862405], [73.56474036705967, 19.692281581052672], [73.56453713540965, 19.692300715239053], [73.56452181095935, 19.692322357110907], [73.56444607384523, 19.69228670400133], [73.56433532537156, 19.69236490596704], [73.56433394455057, 19.69236880608095], [73.5643469074476, 19.692502981054293]]]}}, {"type": "Feature", "properties": {"id": 41, "area_m2": 1582.7, "perimeter_m": 235.4, "landuse": "Residential", "building_count": 1, "building_ids": [41], "has_unrecorded_building": true, "road_connected": true, "road_distance_m": 156.0, "gps_lat": 19.692482, "gps_lon": 73.553634}, "geometry": {"type": "Polygon", "coordinates": [[[73.553466796875, 19.692653067196837], [73.55346964933781, 19.692653067196837], [73.5535875376897, 19.692764058653967], [73.55362008721129, 19.692672122883234], [73.55378325973227, 19.6926874855171], [73.55385388562739, 19.692222027342535], [73.55382816915362, 19.692214464093492], [73.55370934774102, 19.69243820395435], [73.55368247552451, 19.692446637319247], [73.55368885651656, 19.692404583552694], [73.55350681890171, 19.69211893729218], [73.55350681890171, 19.69235263586668], [73.55348047255056, 19.69238364210964], [73.553466796875, 19.69238364210964], [73.553466796875, 19.692653067196837]]]}}, {"type": "Feature", "properties": {"id": 42, "area_m2": 666.6, "perimeter_m": 118.9, "landuse": "Residential", "building_count": 1, "building_ids": [42], "has_unrecorded_building": true, "road_connected": true, "road_distance_m": 187.9, "gps_lat": 19.692595, "gps_lon": 73.565492}, "geometry": {"type": "Polygon", "coordinates": [[[73.56565570600814, 19.69245547258335], [73.56540867437046, 19.69245547258335], [73.56540867437046, 19.69253540633124], [73.56537815679233, 19.692564138520723], [73.56537815679233, 19.692673696112145], [73.56540867437046, 19.69270242830163], [73.56540867437046, 19.692753629860032], [73.56555751215298, 19.692753629860032], [73.56555751215298, 19.692673696112145], [73.56560718467031, 19.69262692961663], [73.56555835654532, 19.692557972361865], [73.56566128992122, 19.692461060960547], [73.56565570600814, 19.69245547258335]]]}}, {"type": "Feature", "properties": {"id": 43, "area_m2": 606.7, "perimeter_m": 108.5, "landuse": "Residential", "building_count": 1, "building_ids": [43], "has_unrecorded_building": true, "road_connected": true, "road_distance_m": 193.4, "gps_lat": 19.692662, "gps_lon": 73.555928}, "geometry": {"type": "Polygon", "coordinates": [[[73.55584141362827, 19.692811094238998], [73.55595112702937, 19.692811094238998], [73.55603602777798, 19.692731160491117], [73.55603602777798, 19.692599133530774], [73.55600551019985, 19.692599133530774], [73.55600551019985, 19.69257040134129], [73.55597499262173, 19.69257040134129], [73.55597499262173, 19.69245274047602], [73.55582615483921, 19.692592870710207], [73.55582615483921, 19.69271679439637], [73.55584141362827, 19.692731160491114], [73.55584141362827, 19.692811094238998]]]}}, {"type": "Feature", "properties": {"id": 44, "area_m2": 594.0, "perimeter_m": 97.5, "landuse": "Residential", "building_count": 1, "building_ids": [44], "has_unrecorded_building": true, "road_connected": false, "road_distance_m": 264.1, "gps_lat": 19.692732, "gps_lon": 73.560514}, "geometry": {"type": "Polygon", "coordinates": [[[73.56039243420841, 19.69282546033374], [73.5604734335175, 19.69282546033374], [73.56048869230656, 19.692839826428482], [73.56064418207485, 19.692839826428482], [73.56064418207485, 19.692699696193966], [73.56060505769344, 19.692699696193966], [73.56059840570767, 19.6926934333734], [73.56059840570767, 19.692650335089176], [73.56054402253719, 19.692599133530774], [73.5604734335175, 19.692599133530774], [73.56041905034702, 19.692650335089176], [73.56041905034702, 19.69266470118392], [73.56039713957219, 19.692685330099224], [73.56039713957219, 19.692685330099224], [73.56037708775008, 19.692704208817243], [73.56039243420841, 19.69282546033374]]]}}, {"type": "Feature", "properties": {"id": 45, "area_m2": 727.9, "perimeter_m": 112.9, "landuse": "Residential", "building_count": 1, "building_ids": [45], "has_unrecorded_building": true, "road_connected": false, "road_distance_m": 260.5, "gps_lat": 19.692766, "gps_lon": 73.560249}, "geometry": {"type": "Polygon", "coordinates": [[[73.56037106177344, 19.692656597909743], [73.56033039949031, 19.692656597909743], [73.56029988191219, 19.692627865720258], [73.56021403410344, 19.692627865720258], [73.56019877531438, 19.692642231815], [73.5601443921439, 19.692642231815], [73.5601443921439, 19.69272842838345], [73.56011387456577, 19.69272842838345], [73.56011387456577, 19.692868558617967], [73.5601443921439, 19.692868558617967], [73.5601443921439, 19.69289729080745], [73.56029322992642, 19.69289729080745], [73.56029322992642, 19.692868558617967], [73.56031514070125, 19.692868558617967], [73.56033039949031, 19.692854192523225], [73.56039607075961, 19.692854192523225], [73.56037106177344, 19.692656597909743]]]}}, {"type": "Feature", "properties": {"id": 46, "area_m2": 1285.8, "perimeter_m": 166.1, "landuse": "Residential", "building_count": 1, "building_ids": [46], "has_unrecorded_building": true, "road_connected": true, "road_distance_m": 162.8, "gps_lat": 19.692877, "gps_lon": 73.564795}, "geometry": {"type": "Polygon", "coordinates": [[[73.56505683926575, 19.692771526667677], [73.56495717311137, 19.692771526667677], [73.56487744714734, 19.69273399581421], [73.5647908008522, 19.6927829421184], [73.5646748466848, 19.692764747046827], [73.56466148748396, 19.69278990232542], [73.56461085025286, 19.69277798363291], [73.56449634570747, 19.692912740652353], [73.56454917592255, 19.69301221956539], [73.564654366428, 19.69301221956539], [73.56470014279519, 19.69295475518642], [73.56474543829947, 19.69295475518642], [73.56482173224478, 19.692983487375905], [73.56500819574673, 19.692983487375905], [73.56500819574673, 19.69291791972276], [73.56511639785275, 19.692816047831087], [73.56505683926575, 19.692771526667677]]]}}, {"type": "Feature", "properties": {"id": 47, "area_m2": 1090.5, "perimeter_m": 159.1, "landuse": "Residential", "building_count": 1, "building_ids": [47], "has_unrecorded_building": true, "road_connected": false, "road_distance_m": 226.8, "gps_lat": 19.693152, "gps_lon": 73.558821}, "geometry": {"type": "Polygon", "coordinates": [[[73.55864903081577, 19.693030116373038], [73.55864903081577, 19.693285175365492], [73.55879496672063, 19.693285175365492], [73.55881022550969, 19.693299541460235], [73.55889607331844, 19.693299541460235], [73.5589113321075, 19.693285175365492], [73.55894184968562, 19.693285175365492], [73.55905745384163, 19.693176334470515], [73.55898097406704, 19.693140331754858], [73.55898097406704, 19.693005619211426], [73.5588373825527, 19.693073214657264], [73.55882838617642, 19.693073214657264], [73.55882838617642, 19.692926821602512], [73.55871867277531, 19.693030116373038], [73.55864903081577, 19.693030116373038]]]}}, {"type": "Feature", "properties": {"id": 48, "area_m2": 511.7, "perimeter_m": 92.0, "landuse": "Residential", "building_count": 1, "building_ids": [48], "has_unrecorded_building": true, "road_connected": true, "road_distance_m": 99.3, "gps_lat": 19.693241, "gps_lon": 73.554112}, "geometry": {"type": "Polygon", "coordinates": [[[73.55403422453313, 19.69332827364972], [73.55404948332219, 19.69332827364972], [73.55409240722656, 19.69336868635052], [73.55413533113094, 19.69332827364972], [73.55422023187954, 19.69332827364972], [73.55422023187954, 19.693262705996574], [73.5542354906686, 19.69324833990183], [73.5542354906686, 19.693145045130976], [73.55408000090031, 19.693145045130976], [73.55406474211125, 19.693159411225718], [73.55404948332219, 19.693159411225718], [73.55403422453313, 19.69317377732046], [73.55397984136265, 19.69317377732046], [73.55397984136265, 19.693277072091316], [73.55403422453313, 19.69332827364972]]]}}, {"type": "Feature", "properties": {"id": 49, "area_m2": 1006.4, "perimeter_m": 164.5, "landuse": "Residential", "building_count": 1, "building_ids": [49], "has_unrecorded_building": true, "road_connected": true, "road_distance_m": 107.9, "gps_lat": 19.693291, "gps_lon": 73.564525}, "geometry": {"type": "Polygon", "coordinates": [[[73.56463708859197, 19.693080068873257], [73.56456443471161, 19.693216875604687], [73.56455708406062, 19.693216875604687], [73.56454182527156, 19.693202509509945], [73.56449604890437, 19.693202509509945], [73.5644348279191, 19.69314487017361], [73.56438808425938, 19.693232888146913], [73.56434055913608, 19.693255260512796], [73.56434055913608, 19.693489032799214], [73.5644348279191, 19.693400279080794], [73.56444236439911, 19.693414470218173], [73.56460856535344, 19.693414470218173], [73.5646467306131, 19.69345040267219], [73.56465436366504, 19.693414470218173], [73.56467540426536, 19.693414470218173], [73.56465787043176, 19.693397962177226], [73.56471493218993, 19.693129344982033], [73.56463708859197, 19.693080068873257]]]}}, {"type": "Feature", "properties": {"id": 50, "area_m2": 579.9, "perimeter_m": 107.7, "landuse": "Residential", "building_count": 1, "building_ids": [50], "has_unrecorded_building": true, "road_connected": true, "road_distance_m": 91.9, "gps_lat": 19.693471, "gps_lon": 73.555164}, "geometry": {"type": "Polygon", "coordinates": [[[73.55511474609375, 19.69361290996114], [73.55515766999812, 19.693572497260337], [73.55520344636531, 19.693572497260337], [73.55521870515437, 19.693558131165595], [73.55528834711392, 19.693558131165595], [73.55528834711392, 19.69341800093108], [73.55524257074673, 19.69341800093108], [73.55524257074673, 19.69328597397107], [73.55513285734563, 19.693389268741594], [73.55508708097844, 19.693389268741594], [73.55503269780796, 19.693440470299997], [73.55503269780796, 19.693535661796677], [73.55511474609375, 19.69361290996114]]]}}, {"type": "Feature", "properties": {"id": 51, "area_m2": 1520.4, "perimeter_m": 262.8, "landuse": "Residential", "building_count": 1, "building_ids": [53], "has_unrecorded_building": true, "road_connected": true, "road_distance_m": 126.0, "gps_lat": 19.693703, "gps_lon": 73.559856}, "geometry": {"type": "Polygon", "coordinates": [[[73.55970188726108, 19.69375983735343], [73.55976994479957, 19.69377585633504], [73.5598251802607, 19.694139884243988], [73.5598569964995, 19.694140232509394], [73.55993176081509, 19.693717890512307], [73.55991177431856, 19.693699073298074], [73.55992826902491, 19.693687426018275], [73.56017406149192, 19.693687426018275], [73.56003383051235, 19.693555399057935], [73.56003383051235, 19.69348983140479], [73.55991050404755, 19.69348983140479], [73.55987998646943, 19.69354729578376], [73.55983974362742, 19.69354729578376], [73.559814453125, 19.693583012158665], [73.55968662847202, 19.693402492485628], [73.55968662847202, 19.693612863436904], [73.55959925769798, 19.693695122704824], [73.55970188726108, 19.693727331159042], [73.55970188726108, 19.69375983735343]]]}}, {"type": "Feature", "properties": {"id": 52, "area_m2": 1370.6, "perimeter_m": 202.8, "landuse": "Residential", "building_count": 1, "building_ids": [55], "has_unrecorded_building": true, "road_connected": true, "road_distance_m": 111.0, "gps_lat": 19.694009, "gps_lon": 73.560459}, "geometry": {"type": "Polygon", "coordinates": [[[73.5604213985388, 19.69422089970088], [73.56045971788713, 19.694112667117086], [73.56078122347978, 19.69407230760332], [73.56065083406062, 19.693949546436542], [73.56058261965383, 19.693949546436542], [73.56056568076407, 19.693925624581325], [73.56066234274192, 19.693834617678604], [73.56039484478585, 19.693834617678604], [73.56036432720772, 19.693906448152315], [73.56034800266988, 19.693906448152315], [73.56015338851984, 19.693998062411687], [73.5602664624564, 19.69405129176295], [73.5602664624564, 19.6941040427658], [73.56032749761265, 19.6941040427658], [73.56032749761265, 19.694241554696777], [73.5604213985388, 19.69422089970088]]]}}, {"type": "Feature", "properties": {"id": 53, "area_m2": 1448.1, "perimeter_m": 223.0, "landuse": "Residential", "building_count": 1, "building_ids": [56], "has_unrecorded_building": true, "road_connected": true, "road_distance_m": 35.9, "gps_lat": 19.694235, "gps_lon": 73.556448}, "geometry": {"type": "Polygon", "coordinates": [[[73.55623154616794, 19.69434831910945], [73.55626200773625, 19.6943769985659], [73.5564988755526, 19.6943769985659], [73.55651577425088, 19.69437169521145], [73.55652140715031, 19.6943769985659], [73.5566400676883, 19.6943769985659], [73.55672787210929, 19.694336062847558], [73.55669505758567, 19.69430516809219], [73.55670741449673, 19.69430516809219], [73.55670741449673, 19.694061743087147], [73.55659770109563, 19.694165037857672], [73.55650779408661, 19.694165037857672], [73.55650534386962, 19.694169651598557], [73.55645448123941, 19.69412176461608], [73.55641624135224, 19.694193770047157], [73.55636881925969, 19.694193770047157], [73.55636463729907, 19.694197707347964], [73.55626473622314, 19.693915537842436], [73.5562381421439, 19.69391960098775], [73.5562381421439, 19.69422299865449], [73.55619623141806, 19.694249304519072], [73.55623154616794, 19.69434831910945]]]}}, {"type": "Feature", "properties": {"id": 54, "area_m2": 940.0, "perimeter_m": 127.1, "landuse": "Residential", "building_count": 1, "building_ids": [58], "has_unrecorded_building": true, "road_connected": true, "road_distance_m": 4.0, "gps_lat": 19.694354, "gps_lon": 73.555765}, "geometry": {"type": "Polygon", "coordinates": [[[73.55585351210385, 19.694543341781213], [73.55585792856964, 19.694535025608065], [73.5558638642781, 19.694535025608065], [73.55591351212877, 19.694267860550674], [73.55580714594204, 19.694217788860524], [73.55580714594204, 19.694155041810802], [73.5556277905814, 19.69421132928536], [73.5556277905814, 19.694352979752534], [73.55565830815952, 19.694367345847276], [73.55565830815952, 19.694509629300953], [73.55585351210385, 19.694543341781213]]]}}, {"type": "Feature", "properties": {"id": 55, "area_m2": 1426.9, "perimeter_m": 215.7, "landuse": "Residential", "building_count": 1, "building_ids": [61], "has_unrecorded_building": true, "road_connected": true, "road_distance_m": 79.7, "gps_lat": 19.694498, "gps_lon": 73.558377}, "geometry": {"type": "Polygon", "coordinates": [[[73.55822178472202, 19.69454997256425], [73.55831144371886, 19.6945710759696], [73.55813988650239, 19.694624916135975], [73.55814420212741, 19.694649954366003], [73.5586182572554, 19.694649954366003], [73.55857829141735, 19.694499443597802], [73.55870051403022, 19.694441907523707], [73.55843991396769, 19.694401015187573], [73.55841223429023, 19.694348894555063], [73.55827685041022, 19.694306406743856], [73.5582585184314, 19.69435818521922], [73.5580938857481, 19.69433235170652], [73.55818626088349, 19.69450629341858], [73.55822178472202, 19.69450629341858], [73.55822178472202, 19.69454997256425]]]}}, {"type": "Feature", "properties": {"id": 56, "area_m2": 746.6, "perimeter_m": 127.1, "landuse": "Residential", "building_count": 1, "building_ids": [62], "has_unrecorded_building": true, "road_connected": true, "road_distance_m": 30.6, "gps_lat": 19.694566, "gps_lon": 73.556621}, "geometry": {"type": "Polygon", "coordinates": [[[73.55660725495906, 19.694678686555488], [73.5566177368164, 19.694668817924693], [73.55665588378906, 19.694704733161547], [73.55669880769344, 19.694664320460745], [73.55676844965298, 19.694664320460745], [73.55676844965298, 19.694509824131487], [73.55670741449673, 19.694509824131487], [73.55670741449673, 19.694363431076734], [73.55659770109563, 19.69446672584726], [73.5565671835175, 19.69446672584726], [73.55655192472844, 19.694481091942002], [73.5564822827689, 19.694481091942002], [73.5564822827689, 19.694546659595147], [73.55646702397983, 19.69456102568989], [73.55646702397983, 19.694678686555488], [73.55660725495906, 19.694678686555488]]]}}, {"type": "Feature", "properties": {"id": 57, "area_m2": 1515.9, "perimeter_m": 186.8, "landuse": "Residential", "building_count": 1, "building_ids": [63], "has_unrecorded_building": true, "road_connected": true, "road_distance_m": 4.0, "gps_lat": 19.694427, "gps_lon": 73.556069}, "geometry": {"type": "Polygon", "coordinates": [[[73.55628167407924, 19.69448886646209], [73.55626991587432, 19.69446672584726], [73.55618522410646, 19.69446672584726], [73.55616772398017, 19.69441729693034], [73.55623391968442, 19.694354973914095], [73.556226599105, 19.694334448661202], [73.55612758051235, 19.694278513272984], [73.55612758051235, 19.694169272885546], [73.55603602777798, 19.694212371169773], [73.55603602777798, 19.694193770047157], [73.55593586824031, 19.694193770047157], [73.55592855929896, 19.694186888705296], [73.55586267999259, 19.694541398486262], [73.55586474199804, 19.694545281227608], [73.55601688600164, 19.694571557088665], [73.556020559181, 19.69457237000559], [73.556024129148, 19.69457352044127], [73.55602756100748, 19.694574997150593], [73.5560308212142, 19.694576785699237], [73.5561380212142, 19.694642485699237], [73.55614128727002, 19.694644727839147], [73.55614428314206, 19.6946472826175], [73.55614697522597, 19.694650121377666], [73.55614933332501, 19.694653212277647], [73.55615400298672, 19.69466007271195], [73.55619321466786, 19.694623155055908], [73.55626140130417, 19.694661673538864], [73.55629856113823, 19.69453621396519], [73.55628167407924, 19.69448886646209]]]}}, {"type": "Feature", "properties": {"id": 58, "area_m2": 495.5, "perimeter_m": 105.9, "landuse": "Residential", "building_count": 1, "building_ids": [78], "has_unrecorded_building": true, "road_connected": true, "road_distance_m": 4.0, "gps_lat": 19.695488, "gps_lon": 73.556624}, "geometry": {"type": "Polygon", "coordinates": [[[73.55658072841351, 19.69563745736048], [73.55660725495906, 19.695612482713734], [73.55672267328579, 19.695612482713734], [73.55672267328579, 19.695472352479218], [73.55669215570767, 19.695472352479218], [73.55669215570767, 19.69546608965865], [73.5566768969186, 19.69545172356391], [73.5566768969186, 19.69529722723498], [73.5565671835175, 19.695400522005507], [73.55650079496243, 19.695400522005507], [73.55658072841351, 19.69563745736048]]]}}, {"type": "Feature", "properties": {"id": 59, "area_m2": 8100.0, "perimeter_m": 360.0, "landuse": "Vacant / Unclassified", "building_count": 0, "building_ids": [], "has_unrecorded_building": false, "road_connected": false, "road_distance_m": 461.6, "gps_lat": 19.689547, "gps_lon": 73.553896}, "geometry": {"type": "Polygon", "coordinates": [[[73.5543255189757, 19.689950806144523], [73.5543255189757, 19.689142322388815], [73.553466796875, 19.689142322388815], [73.553466796875, 19.689950806144523], [73.5543255189757, 19.689950806144523]]]}}, {"type": "Feature", "properties": {"id": 60, "area_m2": 8100.0, "perimeter_m": 360.0, "landuse": "Vacant / Unclassified", "building_count": 0, "building_ids": [], "has_unrecorded_building": false, "road_connected": false, "road_distance_m": 373.2, "gps_lat": 19.690355, "gps_lon": 73.553896}, "geometry": {"type": "Polygon", "coordinates": [[[73.5543255189757, 19.690759289900228], [73.5543255189757, 19.689950806144523], [73.553466796875, 19.689950806144523], [73.553466796875, 19.690759289900228], [73.5543255189757, 19.690759289900228]]]}}, {"type": "Feature", "properties": {"id": 61, "area_m2": 8100.0, "perimeter_m": 360.0, "landuse": "Vacant / Unclassified", "building_count": 0, "building_ids": [], "has_unrecorded_building": false, "road_connected": false, "road_distance_m": 284.7, "gps_lat": 19.691164, "gps_lon": 73.553896}, "geometry": {"type": "Polygon", "coordinates": [[[73.5543255189757, 19.691567773655937], [73.5543255189757, 19.690759289900228], [73.553466796875, 19.690759289900228], [73.553466796875, 19.691567773655937], [73.5543255189757, 19.691567773655937]]]}}, {"type": "Feature", "properties": {"id": 62, "area_m2": 7743.6, "perimeter_m": 434.6, "landuse": "Vacant / Unclassified", "building_count": 0, "building_ids": [], "has_unrecorded_building": false, "road_connected": true, "road_distance_m": 196.1, "gps_lat": 19.691957, "gps_lon": 73.553908}, "geometry": {"type": "Polygon", "coordinates": [[[73.5543255189757, 19.692376257411645], [73.5543255189757, 19.691567773655937], [73.553466796875, 19.691567773655937], [73.553466796875, 19.692376257411645], [73.55348674741097, 19.692376257411645], [73.55350681890171, 19.69235263586668], [73.55350681890171, 19.69211893729218], [73.55367080473759, 19.692376257411645], [73.55374224565952, 19.692376257411645], [73.55382816915362, 19.692214464093492], [73.55385388562739, 19.692222027342535], [73.55383048366072, 19.692376257411645], [73.5543255189757, 19.692376257411645]]]}}, {"type": "Feature", "properties": {"id": 63, "area_m2": 6747.8, "perimeter_m": 378.8, "landuse": "Vacant / Unclassified", "building_count": 0, "building_ids": [], "has_unrecorded_building": false, "road_connected": true, "road_distance_m": 107.6, "gps_lat": 19.692821, "gps_lon": 73.553942}, "geometry": {"type": "Polygon", "coordinates": [[[73.5543255189757, 19.693184741167354], [73.5543255189757, 19.692376257411645], [73.55383048366072, 19.692376257411645], [73.55378325973227, 19.6926874855171], [73.55362008721129, 19.692672122883234], [73.5535875376897, 19.692764058653967], [73.55346964933781, 19.692653067196837], [73.553466796875, 19.692653067196837], [73.553466796875, 19.693184741167354], [73.55397984136265, 19.693184741167354], [73.55397984136265, 19.69317377732046], [73.55403422453313, 19.69317377732046], [73.55404948332219, 19.693159411225718], [73.55406474211125, 19.693159411225718], [73.55408000090031, 19.693145045130976], [73.5542354906686, 19.693145045130976], [73.5542354906686, 19.693184741167354], [73.5543255189757, 19.693184741167354]]]}}, {"type": "Feature", "properties": {"id": 64, "area_m2": 31.9, "perimeter_m": 26.6, "landuse": "Vacant / Unclassified", "building_count": 0, "building_ids": [], "has_unrecorded_building": false, "road_connected": true, "road_distance_m": 192.5, "gps_lat": 19.692403, "gps_lon": 73.553705}, "geometry": {"type": "Polygon", "coordinates": [[[73.55367080473759, 19.692376257411645], [73.55368885651656, 19.692404583552694], [73.55368247552451, 19.692446637319247], [73.55370934774102, 19.69243820395435], [73.55374224565952, 19.692376257411645], [73.55367080473759, 19.692376257411645]]]}}, {"type": "Feature", "properties": {"id": 65, "area_m2": 7680.8, "perimeter_m": 391.4, "landuse": "Vacant / Unclassified", "building_count": 0, "building_ids": [], "has_unrecorded_building": false, "road_connected": true, "road_distance_m": 19.1, "gps_lat": 19.693607, "gps_lon": 73.553885}, "geometry": {"type": "Polygon", "coordinates": [[[73.5543255189757, 19.69399322492306], [73.5543255189757, 19.693184741167354], [73.5542354906686, 19.693184741167354], [73.5542354906686, 19.69324833990183], [73.55422023187954, 19.693262705996574], [73.55422023187954, 19.69332827364972], [73.55413533113094, 19.69332827364972], [73.55409240722656, 19.69336868635052], [73.55404948332219, 19.69332827364972], [73.55403422453313, 19.69332827364972], [73.55397984136265, 19.693277072091316], [73.55397984136265, 19.693184741167354], [73.553466796875, 19.693184741167354], [73.553466796875, 19.69399322492306], [73.5543255189757, 19.69399322492306]]]}}, {"type": "Feature", "properties": {"id": 66, "area_m2": 2124.7, "perimeter_m": 228.7, "landuse": "Vacant / Unclassified", "building_count": 0, "building_ids": [], "has_unrecorded_building": false, "road_connected": true, "road_distance_m": 4.0, "gps_lat": 19.694104, "gps_lon": 73.553946}, "geometry": {"type": "Polygon", "coordinates": [[[73.5543255189757, 19.69399322492306], [73.553466796875, 19.69399322492306], [73.553466796875, 19.694131146780123], [73.5543255189757, 19.694279451426173], [73.5543255189757, 19.69399322492306]]]}}, {"type": "Feature", "properties": {"id": 67, "area_m2": 8100.0, "perimeter_m": 360.0, "landuse": "Vacant / Unclassified", "building_count": 0, "building_ids": [], "has_unrecorded_building": false, "road_connected": false, "road_distance_m": 478.0, "gps_lat": 19.689547, "gps_lon": 73.554755}, "geometry": {"type": "Polygon", "coordinates": [[[73.5543255189757, 19.689950806144523], [73.5551842410764, 19.689950806144523], [73.5551842410764, 19.689142322388815], [73.5543255189757, 19.689142322388815], [73.5543255189757, 19.689950806144523]]]}}, {"type": "Feature", "properties": {"id": 68, "area_m2": 8100.0, "perimeter_m": 360.0, "landuse": "Vacant / Unclassified", "building_count": 0, "building_ids": [], "has_unrecorded_building": false, "road_connected": false, "road_distance_m": 389.4, "gps_lat": 19.690355, "gps_lon": 73.554755}, "geometry": {"type": "Polygon", "coordinates": [[[73.5543255189757, 19.689950806144523], [73.5543255189757, 19.690759289900228], [73.5551842410764, 19.690759289900228], [73.5551842410764, 19.689950806144523], [73.5543255189757, 19.689950806144523]]]}}, {"type": "Feature", "properties": {"id": 69, "area_m2": 8100.0, "perimeter_m": 360.0, "landuse": "Vacant / Unclassified", "building_count": 0, "building_ids": [], "has_unrecorded_building": false, "road_connected": false, "road_distance_m": 300.9, "gps_lat": 19.691164, "gps_lon": 73.554755}, "geometry": {"type": "Polygon", "coordinates": [[[73.5543255189757, 19.690759289900228], [73.5543255189757, 19.691567773655937], [73.5551842410764, 19.691567773655937], [73.5551842410764, 19.690759289900228], [73.5543255189757, 19.690759289900228]]]}}, {"type": "Feature", "properties": {"id": 70, "area_m2": 7655.5, "perimeter_m": 409.8, "landuse": "Vacant / Unclassified", "building_count": 0, "building_ids": [], "has_unrecorded_building": false, "road_connected": false, "road_distance_m": 212.4, "gps_lat": 19.691953, "gps_lon": 73.554746}, "geometry": {"type": "Polygon", "coordinates": [[[73.5551842410764, 19.691567773655937], [73.5543255189757, 19.691567773655937], [73.5543255189757, 19.692376257411645], [73.5547732983939, 19.692376257411645], [73.5547732983939, 19.69208074086075], [73.55479989247314, 19.692076677715434], [73.55489349365234, 19.692341053230994], [73.55489876026854, 19.69232617773067], [73.5551842410764, 19.69232617773067], [73.5551842410764, 19.691567773655937]]]}}, {"type": "Feature", "properties": {"id": 71, "area_m2": 7127.1, "perimeter_m": 414.7, "landuse": "Vacant / Unclassified", "building_count": 0, "building_ids": [], "has_unrecorded_building": false, "road_connected": true, "road_distance_m": 123.9, "gps_lat": 19.692821, "gps_lon": 73.554727}, "geometry": {"type": "Polygon", "coordinates": [[[73.5543255189757, 19.692376257411645], [73.5543255189757, 19.693184741167354], [73.5551842410764, 19.693184741167354], [73.5551842410764, 19.692395223977858], [73.55511631847389, 19.692416540272767], [73.55515101801235, 19.692449209762785], [73.55515101801235, 19.692566870628383], [73.55510471438039, 19.692566870628383], [73.55504883289461, 19.692645788953666], [73.55499552824406, 19.692595602817867], [73.55492927784667, 19.692595602817867], [73.55492419158364, 19.692581236723125], [73.55480720753417, 19.692581236723125], [73.55478547428827, 19.692519851405798], [73.55471203060989, 19.692485277926945], [73.5547732983939, 19.69239875283119], [73.5547732983939, 19.692376257411645], [73.5543255189757, 19.692376257411645]]]}}, {"type": "Feature", "properties": {"id": 72, "area_m2": 7766.0, "perimeter_m": 386.6, "landuse": "Vacant / Unclassified", "building_count": 0, "building_ids": [], "has_unrecorded_building": false, "road_connected": true, "road_distance_m": 35.3, "gps_lat": 19.693593, "gps_lon": 73.554739}, "geometry": {"type": "Polygon", "coordinates": [[[73.5551842410764, 19.693184741167354], [73.5543255189757, 19.693184741167354], [73.5543255189757, 19.69399322492306], [73.5551842410764, 19.69399322492306], [73.5551842410764, 19.693572497260337], [73.55515766999812, 19.693572497260337], [73.55511474609375, 19.69361290996114], [73.55503269780796, 19.693535661796677], [73.55503269780796, 19.693440470299997], [73.55508708097844, 19.693389268741594], [73.55513285734563, 19.693389268741594], [73.5551842410764, 19.693340891144814], [73.5551842410764, 19.693184741167354]]]}}, {"type": "Feature", "properties": {"id": 73, "area_m2": 3610.5, "perimeter_m": 261.7, "landuse": "Vacant / Unclassified", "building_count": 0, "building_ids": [], "has_unrecorded_building": false, "road_connected": true, "road_distance_m": 4.0, "gps_lat": 19.694176, "gps_lon": 73.554784}, "geometry": {"type": "Polygon", "coordinates": [[[73.5551842410764, 19.69399322492306], [73.5543255189757, 19.69399322492306], [73.5543255189757, 19.694279451426173], [73.5551842410764, 19.694427756072223], [73.5551842410764, 19.69399322492306]]]}}, {"type": "Feature", "properties": {"id": 74, "area_m2": 7775.4, "perimeter_m": 392.1, "landuse": "Vacant / Unclassified", "building_count": 0, "building_ids": [], "has_unrecorded_building": false, "road_connected": false, "road_distance_m": 494.2, "gps_lat": 19.689554, "gps_lon": 73.555599}, "geometry": {"type": "Polygon", "coordinates": [[[73.5560429631771, 19.689142322388815], [73.5551842410764, 19.689142322388815], [73.5551842410764, 19.689950806144523], [73.5560429631771, 19.689950806144523], [73.5560429631771, 19.689478160258805], [73.55601786711125, 19.689478160258805], [73.55600260832219, 19.689463794164062], [73.55597209074406, 19.689463794164062], [73.55594157316594, 19.689435061974578], [73.5558719312064, 19.689435061974578], [73.5558719312064, 19.68929493174006], [73.55597209074406, 19.68929493174006], [73.55598734953313, 19.68928056564532], [73.5560429631771, 19.68928056564532], [73.5560429631771, 19.689142322388815]]]}}, {"type": "Feature", "properties": {"id": 75, "area_m2": 8100.0, "perimeter_m": 360.0, "landuse": "Vacant / Unclassified", "building_count": 0, "building_ids": [], "has_unrecorded_building": false, "road_connected": false, "road_distance_m": 405.7, "gps_lat": 19.690355, "gps_lon": 73.555614}, "geometry": {"type": "Polygon", "coordinates": [[[73.5551842410764, 19.689950806144523], [73.5551842410764, 19.690759289900228], [73.5560429631771, 19.690759289900228], [73.5560429631771, 19.689950806144523], [73.5551842410764, 19.689950806144523]]]}}, {"type": "Feature", "properties": {"id": 76, "area_m2": 7859.0, "perimeter_m": 407.4, "landuse": "Vacant / Unclassified", "building_count": 0, "building_ids": [], "has_unrecorded_building": false, "road_connected": false, "road_distance_m": 317.1, "gps_lat": 19.691163, "gps_lon": 73.555603}, "geometry": {"type": "Polygon", "coordinates": [[[73.5560429631771, 19.690759289900228], [73.5551842410764, 19.690759289900228], [73.5551842410764, 19.691567773655937], [73.5560429631771, 19.691567773655937], [73.5560429631771, 19.69125744434813], [73.55576880739065, 19.691205821011753], [73.55599597914718, 19.691133791867067], [73.5560429631771, 19.691133791867067], [73.5560429631771, 19.691044064585707], [73.55603977788608, 19.691044064585707], [73.55603977788608, 19.690978496932562], [73.55602451909702, 19.69096413083782], [73.55602451909702, 19.690883305435882], [73.5560429631771, 19.690865940401167], [73.5560429631771, 19.690759289900228]]]}}, {"type": "Feature", "properties": {"id": 77, "area_m2": 8030.4, "perimeter_m": 374.0, "landuse": "Vacant / Unclassified", "building_count": 0, "building_ids": [], "has_unrecorded_building": false, "road_connected": false, "road_distance_m": 229.8, "gps_lat": 19.691969, "gps_lon": 73.555617}, "geometry": {"type": "Polygon", "coordinates": [[[73.5560429631771, 19.692376257411645], [73.5560429631771, 19.691567773655937], [73.5551842410764, 19.691567773655937], [73.5551842410764, 19.69232617773067], [73.55532015334134, 19.69232617773067], [73.55532446896636, 19.6923512159607], [73.55524467646366, 19.692376257411645], [73.5560429631771, 19.692376257411645]]]}}, {"type": "Feature", "properties": {"id": 78, "area_m2": 7486.6, "perimeter_m": 466.7, "landuse": "Vacant / Unclassified", "building_count": 0, "building_ids": [], "has_unrecorded_building": false, "road_connected": true, "road_distance_m": 140.1, "gps_lat": 19.69279, "gps_lon": 73.555588}, "geometry": {"type": "Polygon", "coordinates": [[[73.5551842410764, 19.693184741167354], [73.5560429631771, 19.693184741167354], [73.5560429631771, 19.692376257411645], [73.55524467646366, 19.692376257411645], [73.5551842410764, 19.692395223977858], [73.5551842410764, 19.693184741167354]], [[73.55600551019985, 19.692599133530774], [73.55603602777798, 19.692599133530774], [73.55603602777798, 19.692731160491117], [73.55595112702937, 19.692811094238998], [73.55584141362827, 19.692811094238998], [73.55584141362827, 19.692731160491114], [73.55582615483921, 19.69271679439637], [73.55582615483921, 19.692592870710207], [73.55597499262173, 19.69245274047602], [73.55597499262173, 19.69257040134129], [73.55600551019985, 19.69257040134129], [73.55600551019985, 19.692599133530774]]]}}, {"type": "Feature", "properties": {"id": 79, "area_m2": 7854.1, "perimeter_m": 389.5, "landuse": "Vacant / Unclassified", "building_count": 0, "building_ids": [], "has_unrecorded_building": false, "road_connected": true, "road_distance_m": 51.6, "gps_lat": 19.693593, "gps_lon": 73.555626}, "geometry": {"type": "Polygon", "coordinates": [[[73.5551842410764, 19.69399322492306], [73.5560429631771, 19.69399322492306], [73.5560429631771, 19.693184741167354], [73.5551842410764, 19.693184741167354], [73.5551842410764, 19.693340891144814], [73.55524257074673, 19.69328597397107], [73.55524257074673, 19.69341800093108], [73.55528834711392, 19.69341800093108], [73.55528834711392, 19.693558131165595], [73.55521870515437, 19.693558131165595], [73.55520344636531, 19.693572497260337], [73.5551842410764, 19.693572497260337], [73.5551842410764, 19.69399322492306]]]}}, {"type": "Feature", "properties": {"id": 80, "area_m2": 3517.1, "perimeter_m": 417.0, "landuse": "Vacant / Unclassified", "building_count": 0, "building_ids": [], "has_unrecorded_building": false, "road_connected": true, "road_distance_m": 4.0, "gps_lat": 19.694196, "gps_lon": 73.555539}, "geometry": {"type": "Polygon", "coordinates": [[[73.5560429631771, 19.69399322492306], [73.5551842410764, 19.69399322492306], [73.5551842410764, 19.694427756072223], [73.55586474199804, 19.694545281227608], [73.55586267999259, 19.694541398486262], [73.55592855929896, 19.694186888705296], [73.55593586824031, 19.694193770047157], [73.55603602777798, 19.694193770047157], [73.55603602777798, 19.694212371169773], [73.5560429631771, 19.694209106343166], [73.5560429631771, 19.69399322492306]], [[73.55580714594204, 19.694217788860524], [73.55591351212877, 19.694267860550674], [73.5558638642781, 19.694535025608065], [73.55585792856964, 19.694535025608065], [73.55585351210385, 19.694543341781213], [73.55565830815952, 19.694509629300953], [73.55565830815952, 19.694367345847276], [73.5556277905814, 19.694352979752534], [73.5556277905814, 19.69421132928536], [73.55580714594204, 19.694155041810802], [73.55580714594204, 19.694217788860524]]]}}, {"type": "Feature", "properties": {"id": 81, "area_m2": 7291.5, "perimeter_m": 473.1, "landuse": "Vacant / Unclassified", "building_count": 0, "building_ids": [], "has_unrecorded_building": false, "road_connected": false, "road_distance_m": 510.4, "gps_lat": 19.689547, "gps_lon": 73.556475}, "geometry": {"type": "Polygon", "coordinates": [[[73.55690168527781, 19.689142322388815], [73.5560429631771, 19.689142322388815], [73.5560429631771, 19.68928056564532], [73.55609706293423, 19.68928056564532], [73.55609706293423, 19.689323663929546], [73.55610371492, 19.689323663929546], [73.55612738704511, 19.689345951149757], [73.55646887814605, 19.689453122028777], [73.55646456252103, 19.689478160258805], [73.5560429631771, 19.689478160258805], [73.5560429631771, 19.689950806144523], [73.55677928213922, 19.689950806144523], [73.55669300393777, 19.689869575529748], [73.55684348744599, 19.689869575529748], [73.55685874623505, 19.689840843340264], [73.55690168527781, 19.689840843340264], [73.55690168527781, 19.689607455111485], [73.55673878030495, 19.689607455111485], [73.55690168527781, 19.68945408066844], [73.55690168527781, 19.689142322388815]]]}}, {"type": "Feature", "properties": {"id": 82, "area_m2": 7810.8, "perimeter_m": 367.3, "landuse": "Vacant / Unclassified", "building_count": 0, "building_ids": [], "has_unrecorded_building": false, "road_connected": false, "road_distance_m": 421.9, "gps_lat": 19.690365, "gps_lon": 73.556458}, "geometry": {"type": "Polygon", "coordinates": [[[73.5560429631771, 19.689950806144523], [73.5560429631771, 19.690759289900228], [73.55690168527781, 19.690759289900228], [73.55690168527781, 19.690192215715278], [73.55685120975504, 19.690239738237505], [73.5567795751194, 19.690104850736542], [73.55681972488438, 19.690029249019396], [73.55684267949346, 19.69001844317866], [73.55684499958053, 19.690009705764265], [73.55684184172063, 19.690009705764265], [73.55677928213922, 19.689950806144523], [73.5560429631771, 19.689950806144523]]]}}, {"type": "Feature", "properties": {"id": 83, "area_m2": 5940.1, "perimeter_m": 535.8, "landuse": "Vacant / Unclassified", "building_count": 0, "building_ids": [], "has_unrecorded_building": false, "road_connected": false, "road_distance_m": 333.4, "gps_lat": 19.691144, "gps_lon": 73.556513}, "geometry": {"type": "Polygon", "coordinates": [[[73.55690168527781, 19.690759289900228], [73.5560429631771, 19.690759289900228], [73.5560429631771, 19.690865940401167], [73.5560789022675, 19.69083210387748], [73.55621913324673, 19.69083210387748], [73.55621913324673, 19.691029698490965], [73.55616475007625, 19.691029698490965], [73.55614949128719, 19.691044064585707], [73.5560429631771, 19.691044064585707], [73.5560429631771, 19.691133791867067], [73.55606707188183, 19.691133791867067], [73.55607220609367, 19.691109622657645], [73.55631886223986, 19.691031415615036], [73.55637603039646, 19.691165974647], [73.55636410118113, 19.691199668586368], [73.55640795471457, 19.691254719177305], [73.55638970287013, 19.69132345535948], [73.55641993199218, 19.691408837186856], [73.55627163362588, 19.69145537797878], [73.55620408864587, 19.691391784624273], [73.55621500865514, 19.691309535430168], [73.55611118188477, 19.691374703782817], [73.5560497156142, 19.6912589632397], [73.55604979773499, 19.691258731290432], [73.5560429631771, 19.69125744434813], [73.5560429631771, 19.691567773655937], [73.55668023238812, 19.691567773655937], [73.55669213601276, 19.69154162347697], [73.55676852294381, 19.69155600708086], [73.55680028285157, 19.691466301565825], [73.55673491173657, 19.691445786009673], [73.55687511513437, 19.691247784521373], [73.55679518905563, 19.69117253440717], [73.55690168527781, 19.691105690535036], [73.55690168527781, 19.690759289900228]]]}}, {"type": "Feature", "properties": {"id": 84, "area_m2": 5492.1, "perimeter_m": 554.2, "landuse": "Vacant / Unclassified", "building_count": 0, "building_ids": [], "has_unrecorded_building": false, "road_connected": false, "road_distance_m": 244.9, "gps_lat": 19.691932, "gps_lon": 73.556387}, "geometry": {"type": "Polygon", "coordinates": [[[73.55690168527781, 19.691799830329217], [73.55662127696777, 19.691727865216645], [73.55661614904602, 19.691708553537445], [73.55668023238812, 19.691567773655937], [73.5560429631771, 19.691567773655937], [73.5560429631771, 19.692376257411645], [73.55673755532435, 19.692376257411645], [73.55671690125467, 19.692220691556138], [73.5566848116082, 19.692210620794086], [73.55668338647462, 19.692207937277864], [73.55661005693561, 19.692253963608465], [73.55657734023457, 19.692067268380242], [73.55660774464354, 19.691981391456856], [73.55662986439911, 19.691981391456856], [73.55666810428629, 19.69190938602578], [73.55672932527156, 19.691967025362114], [73.55678318117727, 19.691967025362114], [73.55681369875539, 19.69201012364634], [73.55687526117642, 19.69201012364634], [73.55687526117642, 19.692055930775975], [73.55690168527781, 19.692074589422933], [73.55690168527781, 19.691799830329217]], [[73.55647853266079, 19.692265182638796], [73.55647853266079, 19.692337013112507], [73.55640889070125, 19.692337013112507], [73.55639363191219, 19.69235137920725], [73.5561894638987, 19.69235137920725], [73.55629917730015, 19.692248084436393], [73.55629917730015, 19.692153784593764], [73.55632969487827, 19.692153784593764], [73.55632969487827, 19.692053221930568], [73.55639933683781, 19.692053221930568], [73.55644226074219, 19.692012809229766], [73.55648518464656, 19.692053221930568], [73.55653956781704, 19.692053221930568], [73.55653956781704, 19.692265182638796], [73.55647853266079, 19.692265182638796]]]}}, {"type": "Feature", "properties": {"id": 85, "area_m2": 7993.9, "perimeter_m": 392.8, "landuse": "Vacant / Unclassified", "building_count": 0, "building_ids": [], "has_unrecorded_building": false, "road_connected": true, "road_distance_m": 156.3, "gps_lat": 19.692785, "gps_lon": 73.556468}, "geometry": {"type": "Polygon", "coordinates": [[[73.5560429631771, 19.692376257411645], [73.5560429631771, 19.693184741167354], [73.55690168527781, 19.693184741167354], [73.55690168527781, 19.692376257411645], [73.55685907832635, 19.692376257411645], [73.55684590092692, 19.692399022058616], [73.55683381131757, 19.692376257411645], [73.55683254399936, 19.692376257411645], [73.55679075541438, 19.692494288816714], [73.55676022791071, 19.692547026676486], [73.55673755532435, 19.692376257411645], [73.5560429631771, 19.692376257411645]]]}}, {"type": "Feature", "properties": {"id": 86, "area_m2": 8064.1, "perimeter_m": 374.5, "landuse": "Vacant / Unclassified", "building_count": 0, "building_ids": [], "has_unrecorded_building": false, "road_connected": true, "road_distance_m": 67.8, "gps_lat": 19.693587, "gps_lon": 73.556473}, "geometry": {"type": "Polygon", "coordinates": [[[73.55690168527781, 19.69399322492306], [73.55690168527781, 19.693184741167354], [73.5560429631771, 19.693184741167354], [73.5560429631771, 19.69399322492306], [73.5562381421439, 19.69399322492306], [73.5562381421439, 19.69391960098775], [73.55626473622314, 19.693915537842436], [73.55629224104838, 19.69399322492306], [73.55690168527781, 19.69399322492306]]]}}, {"type": "Feature", "properties": {"id": 87, "area_m2": 4748.9, "perimeter_m": 715.2, "landuse": "Vacant / Unclassified", "building_count": 0, "building_ids": [], "has_unrecorded_building": false, "road_connected": true, "road_distance_m": 4.0, "gps_lat": 19.694386, "gps_lon": 73.556539}, "geometry": {"type": "Polygon", "coordinates": [[[73.55690168527781, 19.694801708678767], [73.55690168527781, 19.69399322492306], [73.55629224104838, 19.69399322492306], [73.55636463729907, 19.694197707347964], [73.55636881925969, 19.694193770047157], [73.55641624135224, 19.694193770047157], [73.55645448123941, 19.69412176461608], [73.55650534386962, 19.694169651598557], [73.55650779408661, 19.694165037857672], [73.55659770109563, 19.694165037857672], [73.55670741449673, 19.694061743087147], [73.55670741449673, 19.69430516809219], [73.55669505758567, 19.69430516809219], [73.55672787210929, 19.694336062847558], [73.5566400676883, 19.6943769985659], [73.55652140715031, 19.6943769985659], [73.55651577425088, 19.69437169521145], [73.5564988755526, 19.6943769985659], [73.55626200773625, 19.6943769985659], [73.55623154616794, 19.69434831910945], [73.55619623141806, 19.694249304519072], [73.5562381421439, 19.69422299865449], [73.5562381421439, 19.69399322492306], [73.5560429631771, 19.69399322492306], [73.5560429631771, 19.694209106343166], [73.55612758051235, 19.694169272885546], [73.55612758051235, 19.694278513272984], [73.556226599105, 19.694334448661202], [73.55623391968442, 19.694354973914095], [73.55616772398017, 19.69441729693034], [73.55618522410646, 19.69446672584726], [73.55626991587432, 19.69446672584726], [73.55628167407924, 19.69448886646209], [73.55629856113823, 19.69453621396519], [73.55626140130417, 19.694661673538864], [73.55619321466786, 19.694623155055908], [73.55615400298672, 19.69466007271195], [73.55614933332501, 19.694653212277647], [73.55623523332501, 19.694779412277647], [73.55623571156795, 19.69478019717857], [73.55623622911403, 19.69478095965955], [73.55624883442528, 19.694801708678767], [73.55690168527781, 19.694801708678767]], [[73.55676844965298, 19.694664320460745], [73.55669880769344, 19.694664320460745], [73.55665588378906, 19.694704733161547], [73.5566177368164, 19.694668817924693], [73.55660725495906, 19.694678686555488], [73.55646702397983, 19.694678686555488], [73.55646702397983, 19.69456102568989], [73.5564822827689, 19.694546659595147], [73.5564822827689, 19.694481091942002], [73.55655192472844, 19.694481091942002], [73.5565671835175, 19.69446672584726], [73.55659770109563, 19.69446672584726], [73.55670741449673, 19.694363431076734], [73.55670741449673, 19.694509824131487], [73.55676844965298, 19.694509824131487], [73.55676844965298, 19.694664320460745]]]}}, {"type": "Feature", "properties": {"id": 88, "area_m2": 3947.1, "perimeter_m": 307.8, "landuse": "Vacant / Unclassified", "building_count": 0, "building_ids": [], "has_unrecorded_building": false, "road_connected": true, "road_distance_m": 4.0, "gps_lat": 19.695121, "gps_lon": 73.55666}, "geometry": {"type": "Polygon", "coordinates": [[[73.55690168527781, 19.694801708678767], [73.55624883442528, 19.694801708678767], [73.55635912911403, 19.694983259659548], [73.55636094804673, 19.69498665995512], [73.55636237464586, 19.694990222357447], [73.55650079496243, 19.695400522005507], [73.5565671835175, 19.695400522005507], [73.5566768969186, 19.69529722723498], [73.5566768969186, 19.69545172356391], [73.55669215570767, 19.69546608965865], [73.55669215570767, 19.695472352479218], [73.55672267328579, 19.695472352479218], [73.55672267328579, 19.695610192434476], [73.55680533348598, 19.695610192434476], [73.55690168527781, 19.695572787098023], [73.55690168527781, 19.694801708678767]]]}}, {"type": "Feature", "properties": {"id": 89, "area_m2": 109.5, "perimeter_m": 55.1, "landuse": "Vacant / Unclassified", "building_count": 0, "building_ids": [], "has_unrecorded_building": false, "road_connected": true, "road_distance_m": 4.0, "gps_lat": 19.695642, "gps_lon": 73.556663}, "geometry": {"type": "Polygon", "coordinates": [[[73.55672267328579, 19.695610192434476], [73.55672267328579, 19.695612482713734], [73.55660725495906, 19.695612482713734], [73.55658072841351, 19.69563745736048], [73.55658471730898, 19.695649281075735], [73.55661026724607, 19.6956983642675], [73.5567522586251, 19.695631018741977], [73.55675750235471, 19.695628761259446], [73.55680533348598, 19.695610192434476], [73.55672267328579, 19.695610192434476]]]}}, {"type": "Feature", "properties": {"id": 90, "area_m2": 7372.7, "perimeter_m": 407.3, "landuse": "Vacant / Unclassified", "building_count": 0, "building_ids": [], "has_unrecorded_building": false, "road_connected": false, "road_distance_m": 529.5, "gps_lat": 19.689537, "gps_lon": 73.557353}, "geometry": {"type": "Polygon", "coordinates": [[[73.55776040737851, 19.689142322388815], [73.55690168527781, 19.689142322388815], [73.55690168527781, 19.68945408066844], [73.55690287687688, 19.689452958782226], [73.55691813566594, 19.689452958782226], [73.55694865324406, 19.68942422659274], [73.55704975984187, 19.68942422659274], [73.55706501863094, 19.689438592687484], [73.55711940180142, 19.689438592687484], [73.55711940180142, 19.68963618730097], [73.55697135491602, 19.68963618730097], [73.55692557854883, 19.689607455111485], [73.55690168527781, 19.689607455111485], [73.55690168527781, 19.689840843340264], [73.55698207269985, 19.689840843340264], [73.55698207269985, 19.6899030052135], [73.55704299817778, 19.689950806144523], [73.5576405732848, 19.689950806144523], [73.55768772710483, 19.68990641099341], [73.55768772710483, 19.689840843340264], [73.55776040737851, 19.689840843340264], [73.55776040737851, 19.689142322388815]]]}}, {"type": "Feature", "properties": {"id": 91, "area_m2": 7436.6, "perimeter_m": 371.7, "landuse": "Vacant / Unclassified", "building_count": 0, "building_ids": [], "has_unrecorded_building": false, "road_connected": false, "road_distance_m": 438.4, "gps_lat": 19.690379, "gps_lon": 73.557333}, "geometry": {"type": "Polygon", "coordinates": [[[73.55776040737851, 19.69003843795375], [73.55771159269719, 19.69003843795375], [73.55762954441123, 19.68996118978912], [73.5576405732848, 19.689950806144523], [73.55704299817778, 19.689950806144523], [73.5571057786938, 19.69000006250192], [73.55705836664517, 19.690044700774315], [73.55705836664517, 19.69011026842746], [73.55701759653839, 19.69011026842746], [73.55700842569648, 19.690127537056462], [73.55695136165448, 19.690145445586218], [73.55690168527781, 19.690192215715278], [73.55690168527781, 19.690759289900228], [73.55776040737851, 19.690759289900228], [73.55776040737851, 19.690325759848594], [73.55774211027531, 19.690325759848594], [73.55767246831577, 19.69026019219545], [73.55767246831577, 19.69012816523511], [73.55771824468296, 19.69012816523511], [73.55771824468296, 19.690077437572654], [73.55776040737851, 19.690074006302968], [73.55776040737851, 19.69003843795375]]]}}, {"type": "Feature", "properties": {"id": 92, "area_m2": 6228.0, "perimeter_m": 388.5, "landuse": "Vacant / Unclassified", "building_count": 0, "building_ids": [], "has_unrecorded_building": false, "road_connected": false, "road_distance_m": 359.3, "gps_lat": 19.691117, "gps_lon": 73.557411}, "geometry": {"type": "Polygon", "coordinates": [[[73.55776040737851, 19.691567773655937], [73.55776040737851, 19.690759289900228], [73.55690168527781, 19.690759289900228], [73.55690168527781, 19.691105690535036], [73.55697650489604, 19.691058728934966], [73.5572546420922, 19.691102373129088], [73.55720774117718, 19.691308439324835], [73.55732058112609, 19.691334998925832], [73.55719569574673, 19.691452578059053], [73.55719569574673, 19.691540148974887], [73.55716409747721, 19.691567773655937], [73.55776040737851, 19.691567773655937]]]}}, {"type": "Feature", "properties": {"id": 93, "area_m2": 7047.8, "perimeter_m": 426.8, "landuse": "Vacant / Unclassified", "building_count": 0, "building_ids": [], "has_unrecorded_building": false, "road_connected": false, "road_distance_m": 265.3, "gps_lat": 19.691967, "gps_lon": 73.557373}, "geometry": {"type": "Polygon", "coordinates": [[[73.55776040737851, 19.692376257411645], [73.55776040737851, 19.691567773655937], [73.55716409747721, 19.691567773655937], [73.55698778346147, 19.691721915592357], [73.55713381685956, 19.691859405508747], [73.55690168527781, 19.691799830329217], [73.55690168527781, 19.692074589422933], [73.55692219402304, 19.692089071105062], [73.55696603244738, 19.692171618541135], [73.55693629633267, 19.69219961498565], [73.55693629633267, 19.692242859265722], [73.55690168527781, 19.69230265167382], [73.55690168527781, 19.692376257411645], [73.55692597924146, 19.692376257411645], [73.55701634038608, 19.69229118272062], [73.55701634038608, 19.692276816625878], [73.55707072355656, 19.692225615067475], [73.55708598234563, 19.692225615067475], [73.55712890625, 19.692185202366673], [73.55718708894344, 19.692239981162217], [73.5573359267263, 19.692239981162217], [73.55722621332485, 19.692343275933073], [73.55722621332485, 19.692376257411645], [73.55776040737851, 19.692376257411645]]]}}, {"type": "Feature", "properties": {"id": 94, "area_m2": 7979.1, "perimeter_m": 373.3, "landuse": "Vacant / Unclassified", "building_count": 0, "building_ids": [], "has_unrecorded_building": false, "road_connected": true, "road_distance_m": 183.8, "gps_lat": 19.692786, "gps_lon": 73.557334}, "geometry": {"type": "Polygon", "coordinates": [[[73.55690168527781, 19.692376257411645], [73.55690168527781, 19.693184741167354], [73.55776040737851, 19.693184741167354], [73.55776040737851, 19.692376257411645], [73.55722621332485, 19.692376257411645], [73.55722621332485, 19.69242320968096], [73.55706211675327, 19.69242320968096], [73.55706211675327, 19.692394477491476], [73.55690662698464, 19.692394477491476], [73.55692597924146, 19.692376257411645], [73.55690168527781, 19.692376257411645]]]}}, {"type": "Feature", "properties": {"id": 95, "area_m2": 8100.0, "perimeter_m": 360.0, "landuse": "Vacant / Unclassified", "building_count": 0, "building_ids": [], "has_unrecorded_building": false, "road_connected": true, "road_distance_m": 111.7, "gps_lat": 19.693589, "gps_lon": 73.557331}, "geometry": {"type": "Polygon", "coordinates": [[[73.55690168527781, 19.693184741167354], [73.55690168527781, 19.69399322492306], [73.55776040737851, 19.69399322492306], [73.55776040737851, 19.693184741167354], [73.55690168527781, 19.693184741167354]]]}}, {"type": "Feature", "properties": {"id": 96, "area_m2": 8100.0, "perimeter_m": 360.0, "landuse": "Vacant / Unclassified", "building_count": 0, "building_ids": [], "has_unrecorded_building": false, "road_connected": true, "road_distance_m": 64.3, "gps_lat": 19.694397, "gps_lon": 73.557331}, "geometry": {"type": "Polygon", "coordinates": [[[73.55690168527781, 19.69399322492306], [73.55690168527781, 19.694801708678767], [73.55776040737851, 19.694801708678767], [73.55776040737851, 19.69399322492306], [73.55690168527781, 19.69399322492306]]]}}, {"type": "Feature", "properties": {"id": 97, "area_m2": 6108.6, "perimeter_m": 322.6, "landuse": "Vacant / Unclassified", "building_count": 0, "building_ids": [], "has_unrecorded_building": false, "road_connected": true, "road_distance_m": 37.0, "gps_lat": 19.695113, "gps_lon": 73.557294}, "geometry": {"type": "Polygon", "coordinates": [[[73.55776040737851, 19.694801708678767], [73.55690168527781, 19.694801708678767], [73.55690168527781, 19.695572787098023], [73.55712920235472, 19.695484461259447], [73.5571306177406, 19.69548392729328], [73.5575370177406, 19.695335027293282], [73.55753953063098, 19.695334154081998], [73.55764724854909, 19.695298732017285], [73.55776040737851, 19.695249177801184], [73.55776040737851, 19.694801708678767]]]}}, {"type": "Feature", "properties": {"id": 98, "area_m2": 7905.5, "perimeter_m": 359.1, "landuse": "Vacant / Unclassified", "building_count": 0, "building_ids": [], "has_unrecorded_building": false, "road_connected": false, "road_distance_m": 555.9, "gps_lat": 19.689538, "gps_lon": 73.558198}, "geometry": {"type": "Polygon", "coordinates": [[[73.55861912947921, 19.689950806144523], [73.55861912947921, 19.689142322388815], [73.55776040737851, 19.689142322388815], [73.55776040737851, 19.689840843340264], [73.55779744050594, 19.689840843340264], [73.557812699295, 19.689855209435006], [73.55792811762173, 19.689855209435006], [73.55792811762173, 19.689950806144523], [73.55861912947921, 19.689950806144523]]]}}, {"type": "Feature", "properties": {"id": 99, "area_m2": 6924.7, "perimeter_m": 501.5, "landuse": "Vacant / Unclassified", "building_count": 0, "building_ids": [], "has_unrecorded_building": false, "road_connected": false, "road_distance_m": 465.9, "gps_lat": 19.690387, "gps_lon": 73.558229}, "geometry": {"type": "Polygon", "coordinates": [[[73.55776040737851, 19.690759289900228], [73.55861912947921, 19.690759289900228], [73.55861912947921, 19.689950806144523], [73.55792811762173, 19.689950806144523], [73.55792811762173, 19.689958504205862], [73.55787373445125, 19.690009705764265], [73.55782795808406, 19.690009705764265], [73.557812699295, 19.690024071859007], [73.55779744050594, 19.690024071859007], [73.55778218171687, 19.69003843795375], [73.55776040737851, 19.69003843795375], [73.55776040737851, 19.690074006302968], [73.5577977256131, 19.690070969283507], [73.55782318115234, 19.690094935581676], [73.55783366300969, 19.690085066950882], [73.55790612238123, 19.690085066950882], [73.55791407046334, 19.69015302457136], [73.55793186772983, 19.690136268509285], [73.55793186772983, 19.690085066950882], [73.55796238530796, 19.690085066950882], [73.55796238530796, 19.690056334761397], [73.55811122309048, 19.690056334761397], [73.55811122309048, 19.69014253132985], [73.55826671285911, 19.69014253132985], [73.55815699945767, 19.690245826100707], [73.55815699945767, 19.690351641811404], [73.55802421136133, 19.690268295469625], [73.55792755213851, 19.690268295469625], [73.55791820971771, 19.69018841598704], [73.55792923234597, 19.690282661564368], [73.55787373445125, 19.690282661564368], [73.55782795808406, 19.690325759848594], [73.55776040737851, 19.690325759848594], [73.55776040737851, 19.690759289900228]]]}}, {"type": "Feature", "properties": {"id": 100, "area_m2": 6788.2, "perimeter_m": 410.9, "landuse": "Vacant / Unclassified", "building_count": 0, "building_ids": [], "has_unrecorded_building": false, "road_connected": false, "road_distance_m": 384.9, "gps_lat": 19.691121, "gps_lon": 73.558139}, "geometry": {"type": "Polygon", "coordinates": [[[73.55861912947921, 19.690759289900228], [73.55776040737851, 19.690759289900228], [73.55776040737851, 19.691567773655937], [73.5583746560327, 19.691567773655937], [73.55830093112998, 19.691498361926538], [73.55830394639376, 19.69149552306658], [73.55822628291003, 19.691349283288197], [73.55831386472117, 19.691349283288197], [73.5583181374843, 19.691343249101635], [73.55835413184789, 19.69120769484883], [73.55852790096004, 19.691142253652462], [73.55857588913476, 19.691277795731505], [73.55854561437366, 19.691320551098713], [73.55861912947921, 19.691320551098713], [73.55861912947921, 19.690759289900228]]]}}, {"type": "Feature", "properties": {"id": 101, "area_m2": 106.2, "perimeter_m": 47.5, "landuse": "Vacant / Unclassified", "building_count": 0, "building_ids": [], "has_unrecorded_building": false, "road_connected": false, "road_distance_m": 421.3, "gps_lat": 19.691511, "gps_lon": 73.558583}, "geometry": {"type": "Polygon", "coordinates": [[[73.55861912947921, 19.691567773655937], [73.55861912947921, 19.6914202409739], [73.55858424555142, 19.691436662519862], [73.55858424555142, 19.69144137589592], [73.55851711955813, 19.691567773655937], [73.55861912947921, 19.691567773655937]]]}}, {"type": "Feature", "properties": {"id": 102, "area_m2": 8061.8, "perimeter_m": 368.5, "landuse": "Vacant / Unclassified", "building_count": 0, "building_ids": [], "has_unrecorded_building": false, "road_connected": false, "road_distance_m": 308.2, "gps_lat": 19.691974, "gps_lon": 73.558189}, "geometry": {"type": "Polygon", "coordinates": [[[73.55776040737851, 19.691567773655937], [73.55776040737851, 19.692376257411645], [73.55861912947921, 19.692376257411645], [73.55861912947921, 19.691567773655937], [73.55851711955813, 19.691567773655937], [73.5584899767684, 19.691618883332758], [73.55844116210938, 19.691572924507742], [73.55841064453125, 19.691601656697227], [73.5583746560327, 19.691567773655937], [73.55776040737851, 19.691567773655937]]]}}, {"type": "Feature", "properties": {"id": 103, "area_m2": 8100.0, "perimeter_m": 360.0, "landuse": "Vacant / Unclassified", "building_count": 0, "building_ids": [], "has_unrecorded_building": false, "road_connected": false, "road_distance_m": 238.9, "gps_lat": 19.69278, "gps_lon": 73.55819}, "geometry": {"type": "Polygon", "coordinates": [[[73.55776040737851, 19.692376257411645], [73.55776040737851, 19.693184741167354], [73.55861912947921, 19.693184741167354], [73.55861912947921, 19.692376257411645], [73.55776040737851, 19.692376257411645]]]}}, {"type": "Feature", "properties": {"id": 104, "area_m2": 8100.0, "perimeter_m": 360.0, "landuse": "Vacant / Unclassified", "building_count": 0, "building_ids": [], "has_unrecorded_building": false, "road_connected": true, "road_distance_m": 152.2, "gps_lat": 19.693589, "gps_lon": 73.55819}, "geometry": {"type": "Polygon", "coordinates": [[[73.55776040737851, 19.693184741167354], [73.55776040737851, 19.69399322492306], [73.55861912947921, 19.69399322492306], [73.55861912947921, 19.693184741167354], [73.55776040737851, 19.693184741167354]]]}}, {"type": "Feature", "properties": {"id": 105, "area_m2": 6697.3, "perimeter_m": 551.8, "landuse": "Vacant / Unclassified", "building_count": 0, "building_ids": [], "has_unrecorded_building": false, "road_connected": true, "road_distance_m": 63.0, "gps_lat": 19.694376, "gps_lon": 73.558152}, "geometry": {"type": "Polygon", "coordinates": [[[73.55861912947921, 19.69399322492306], [73.55776040737851, 19.69399322492306], [73.55776040737851, 19.694801708678767], [73.55861912947921, 19.694801708678767], [73.55861912947921, 19.694480219153995], [73.55857829141735, 19.694499443597802], [73.5586182572554, 19.694649954366003], [73.55814420212741, 19.694649954366003], [73.55813988650239, 19.694624916135975], [73.55831144371886, 19.6945710759696], [73.55822178472202, 19.69454997256425], [73.55822178472202, 19.69450629341858], [73.55818626088349, 19.69450629341858], [73.5580938857481, 19.69433235170652], [73.5582585184314, 19.69435818521922], [73.55827685041022, 19.694306406743856], [73.55841223429023, 19.694348894555063], [73.55843991396769, 19.694401015187573], [73.55861912947921, 19.69442913698028], [73.55861912947921, 19.69399322492306]]]}}, {"type": "Feature", "properties": {"id": 106, "area_m2": 2599.3, "perimeter_m": 247.0, "landuse": "Vacant / Unclassified", "building_count": 0, "building_ids": [], "has_unrecorded_building": false, "road_connected": true, "road_distance_m": 36.7, "gps_lat": 19.694954, "gps_lon": 73.558086}, "geometry": {"type": "Polygon", "coordinates": [[[73.55861912947921, 19.694801708678767], [73.55776040737851, 19.694801708678767], [73.55776040737851, 19.695249177801184], [73.55860202927134, 19.694880616961846], [73.55861912947921, 19.694873026982908], [73.55861912947921, 19.694801708678767]]]}}, {"type": "Feature", "properties": {"id": 107, "area_m2": 7798.3, "perimeter_m": 369.9, "landuse": "Vacant / Unclassified", "building_count": 0, "building_ids": [], "has_unrecorded_building": false, "road_connected": false, "road_distance_m": 586.0, "gps_lat": 19.689557, "gps_lon": 73.559034}, "geometry": {"type": "Polygon", "coordinates": [[[73.55861912947921, 19.689950806144523], [73.55947785157991, 19.689950806144523], [73.55947785157991, 19.68939196369035], [73.55945109465031, 19.68939196369035], [73.55942057707219, 19.689363231500867], [73.55935093511265, 19.689363231500867], [73.55935093511265, 19.68924557063527], [73.55936619390171, 19.689231204540526], [73.55936619390171, 19.68920247235104], [73.5594300815206, 19.689142322388815], [73.55861912947921, 19.689142322388815], [73.55861912947921, 19.689950806144523]]]}}, {"type": "Feature", "properties": {"id": 108, "area_m2": 8100.0, "perimeter_m": 360.0, "landuse": "Vacant / Unclassified", "building_count": 0, "building_ids": [], "has_unrecorded_building": false, "road_connected": false, "road_distance_m": 504.2, "gps_lat": 19.690355, "gps_lon": 73.559048}, "geometry": {"type": "Polygon", "coordinates": [[[73.55861912947921, 19.689950806144523], [73.55861912947921, 19.690759289900228], [73.55947785157991, 19.690759289900228], [73.55947785157991, 19.689950806144523], [73.55861912947921, 19.689950806144523]]]}}, {"type": "Feature", "properties": {"id": 109, "area_m2": 7575.6, "perimeter_m": 438.7, "landuse": "Vacant / Unclassified", "building_count": 0, "building_ids": [], "has_unrecorded_building": false, "road_connected": false, "road_distance_m": 414.5, "gps_lat": 19.691143, "gps_lon": 73.559041}, "geometry": {"type": "Polygon", "coordinates": [[[73.55947785157991, 19.691567773655937], [73.55947785157991, 19.690759289900228], [73.55861912947921, 19.690759289900228], [73.55861912947921, 19.691320551098713], [73.55883089848179, 19.691320551098713], [73.55861912947921, 19.6914202409739], [73.55861912947921, 19.691567773655937], [73.55914273357101, 19.691567773655937], [73.55917068210654, 19.691541460210765], [73.55914016452842, 19.69151272802128], [73.55923747160344, 19.69142111376191], [73.55947215719505, 19.69142111376191], [73.55937485012002, 19.69151272802128], [73.55939296137173, 19.69152977969928], [73.55939296137173, 19.691567773655937], [73.55947785157991, 19.691567773655937]]]}}, {"type": "Feature", "properties": {"id": 110, "area_m2": 7882.9, "perimeter_m": 384.8, "landuse": "Vacant / Unclassified", "building_count": 0, "building_ids": [], "has_unrecorded_building": false, "road_connected": false, "road_distance_m": 324.8, "gps_lat": 19.691982, "gps_lon": 73.559043}, "geometry": {"type": "Polygon", "coordinates": [[[73.55861912947921, 19.691567773655937], [73.55861912947921, 19.692376257411645], [73.55947785157991, 19.692376257411645], [73.55947785157991, 19.691567773655937], [73.55939296137173, 19.691567773655937], [73.55939296137173, 19.691633074470136], [73.55907337503152, 19.691633074470136], [73.55914273357101, 19.691567773655937], [73.55861912947921, 19.691567773655937]]]}}, {"type": "Feature", "properties": {"id": 111, "area_m2": 7432.0, "perimeter_m": 418.2, "landuse": "Vacant / Unclassified", "building_count": 0, "building_ids": [], "has_unrecorded_building": false, "road_connected": false, "road_distance_m": 235.0, "gps_lat": 19.692752, "gps_lon": 73.559069}, "geometry": {"type": "Polygon", "coordinates": [[[73.55947785157991, 19.693184741167354], [73.55947785157991, 19.692376257411645], [73.55861912947921, 19.692376257411645], [73.55861912947921, 19.693184741167354], [73.55864903081577, 19.693184741167354], [73.55864903081577, 19.693030116373038], [73.55871867277531, 19.693030116373038], [73.55882838617642, 19.692926821602512], [73.55882838617642, 19.693073214657264], [73.5588373825527, 19.693073214657264], [73.55898097406704, 19.693005619211426], [73.55898097406704, 19.693140331754858], [73.55905745384163, 19.693176334470515], [73.55904852476132, 19.693184741167354], [73.55947785157991, 19.693184741167354]]]}}, {"type": "Feature", "properties": {"id": 112, "area_m2": 7677.4, "perimeter_m": 377.1, "landuse": "Vacant / Unclassified", "building_count": 0, "building_ids": [], "has_unrecorded_building": false, "road_connected": true, "road_distance_m": 145.3, "gps_lat": 19.693608, "gps_lon": 73.559061}, "geometry": {"type": "Polygon", "coordinates": [[[73.55861912947921, 19.693184741167354], [73.55861912947921, 19.69399322492306], [73.55947785157991, 19.69399322492306], [73.55947785157991, 19.693184741167354], [73.55904852476132, 19.693184741167354], [73.55894184968562, 19.693285175365492], [73.5589113321075, 19.693285175365492], [73.55889607331844, 19.693299541460235], [73.55881022550969, 19.693299541460235], [73.55879496672063, 19.693285175365492], [73.55864903081577, 19.693285175365492], [73.55864903081577, 19.693184741167354], [73.55861912947921, 19.693184741167354]]]}}, {"type": "Feature", "properties": {"id": 113, "area_m2": 6851.5, "perimeter_m": 347.2, "landuse": "Vacant / Unclassified", "building_count": 0, "building_ids": [], "has_unrecorded_building": false, "road_connected": true, "road_distance_m": 61.0, "gps_lat": 19.694343, "gps_lon": 73.559016}, "geometry": {"type": "Polygon", "coordinates": [[[73.55947785157991, 19.69399322492306], [73.55861912947921, 19.69399322492306], [73.55861912947921, 19.69442913698028], [73.55870051403022, 19.694441907523707], [73.55861912947921, 19.694480219153995], [73.55861912947921, 19.694801708678767], [73.5587798094805, 19.694801708678767], [73.55918425077265, 19.69462219618903], [73.5591889877098, 19.694620275063908], [73.55947785157991, 19.694513865827066], [73.55947785157991, 19.69399322492306]]]}}, {"type": "Feature", "properties": {"id": 114, "area_m2": 66.8, "perimeter_m": 43.4, "landuse": "Vacant / Unclassified", "building_count": 0, "building_ids": [], "has_unrecorded_building": false, "road_connected": true, "road_distance_m": 55.1, "gps_lat": 19.694825, "gps_lon": 73.558673}, "geometry": {"type": "Polygon", "coordinates": [[[73.55861912947921, 19.694801708678767], [73.55861912947921, 19.694873026982908], [73.5587798094805, 19.694801708678767], [73.55861912947921, 19.694801708678767]]]}}, {"type": "Feature", "properties": {"id": 115, "area_m2": 7386.6, "perimeter_m": 415.9, "landuse": "Vacant / Unclassified", "building_count": 0, "building_ids": [], "has_unrecorded_building": false, "road_connected": false, "road_distance_m": 584.7, "gps_lat": 19.689554, "gps_lon": 73.559908}, "geometry": {"type": "Polygon", "coordinates": [[[73.56033657368062, 19.689142322388815], [73.55947785157991, 19.689142322388815], [73.55947785157991, 19.689153101322496], [73.55949116609187, 19.68916563688738], [73.55956080805142, 19.68916563688738], [73.55956080805142, 19.689208735171608], [73.55958271882625, 19.689208735171608], [73.55963710199673, 19.68925993673001], [73.55963710199673, 19.68934076213195], [73.55953979492188, 19.689432376391153], [73.5594968710175, 19.68939196369035], [73.55947785157991, 19.68939196369035], [73.55947785157991, 19.689950806144523], [73.56033657368062, 19.689950806144523], [73.56033657368062, 19.689808580437877], [73.56032112437042, 19.689808580437877], [73.56031100276851, 19.6898276393411], [73.56014741948051, 19.68959661972965], [73.56027506925969, 19.68959661972965], [73.56028172124546, 19.689590356909083], [73.56028172124546, 19.68955846078799], [73.56033657368062, 19.68945517404919], [73.56033657368062, 19.689142322388815]]]}}, {"type": "Feature", "properties": {"id": 116, "area_m2": 8100.0, "perimeter_m": 360.0, "landuse": "Vacant / Unclassified", "building_count": 0, "building_ids": [], "has_unrecorded_building": false, "road_connected": false, "road_distance_m": 497.5, "gps_lat": 19.690355, "gps_lon": 73.559907}, "geometry": {"type": "Polygon", "coordinates": [[[73.55947785157991, 19.689950806144523], [73.55947785157991, 19.690759289900228], [73.56033657368062, 19.690759289900228], [73.56033657368062, 19.689950806144523], [73.55947785157991, 19.689950806144523]]]}}, {"type": "Feature", "properties": {"id": 117, "area_m2": 8100.0, "perimeter_m": 360.0, "landuse": "Vacant / Unclassified", "building_count": 0, "building_ids": [], "has_unrecorded_building": false, "road_connected": false, "road_distance_m": 407.7, "gps_lat": 19.691164, "gps_lon": 73.559907}, "geometry": {"type": "Polygon", "coordinates": [[[73.55947785157991, 19.690759289900228], [73.55947785157991, 19.691567773655937], [73.56033657368062, 19.691567773655937], [73.56033657368062, 19.690759289900228], [73.55947785157991, 19.690759289900228]]]}}, {"type": "Feature", "properties": {"id": 118, "area_m2": 8100.0, "perimeter_m": 360.0, "landuse": "Vacant / Unclassified", "building_count": 0, "building_ids": [], "has_unrecorded_building": false, "road_connected": false, "road_distance_m": 318.0, "gps_lat": 19.691972, "gps_lon": 73.559907}, "geometry": {"type": "Polygon", "coordinates": [[[73.55947785157991, 19.691567773655937], [73.55947785157991, 19.692376257411645], [73.56033657368062, 19.692376257411645], [73.56033657368062, 19.691567773655937], [73.55947785157991, 19.691567773655937]]]}}, {"type": "Feature", "properties": {"id": 119, "area_m2": 7480.4, "perimeter_m": 418.9, "landuse": "Vacant / Unclassified", "building_count": 0, "building_ids": [], "has_unrecorded_building": false, "road_connected": false, "road_distance_m": 228.3, "gps_lat": 19.692782, "gps_lon": 73.559881}, "geometry": {"type": "Polygon", "coordinates": [[[73.56033657368062, 19.692376257411645], [73.55947785157991, 19.692376257411645], [73.55947785157991, 19.693184741167354], [73.56033657368062, 19.693184741167354], [73.56033657368062, 19.692854192523225], [73.56033039949031, 19.692854192523225], [73.56031514070125, 19.692868558617967], [73.56029322992642, 19.692868558617967], [73.56029322992642, 19.69289729080745], [73.5601443921439, 19.69289729080745], [73.5601443921439, 19.692868558617967], [73.56011387456577, 19.692868558617967], [73.56011387456577, 19.69272842838345], [73.5601443921439, 19.69272842838345], [73.5601443921439, 19.692642231815], [73.56019877531438, 19.692642231815], [73.56021403410344, 19.692627865720258], [73.56029988191219, 19.692627865720258], [73.56033039949031, 19.692656597909743], [73.56033657368062, 19.692656597909743], [73.56033657368062, 19.692376257411645]]]}}, {"type": "Feature", "properties": {"id": 120, "area_m2": 6593.4, "perimeter_m": 571.1, "landuse": "Vacant / Unclassified", "building_count": 0, "building_ids": [], "has_unrecorded_building": false, "road_connected": true, "road_distance_m": 139.9, "gps_lat": 19.693565, "gps_lon": 73.559914}, "geometry": {"type": "Polygon", "coordinates": [[[73.56033657368062, 19.693184741167354], [73.55947785157991, 19.693184741167354], [73.55947785157991, 19.69399322492306], [73.559802927035, 19.69399322492306], [73.55976994479957, 19.69377585633504], [73.55970188726108, 19.69375983735343], [73.55970188726108, 19.693727331159042], [73.55959925769798, 19.693695122704824], [73.55968662847202, 19.693612863436904], [73.55968662847202, 19.693402492485628], [73.559814453125, 19.693583012158665], [73.55983974362742, 19.69354729578376], [73.55987998646943, 19.69354729578376], [73.55991050404755, 19.69348983140479], [73.56003383051235, 19.69348983140479], [73.56003383051235, 19.693555399057935], [73.56017406149192, 19.693687426018275], [73.55992826902491, 19.693687426018275], [73.55991177431856, 19.693699073298074], [73.55993176081509, 19.693717890512307], [73.55988302024721, 19.69399322492306], [73.5601636646902, 19.69399322492306], [73.56033657368062, 19.693911828328353], [73.56033657368062, 19.693184741167354]]]}}, {"type": "Feature", "properties": {"id": 121, "area_m2": 3474.8, "perimeter_m": 295.1, "landuse": "Vacant / Unclassified", "building_count": 0, "building_ids": [], "has_unrecorded_building": false, "road_connected": true, "road_distance_m": 87.5, "gps_lat": 19.694197, "gps_lon": 73.559835}, "geometry": {"type": "GeometryCollection", "geometries": [{"type": "Polygon", "coordinates": [[[73.55947785157991, 19.69399322492306], [73.55947785157991, 19.694513865827066], [73.55972078770981, 19.694424375063907], [73.55972144344564, 19.694424172794825], [73.55972219577289, 19.694423871398715], [73.56010449577289, 19.694291171398717], [73.56011353415556, 19.6942886193479], [73.56032749761265, 19.694241554696777], [73.56032749761265, 19.6941040427658], [73.5602664624564, 19.6941040427658], [73.5602664624564, 19.69405129176295], [73.56015338851984, 19.693998062411687], [73.5601636646902, 19.69399322492306], [73.55988302024721, 19.69399322492306], [73.5598569964995, 19.694140232509394], [73.5598251802607, 19.694139884243988], [73.559802927035, 19.69399322492306], [73.55947785157991, 19.69399322492306]]]}, {"type": "LineString", "coordinates": [[73.56032749761265, 19.694241554696777], [73.56033657368062, 19.694239558271885]]}]}}, {"type": "Feature", "properties": {"id": 122, "area_m2": 7489.1, "perimeter_m": 394.8, "landuse": "Vacant / Unclassified", "building_count": 0, "building_ids": [], "has_unrecorded_building": false, "road_connected": false, "road_distance_m": 536.5, "gps_lat": 19.689539, "gps_lon": 73.560794}, "geometry": {"type": "Polygon", "coordinates": [[[73.56033657368062, 19.689950806144523], [73.56119529578132, 19.689950806144523], [73.56119529578132, 19.689142322388815], [73.56033657368062, 19.689142322388815], [73.56033657368062, 19.68945517404919], [73.56034547245035, 19.68943841773012], [73.56040669343562, 19.689496057066453], [73.56044057154887, 19.689496057066453], [73.56056807395882, 19.689556078595476], [73.56050685297329, 19.68961371793205], [73.56050685297329, 19.689654084108618], [73.56051761357435, 19.689654084108618], [73.56050685297329, 19.68967434624263], [73.56050685297329, 19.689679285585196], [73.56050422983917, 19.689679285585196], [73.56043556528839, 19.689808580437877], [73.56033657368062, 19.689808580437877], [73.56033657368062, 19.689950806144523]]]}}, {"type": "Feature", "properties": {"id": 123, "area_m2": 8100.0, "perimeter_m": 360.0, "landuse": "Vacant / Unclassified", "building_count": 0, "building_ids": [], "has_unrecorded_building": false, "road_connected": false, "road_distance_m": 459.3, "gps_lat": 19.690355, "gps_lon": 73.560766}, "geometry": {"type": "Polygon", "coordinates": [[[73.56033657368062, 19.689950806144523], [73.56033657368062, 19.690759289900228], [73.56119529578132, 19.690759289900228], [73.56119529578132, 19.689950806144523], [73.56033657368062, 19.689950806144523]]]}}, {"type": "Feature", "properties": {"id": 124, "area_m2": 7452.2, "perimeter_m": 443.1, "landuse": "Vacant / Unclassified", "building_count": 0, "building_ids": [], "has_unrecorded_building": false, "road_connected": false, "road_distance_m": 394.4, "gps_lat": 19.691147, "gps_lon": 73.560734}, "geometry": {"type": "Polygon", "coordinates": [[[73.56119529578132, 19.690759289900228], [73.56033657368062, 19.690759289900228], [73.56033657368062, 19.691567773655937], [73.56106776582004, 19.691567773655937], [73.56104262543937, 19.691504654782534], [73.56111500781971, 19.69109576828593], [73.5611934984811, 19.691101884327207], [73.5611934984811, 19.691489215619367], [73.56119529578132, 19.6914890464042], [73.56119529578132, 19.690759289900228]]]}}, {"type": "Feature", "properties": {"id": 125, "area_m2": 7764.8, "perimeter_m": 364.9, "landuse": "Vacant / Unclassified", "building_count": 0, "building_ids": [], "has_unrecorded_building": false, "road_connected": false, "road_distance_m": 311.2, "gps_lat": 19.691984, "gps_lon": 73.56075}, "geometry": {"type": "Polygon", "coordinates": [[[73.56033657368062, 19.691567773655937], [73.56033657368062, 19.692376257411645], [73.56119529578132, 19.692376257411645], [73.56119529578132, 19.691857259974658], [73.56118331258702, 19.691860483441545], [73.56116172475068, 19.691819833701786], [73.56107981987478, 19.691819833701786], [73.56111132875421, 19.691730837213544], [73.5610444748693, 19.69166789452258], [73.56109767007227, 19.691642852976933], [73.56106776582004, 19.691567773655937], [73.56033657368062, 19.691567773655937]]]}}, {"type": "Feature", "properties": {"id": 126, "area_m2": 7397.6, "perimeter_m": 467.5, "landuse": "Vacant / Unclassified", "building_count": 0, "building_ids": [], "has_unrecorded_building": false, "road_connected": false, "road_distance_m": 221.5, "gps_lat": 19.692785, "gps_lon": 73.560792}, "geometry": {"type": "Polygon", "coordinates": [[[73.56033657368062, 19.693184741167354], [73.56119529578132, 19.693184741167354], [73.56119529578132, 19.692376257411645], [73.56033657368062, 19.692376257411645], [73.56033657368062, 19.692656597909743], [73.56037106177344, 19.692656597909743], [73.56039607075961, 19.692854192523225], [73.56033657368062, 19.692854192523225], [73.56033657368062, 19.693184741167354]], [[73.56064418207485, 19.692699696193966], [73.56064418207485, 19.692839826428482], [73.56048869230656, 19.692839826428482], [73.5604734335175, 19.69282546033374], [73.56039243420841, 19.69282546033374], [73.56037708775008, 19.692704208817243], [73.56039713957219, 19.692685330099224], [73.56039713957219, 19.692685330099224], [73.56041905034702, 19.69266470118392], [73.56041905034702, 19.692650335089176], [73.5604734335175, 19.692599133530774], [73.56054402253719, 19.692599133530774], [73.56059840570767, 19.692650335089176], [73.56059840570767, 19.6926934333734], [73.56060505769344, 19.692699696193966], [73.56064418207485, 19.692699696193966]]]}}, {"type": "Feature", "properties": {"id": 127, "area_m2": 7603.6, "perimeter_m": 384.4, "landuse": "Vacant / Unclassified", "building_count": 0, "building_ids": [], "has_unrecorded_building": false, "road_connected": true, "road_distance_m": 131.8, "gps_lat": 19.693567, "gps_lon": 73.560784}, "geometry": {"type": "Polygon", "coordinates": [[[73.56119529578132, 19.69399322492306], [73.56119529578132, 19.693184741167354], [73.56033657368062, 19.693184741167354], [73.56033657368062, 19.693911828328353], [73.56034800266988, 19.693906448152315], [73.56036432720772, 19.693906448152315], [73.56039484478585, 19.693834617678604], [73.56066234274192, 19.693834617678604], [73.56056568076407, 19.693925624581325], [73.56058261965383, 19.693949546436542], [73.56065083406062, 19.693949546436542], [73.56069722668327, 19.69399322492306], [73.56119529578132, 19.69399322492306]]]}}, {"type": "Feature", "properties": {"id": 128, "area_m2": 780.3, "perimeter_m": 206.6, "landuse": "Vacant / Unclassified", "building_count": 0, "building_ids": [], "has_unrecorded_building": false, "road_connected": true, "road_distance_m": 111.2, "gps_lat": 19.694084, "gps_lon": 73.56078}, "geometry": {"type": "GeometryCollection", "geometries": [{"type": "Polygon", "coordinates": [[[73.56119529578132, 19.69399322492306], [73.56069722668327, 19.69399322492306], [73.56078122347978, 19.69407230760332], [73.56045971788713, 19.694112667117086], [73.5604213985388, 19.69422089970088], [73.56063941900759, 19.694172942645775], [73.56084717275918, 19.69412157224595], [73.56100855050991, 19.694074824315745], [73.56119529578132, 19.694005560734343], [73.56119529578132, 19.69399322492306]]]}, {"type": "LineString", "coordinates": [[73.56033657368062, 19.694239558271885], [73.5604213985388, 19.69422089970088]]}]}}, {"type": "Feature", "properties": {"id": 129, "area_m2": 8100.0, "perimeter_m": 360.0, "landuse": "Vacant / Unclassified", "building_count": 0, "building_ids": [], "has_unrecorded_building": false, "road_connected": false, "road_distance_m": 500.0, "gps_lat": 19.689547, "gps_lon": 73.561625}, "geometry": {"type": "Polygon", "coordinates": [[[73.56119529578132, 19.689950806144523], [73.56205401788202, 19.689950806144523], [73.56205401788202, 19.689142322388815], [73.56119529578132, 19.689142322388815], [73.56119529578132, 19.689950806144523]]]}}, {"type": "Feature", "properties": {"id": 130, "area_m2": 6441.6, "perimeter_m": 612.5, "landuse": "Vacant / Unclassified", "building_count": 0, "building_ids": [], "has_unrecorded_building": false, "road_connected": false, "road_distance_m": 416.1, "gps_lat": 19.690413, "gps_lon": 73.561615}, "geometry": {"type": "Polygon", "coordinates": [[[73.56205401788202, 19.689950806144523], [73.56119529578132, 19.689950806144523], [73.56119529578132, 19.690759289900228], [73.56205401788202, 19.690759289900228], [73.56205401788202, 19.690175379315583], [73.56181576494234, 19.690220242171872], [73.56170078862827, 19.690328491955924], [73.56170078862827, 19.690153366711687], [73.56166902101415, 19.690153366711687], [73.56161035838, 19.69011194371819], [73.56157967036994, 19.690140836368723], [73.56150242437046, 19.68999112100069], [73.56150242437046, 19.6899557720982], [73.56167027105015, 19.6899557720982], [73.56169651125539, 19.6899557720982], [73.56183436762173, 19.6899557720982], [73.56183436762173, 19.690008523101053], [73.56186488519985, 19.690022889195795], [73.56186488519985, 19.690085066950882], [73.56205401788202, 19.690085066950882], [73.56205401788202, 19.689950806144523]], [[73.5615597094186, 19.69016500069877], [73.56160263332315, 19.690205413399738], [73.56152058503719, 19.690282661564368], [73.56147480867, 19.690282661564368], [73.56145954988094, 19.69029702765911], [73.56131931890171, 19.69029702765911], [73.56131931890171, 19.690113799140367], [73.5615597094186, 19.690113799140367], [73.5615597094186, 19.69016500069877]]]}}, {"type": "Feature", "properties": {"id": 131, "area_m2": 7781.7, "perimeter_m": 373.1, "landuse": "Vacant / Unclassified", "building_count": 0, "building_ids": [], "has_unrecorded_building": false, "road_connected": false, "road_distance_m": 335.4, "gps_lat": 19.691149, "gps_lon": 73.561636}, "geometry": {"type": "Polygon", "coordinates": [[[73.56205401788202, 19.691567773655937], [73.56205401788202, 19.690759289900228], [73.56119529578132, 19.690759289900228], [73.56119529578132, 19.6914890464042], [73.56131738298615, 19.691477551938], [73.56131792707038, 19.69147772268911], [73.56135650128296, 19.69136877024403], [73.56138405429193, 19.691498475535795], [73.56160486699365, 19.691567773655937], [73.56205401788202, 19.691567773655937]]]}}, {"type": "Feature", "properties": {"id": 132, "area_m2": 7301.2, "perimeter_m": 367.4, "landuse": "Vacant / Unclassified", "building_count": 0, "building_ids": [], "has_unrecorded_building": false, "road_connected": false, "road_distance_m": 260.9, "gps_lat": 19.692004, "gps_lon": 73.561655}, "geometry": {"type": "Polygon", "coordinates": [[[73.56119529578132, 19.692376257411645], [73.56205401788202, 19.692376257411645], [73.56205401788202, 19.691567773655937], [73.56160486699365, 19.691567773655937], [73.56168738400542, 19.691593670145366], [73.5616830683804, 19.691618708375394], [73.5614095950888, 19.691618708375394], [73.56142497710975, 19.691691118960986], [73.56137491960922, 19.691808941350473], [73.56119529578132, 19.691857259974658], [73.56119529578132, 19.692376257411645]]]}}, {"type": "Feature", "properties": {"id": 133, "area_m2": 8100.0, "perimeter_m": 360.0, "landuse": "Vacant / Unclassified", "building_count": 0, "building_ids": [], "has_unrecorded_building": false, "road_connected": true, "road_distance_m": 199.5, "gps_lat": 19.69278, "gps_lon": 73.561625}, "geometry": {"type": "Polygon", "coordinates": [[[73.56119529578132, 19.692376257411645], [73.56119529578132, 19.693184741167354], [73.56205401788202, 19.693184741167354], [73.56205401788202, 19.692376257411645], [73.56119529578132, 19.692376257411645]]]}}, {"type": "Feature", "properties": {"id": 134, "area_m2": 6767.0, "perimeter_m": 335.0, "landuse": "Vacant / Unclassified", "building_count": 0, "building_ids": [], "has_unrecorded_building": false, "road_connected": true, "road_distance_m": 131.5, "gps_lat": 19.693527, "gps_lon": 73.561595}, "geometry": {"type": "Polygon", "coordinates": [[[73.56205401788202, 19.693184741167354], [73.56119529578132, 19.693184741167354], [73.56119529578132, 19.69399322492306], [73.56122855502635, 19.69399322492306], [73.56128622246588, 19.693971836143774], [73.56128894290637, 19.69397088298587], [73.56198564290638, 19.69374088298587], [73.56199003676144, 19.693739571308424], [73.56205401788202, 19.693722454903778], [73.56205401788202, 19.693184741167354]]]}}, {"type": "Feature", "properties": {"id": 135, "area_m2": 8100.0, "perimeter_m": 360.0, "landuse": "Vacant / Unclassified", "building_count": 0, "building_ids": [], "has_unrecorded_building": false, "road_connected": false, "road_distance_m": 477.9, "gps_lat": 19.689547, "gps_lon": 73.562483}, "geometry": {"type": "Polygon", "coordinates": [[[73.56205401788202, 19.689950806144523], [73.56291273998272, 19.689950806144523], [73.56291273998272, 19.689142322388815], [73.56205401788202, 19.689142322388815], [73.56205401788202, 19.689950806144523]]]}}, {"type": "Feature", "properties": {"id": 136, "area_m2": 7975.9, "perimeter_m": 386.2, "landuse": "Vacant / Unclassified", "building_count": 0, "building_ids": [], "has_unrecorded_building": false, "road_connected": false, "road_distance_m": 389.3, "gps_lat": 19.690359, "gps_lon": 73.562489}, "geometry": {"type": "Polygon", "coordinates": [[[73.56205401788202, 19.690759289900228], [73.56291273998272, 19.690759289900228], [73.56291273998272, 19.689950806144523], [73.56205401788202, 19.689950806144523], [73.56205401788202, 19.690085066950882], [73.56218809804089, 19.690085066950882], [73.56219480821846, 19.69014886859702], [73.56205401788202, 19.690175379315583], [73.56205401788202, 19.690759289900228]]]}}, {"type": "Feature", "properties": {"id": 137, "area_m2": 8100.0, "perimeter_m": 360.0, "landuse": "Vacant / Unclassified", "building_count": 0, "building_ids": [], "has_unrecorded_building": false, "road_connected": false, "road_distance_m": 301.5, "gps_lat": 19.691164, "gps_lon": 73.562483}, "geometry": {"type": "Polygon", "coordinates": [[[73.56205401788202, 19.690759289900228], [73.56205401788202, 19.691567773655937], [73.56291273998272, 19.691567773655937], [73.56291273998272, 19.690759289900228], [73.56205401788202, 19.690759289900228]]]}}, {"type": "Feature", "properties": {"id": 138, "area_m2": 8100.0, "perimeter_m": 360.0, "landuse": "Vacant / Unclassified", "building_count": 0, "building_ids": [], "has_unrecorded_building": false, "road_connected": false, "road_distance_m": 215.5, "gps_lat": 19.691972, "gps_lon": 73.562483}, "geometry": {"type": "Polygon", "coordinates": [[[73.56205401788202, 19.691567773655937], [73.56205401788202, 19.692376257411645], [73.56291273998272, 19.692376257411645], [73.56291273998272, 19.691567773655937], [73.56205401788202, 19.691567773655937]]]}}, {"type": "Feature", "properties": {"id": 139, "area_m2": 8100.0, "perimeter_m": 360.0, "landuse": "Vacant / Unclassified", "building_count": 0, "building_ids": [], "has_unrecorded_building": false, "road_connected": true, "road_distance_m": 134.8, "gps_lat": 19.69278, "gps_lon": 73.562483}, "geometry": {"type": "Polygon", "coordinates": [[[73.56205401788202, 19.692376257411645], [73.56205401788202, 19.693184741167354], [73.56291273998272, 19.693184741167354], [73.56291273998272, 19.692376257411645], [73.56205401788202, 19.692376257411645]]]}}, {"type": "Feature", "properties": {"id": 140, "area_m2": 4653.7, "perimeter_m": 287.2, "landuse": "Vacant / Unclassified", "building_count": 0, "building_ids": [], "has_unrecorded_building": false, "road_connected": true, "road_distance_m": 99.9, "gps_lat": 19.693418, "gps_lon": 73.562466}, "geometry": {"type": "Polygon", "coordinates": [[[73.56291273998272, 19.693184741167354], [73.56205401788202, 19.693184741167354], [73.56205401788202, 19.693722454903778], [73.56217693676145, 19.693689571308422], [73.56218487192663, 19.693687873033948], [73.56240737192662, 19.693651873033946], [73.56241200518453, 19.69365126036575], [73.56291273998272, 19.693599724141617], [73.56291273998272, 19.693184741167354]]]}}, {"type": "Feature", "properties": {"id": 141, "area_m2": 8100.0, "perimeter_m": 360.0, "landuse": "Vacant / Unclassified", "building_count": 0, "building_ids": [], "has_unrecorded_building": false, "road_connected": false, "road_distance_m": 472.0, "gps_lat": 19.689547, "gps_lon": 73.563342}, "geometry": {"type": "Polygon", "coordinates": [[[73.56291273998272, 19.689950806144523], [73.56377146208342, 19.689950806144523], [73.56377146208342, 19.689142322388815], [73.56291273998272, 19.689142322388815], [73.56291273998272, 19.689950806144523]]]}}, {"type": "Feature", "properties": {"id": 142, "area_m2": 8044.4, "perimeter_m": 365.4, "landuse": "Vacant / Unclassified", "building_count": 0, "building_ids": [], "has_unrecorded_building": false, "road_connected": false, "road_distance_m": 382.0, "gps_lat": 19.690353, "gps_lon": 73.563339}, "geometry": {"type": "Polygon", "coordinates": [[[73.56377146208342, 19.689950806144523], [73.56291273998272, 19.689950806144523], [73.56291273998272, 19.690759289900228], [73.56377146208342, 19.690759289900228], [73.56377146208342, 19.690713644406635], [73.56374546636265, 19.690713644406635], [73.56374546636265, 19.690530415887892], [73.56377146208342, 19.690530415887892], [73.56377146208342, 19.689950806144523]]]}}, {"type": "Feature", "properties": {"id": 143, "area_m2": 6397.5, "perimeter_m": 607.9, "landuse": "Vacant / Unclassified", "building_count": 0, "building_ids": [], "has_unrecorded_building": false, "road_connected": false, "road_distance_m": 292.0, "gps_lat": 19.69117, "gps_lon": 73.563335}, "geometry": {"type": "Polygon", "coordinates": [[[73.56377146208342, 19.690759289900228], [73.56291273998272, 19.690759289900228], [73.56291273998272, 19.691567773655937], [73.56377146208342, 19.691567773655937], [73.56377146208342, 19.691202632688885], [73.56369237560048, 19.69096139873016], [73.56369285149805, 19.69096139873016], [73.56377146208342, 19.690912057675526], [73.56377146208342, 19.690759289900228]], [[73.56326571988974, 19.691024166463578], [73.5632680836482, 19.69102639193362], [73.56326936100702, 19.691022784047487], [73.56342128168423, 19.69095126766329], [73.56342128168423, 19.691015069117594], [73.56337437407593, 19.691302654291068], [73.56327244390171, 19.691302654291068], [73.56327244390171, 19.69124937131347], [73.56310459722202, 19.691266929873713], [73.56310459722202, 19.69120680500399], [73.5630740796439, 19.691192438909248], [73.5630740796439, 19.691163706719763], [73.5630286716022, 19.691142330966205], [73.56309642227124, 19.690950969936225], [73.56319220638105, 19.69104115032934], [73.56320190429688, 19.691044193846906], [73.56326571988974, 19.691024166463578]], [[73.5634402905814, 19.691251452732665], [73.5634402905814, 19.691237086637923], [73.56342503179233, 19.69122272054318], [73.56342503179233, 19.691156261235985], [73.5634402905814, 19.691141895141243], [73.5634402905814, 19.691076327488098], [73.56359578034969, 19.691076327488098], [73.56365016352017, 19.6911275290465], [73.56365016352017, 19.69125955600684], [73.56361103913875, 19.69125955600684], [73.56356526277156, 19.691302654291068], [73.56349467375188, 19.691302654291068], [73.5634402905814, 19.691251452732665]]]}}, {"type": "Feature", "properties": {"id": 144, "area_m2": 7372.4, "perimeter_m": 409.6, "landuse": "Vacant / Unclassified", "building_count": 0, "building_ids": [], "has_unrecorded_building": false, "road_connected": false, "road_distance_m": 202.0, "gps_lat": 19.691967, "gps_lon": 73.56331}, "geometry": {"type": "Polygon", "coordinates": [[[73.56377146208342, 19.691567773655937], [73.56291273998272, 19.691567773655937], [73.56291273998272, 19.692376257411645], [73.56377146208342, 19.692376257411645], [73.56377146208342, 19.692266094766254], [73.56370231312958, 19.692135887786115], [73.56360313100068, 19.692135887786115], [73.56358787221161, 19.69210715559663], [73.56347530634753, 19.69210715559663], [73.56355735463349, 19.691952659267372], [73.56359287847202, 19.691952659267372], [73.56359287847202, 19.691932030352064], [73.56367492675781, 19.6918547821876], [73.56371257857013, 19.691890231232794], [73.56373661032124, 19.691844979619194], [73.56377146208342, 19.69186138602324], [73.56377146208342, 19.691567773655937]]]}}, {"type": "Feature", "properties": {"id": 145, "area_m2": 8100.0, "perimeter_m": 360.0, "landuse": "Vacant / Unclassified", "building_count": 0, "building_ids": [], "has_unrecorded_building": false, "road_connected": true, "road_distance_m": 112.0, "gps_lat": 19.69278, "gps_lon": 73.563342}, "geometry": {"type": "Polygon", "coordinates": [[[73.56291273998272, 19.692376257411645], [73.56291273998272, 19.693184741167354], [73.56377146208342, 19.693184741167354], [73.56377146208342, 19.692376257411645], [73.56291273998272, 19.692376257411645]]]}}, {"type": "Feature", "properties": {"id": 146, "area_m2": 3727.8, "perimeter_m": 264.4, "landuse": "Vacant / Unclassified", "building_count": 0, "building_ids": [], "has_unrecorded_building": false, "road_connected": true, "road_distance_m": 73.5, "gps_lat": 19.693372, "gps_lon": 73.563326}, "geometry": {"type": "Polygon", "coordinates": [[[73.56377146208342, 19.693184741167354], [73.56291273998272, 19.693184741167354], [73.56291273998272, 19.693599724141617], [73.56358960518453, 19.693530060365752], [73.56359514862403, 19.693529681478633], [73.56377146208342, 19.69352369410635], [73.56377146208342, 19.693184741167354]]]}}, {"type": "Feature", "properties": {"id": 147, "area_m2": 6532.3, "perimeter_m": 416.8, "landuse": "Vacant / Unclassified", "building_count": 0, "building_ids": [], "has_unrecorded_building": false, "road_connected": false, "road_distance_m": 472.2, "gps_lat": 19.689587, "gps_lon": 73.564138}, "geometry": {"type": "Polygon", "coordinates": [[[73.56377146208342, 19.689950806144523], [73.56463018418413, 19.689950806144523], [73.56463018418413, 19.689535624637774], [73.56452492075714, 19.689535624637774], [73.56443626893991, 19.68970255536866], [73.56440671833417, 19.689535624637774], [73.56421643144272, 19.689535624637774], [73.56421003322399, 19.68948669186307], [73.56422757599266, 19.68948256274975], [73.56443085367493, 19.689142322388815], [73.56377146208342, 19.689142322388815], [73.56377146208342, 19.689950806144523]]]}}, {"type": "Feature", "properties": {"id": 148, "area_m2": 7088.1, "perimeter_m": 443.3, "landuse": "Vacant / Unclassified", "building_count": 0, "building_ids": [], "has_unrecorded_building": false, "road_connected": false, "road_distance_m": 383.2, "gps_lat": 19.690315, "gps_lon": 73.564235}, "geometry": {"type": "Polygon", "coordinates": [[[73.56463018418413, 19.690759289900228], [73.56463018418413, 19.689950806144523], [73.56377146208342, 19.689950806144523], [73.56377146208342, 19.690530415887892], [73.56377598394077, 19.690530415887892], [73.56377598394077, 19.690509786972584], [73.56383036711125, 19.69045858541418], [73.56390095613094, 19.69045858541418], [73.5639830044169, 19.69053583357881], [73.56394008051235, 19.69057624627978], [73.56394008051235, 19.690581972056727], [73.56430052110909, 19.690649842760497], [73.56429381093152, 19.690713644406635], [73.5640011156686, 19.690713644406635], [73.5640011156686, 19.69074237659612], [73.56394673249812, 19.69074237659612], [73.56392876821873, 19.690759289900228], [73.56463018418413, 19.690759289900228]]]}}, {"type": "Feature", "properties": {"id": 149, "area_m2": 43.8, "perimeter_m": 28.4, "landuse": "Vacant / Unclassified", "building_count": 0, "building_ids": [], "has_unrecorded_building": false, "road_connected": false, "road_distance_m": 382.2, "gps_lat": 19.690738, "gps_lon": 73.563813}, "geometry": {"type": "Polygon", "coordinates": [[[73.56377146208342, 19.690759289900228], [73.56386986760015, 19.690759289900228], [73.5638375463618, 19.690713644406635], [73.56377146208342, 19.690713644406635], [73.56377146208342, 19.690759289900228]]]}}, {"type": "Feature", "properties": {"id": 150, "area_m2": 1900.6, "perimeter_m": 349.0, "landuse": "Vacant / Unclassified", "building_count": 0, "building_ids": [], "has_unrecorded_building": false, "road_connected": false, "road_distance_m": 337.9, "gps_lat": 19.690935, "gps_lon": 73.564382}, "geometry": {"type": "Polygon", "coordinates": [[[73.56463018418413, 19.690759289900228], [73.56392876821873, 19.690759289900228], [73.56389342784757, 19.690792562731918], [73.56386986760015, 19.690759289900228], [73.56377146208342, 19.690759289900228], [73.56377146208342, 19.690912057675526], [73.56379379703782, 19.69089803882298], [73.56378062418048, 19.690860832230317], [73.56428694685535, 19.690775062576822], [73.56428505665767, 19.690791079105296], [73.56431711287382, 19.690769952537156], [73.56432219902308, 19.690769090957613], [73.56427436412767, 19.6908816819104], [73.56427013680462, 19.69091750199463], [73.56425802803186, 19.690920132848273], [73.564226318029, 19.69099476998091], [73.56424116719657, 19.69100875041849], [73.56425674896948, 19.690981514476302], [73.56428603784477, 19.691078028271985], [73.56438981980666, 19.69100474551551], [73.56450465570767, 19.691076823905945], [73.56450465570767, 19.691188902437478], [73.56446266899958, 19.691241609549312], [73.56446565078083, 19.69125845356693], [73.56463018418413, 19.691289435087814], [73.56463018418413, 19.690759289900228]]]}}, {"type": "Feature", "properties": {"id": 151, "area_m2": 89.2, "perimeter_m": 42.5, "landuse": "Vacant / Unclassified", "building_count": 0, "building_ids": [], "has_unrecorded_building": false, "road_connected": false, "road_distance_m": 322.0, "gps_lat": 19.691403, "gps_lon": 73.564572}, "geometry": {"type": "Polygon", "coordinates": [[[73.56463018418413, 19.691362502491447], [73.56448593962064, 19.69138966363846], [73.5644910540895, 19.6914137399082], [73.56463018418413, 19.691446487528484], [73.56463018418413, 19.691362502491447]]]}}, {"type": "Feature", "properties": {"id": 152, "area_m2": 118.9, "perimeter_m": 79.0, "landuse": "Vacant / Unclassified", "building_count": 0, "building_ids": [], "has_unrecorded_building": false, "road_connected": false, "road_distance_m": 300.3, "gps_lat": 19.691547, "gps_lon": 73.564414}, "geometry": {"type": "Polygon", "coordinates": [[[73.56463018418413, 19.691567773655937], [73.56463018418413, 19.691567097233687], [73.56431584327896, 19.691507907068512], [73.56431374967923, 19.69149016701927], [73.56430001150704, 19.691567773655937], [73.56463018418413, 19.691567773655937]]]}}, {"type": "Feature", "properties": {"id": 153, "area_m2": 979.7, "perimeter_m": 199.6, "landuse": "Vacant / Unclassified", "building_count": 0, "building_ids": [], "has_unrecorded_building": false, "road_connected": false, "road_distance_m": 292.3, "gps_lat": 19.691452, "gps_lon": 73.563973}, "geometry": {"type": "Polygon", "coordinates": [[[73.56377146208342, 19.691567773655937], [73.56418797124546, 19.691567773655937], [73.56418797124546, 19.69140439385861], [73.56408719413537, 19.6912778854788], [73.56394803598008, 19.69152112503138], [73.56384742818652, 19.691331681283486], [73.56389364128857, 19.69130448786566], [73.56379626709601, 19.691278294308432], [73.56377146208342, 19.691202632688885], [73.56377146208342, 19.691567773655937]]]}}, {"type": "Feature", "properties": {"id": 154, "area_m2": 7208.5, "perimeter_m": 442.4, "landuse": "Vacant / Unclassified", "building_count": 0, "building_ids": [], "has_unrecorded_building": false, "road_connected": false, "road_distance_m": 202.5, "gps_lat": 19.691961, "gps_lon": 73.564209}, "geometry": {"type": "Polygon", "coordinates": [[[73.56463018418413, 19.691567773655937], [73.56430001150704, 19.691567773655937], [73.56426646190685, 19.691757294619723], [73.56418797124546, 19.691751178578446], [73.56418797124546, 19.691567773655937], [73.56377146208342, 19.691567773655937], [73.56377146208342, 19.69186138602324], [73.56386378656704, 19.691904847607027], [73.56386378656704, 19.69197512863629], [73.56397349996848, 19.692078423407146], [73.56380275141079, 19.692078423407146], [73.56380275141079, 19.69232409414453], [73.56380241054767, 19.692324370500675], [73.56377146208342, 19.692266094766254], [73.56377146208342, 19.692376257411645], [73.56387808883912, 19.692376257411645], [73.56387957188183, 19.692369276014897], [73.56416606047063, 19.692369276014897], [73.56421901429343, 19.692319420182155], [73.56433173658337, 19.692345952089276], [73.56433394455057, 19.69236880608095], [73.56433532537156, 19.69236490596704], [73.56444607384523, 19.69228670400133], [73.56452181095935, 19.692322357110907], [73.56453713540965, 19.692300715239053], [73.56463018418413, 19.69229195473057], [73.56463018418413, 19.691567773655937]]]}}, {"type": "Feature", "properties": {"id": 155, "area_m2": 5533.2, "perimeter_m": 508.8, "landuse": "Vacant / Unclassified", "building_count": 0, "building_ids": [], "has_unrecorded_building": false, "road_connected": true, "road_distance_m": 112.9, "gps_lat": 19.692881, "gps_lon": 73.564155}, "geometry": {"type": "Polygon", "coordinates": [[[73.56463018418413, 19.69255780350372], [73.56454346121939, 19.69258501995632], [73.5644242217056, 19.69277212590831], [73.56438633550327, 19.69279041120315], [73.56438633550327, 19.69251782960305], [73.5643469074476, 19.692502981054293], [73.56434578360538, 19.692491348508064], [73.5643478114015, 19.692512337604146], [73.56432876192925, 19.69251831594057], [73.56437163771562, 19.69280088772577], [73.56436046125985, 19.692816907136443], [73.56417829962386, 19.692559650353786], [73.56412980385633, 19.692696626123244], [73.56404563588349, 19.6925381384389], [73.56402875607644, 19.6925381384389], [73.56395681119626, 19.692628452898365], [73.56384656478959, 19.69252465630502], [73.56387808883912, 19.692376257411645], [73.56377146208342, 19.692376257411645], [73.56377146208342, 19.693184741167354], [73.564413653651, 19.693184741167354], [73.5644348279191, 19.69314487017361], [73.56447717645528, 19.693184741167354], [73.56458150033069, 19.693184741167354], [73.56463018418413, 19.693093069823313], [73.56463018418413, 19.69301221956539], [73.56454917592255, 19.69301221956539], [73.56449634570747, 19.692912740652353], [73.56461085025286, 19.69277798363291], [73.56463018418413, 19.69278253433951], [73.56463018418413, 19.69255780350372]]]}}, {"type": "Feature", "properties": {"id": 156, "area_m2": 2910.5, "perimeter_m": 289.2, "landuse": "Vacant / Unclassified", "building_count": 0, "building_ids": [], "has_unrecorded_building": false, "road_connected": true, "road_distance_m": 75.7, "gps_lat": 19.693386, "gps_lon": 73.564151}, "geometry": {"type": "Polygon", "coordinates": [[[73.56463018418413, 19.69343482426911], [73.56460856535344, 19.693414470218173], [73.56444236439911, 19.693414470218173], [73.5644348279191, 19.693400279080794], [73.56434055913608, 19.693489032799214], [73.56434055913608, 19.693255260512796], [73.56438808425938, 19.693232888146913], [73.564413653651, 19.693184741167354], [73.56377146208342, 19.693184741167354], [73.56377146208342, 19.69352369410635], [73.56401624862403, 19.693515381478633], [73.56402457224917, 19.69351552652462], [73.56403282959101, 19.69351652414445], [73.5644624457692, 19.693591041289135], [73.56463018418413, 19.693608172020873], [73.56463018418413, 19.69343482426911]]]}}, {"type": "Feature", "properties": {"id": 157, "area_m2": 6562.5, "perimeter_m": 452.2, "landuse": "Vacant / Unclassified", "building_count": 0, "building_ids": [], "has_unrecorded_building": false, "road_connected": false, "road_distance_m": 464.5, "gps_lat": 19.689584, "gps_lon": 73.565099}, "geometry": {"type": "Polygon", "coordinates": [[[73.56548890628483, 19.689950806144523], [73.56548890628483, 19.689142322388815], [73.56492904933877, 19.689142322388815], [73.56482898642813, 19.689236531257464], [73.56487507514109, 19.68930161979242], [73.56484701328506, 19.68936321998426], [73.56466318891125, 19.68953628996767], [73.56466208773236, 19.689527995920013], [73.56466046718067, 19.689535624637774], [73.56463018418413, 19.689535624637774], [73.56463018418413, 19.689950806144523], [73.56486417262099, 19.689950806144523], [73.56488469801032, 19.689943657517134], [73.56488849442817, 19.689950806144523], [73.56548890628483, 19.689950806144523]], [[73.56519130121548, 19.689570619647824], [73.56519130121548, 19.689621821206227], [73.56501247311961, 19.689621821206227], [73.56495091069858, 19.689534880010967], [73.56495091069858, 19.689409860498], [73.56499668706577, 19.689409860498], [73.56499668706577, 19.689366762213773], [73.56510640046687, 19.689366762213773], [73.56512165925594, 19.689381128308515], [73.565136918045, 19.689381128308515], [73.56518269441219, 19.68942422659274], [73.5652218187936, 19.68942422659274], [73.5652218187936, 19.689527521363598], [73.56520656000454, 19.68954188745834], [73.56520656000454, 19.689556253553082], [73.56519130121548, 19.689570619647824]]]}}, {"type": "Feature", "properties": {"id": 158, "area_m2": 6802.3, "perimeter_m": 567.5, "landuse": "Vacant / Unclassified", "building_count": 0, "building_ids": [], "has_unrecorded_building": false, "road_connected": false, "road_distance_m": 380.1, "gps_lat": 19.690369, "gps_lon": 73.565062}, "geometry": {"type": "Polygon", "coordinates": [[[73.56463018418413, 19.689950806144523], [73.56463018418413, 19.690759289900228], [73.56548890628483, 19.690759289900228], [73.56548890628483, 19.689950806144523], [73.56488849442817, 19.689950806144523], [73.56499794321807, 19.690156897424593], [73.56511500727017, 19.690156897424593], [73.56511500727017, 19.690224014522187], [73.56516954233342, 19.690249686804645], [73.56518480112248, 19.6903358833731], [73.56543795414585, 19.690455054701275], [73.565136918045, 19.690455054701275], [73.56509399414062, 19.690495467402076], [73.56505107023625, 19.690455054701275], [73.56499747796289, 19.690455054701275], [73.5649051343314, 19.69039709390446], [73.5649051343314, 19.69029429555145], [73.5649132156648, 19.690286687005266], [73.56488618400053, 19.69018488614846], [73.5648564560862, 19.690156897424593], [73.56487875202194, 19.690156897424593], [73.56482742599265, 19.689963604340434], [73.56486417262099, 19.689950806144523], [73.56463018418413, 19.689950806144523]]]}}, {"type": "Feature", "properties": {"id": 159, "area_m2": 7834.2, "perimeter_m": 390.8, "landuse": "Vacant / Unclassified", "building_count": 0, "building_ids": [], "has_unrecorded_building": false, "road_connected": false, "road_distance_m": 298.8, "gps_lat": 19.691154, "gps_lon": 73.565072}, "geometry": {"type": "Polygon", "coordinates": [[[73.56548890628483, 19.691567773655937], [73.56548890628483, 19.690759289900228], [73.56463018418413, 19.690759289900228], [73.56463018418413, 19.691289435087814], [73.56481759006174, 19.691324723479074], [73.56481759006174, 19.691327214100188], [73.56463018418413, 19.691362502491447], [73.56463018418413, 19.691446487528484], [73.56479185031982, 19.69148453954907], [73.5647719707539, 19.691567773655937], [73.56548890628483, 19.691567773655937]]]}}, {"type": "Feature", "properties": {"id": 160, "area_m2": 6767.6, "perimeter_m": 499.1, "landuse": "Vacant / Unclassified", "building_count": 0, "building_ids": [], "has_unrecorded_building": false, "road_connected": false, "road_distance_m": 224.4, "gps_lat": 19.691957, "gps_lon": 73.565056}, "geometry": {"type": "Polygon", "coordinates": [[[73.56548890628483, 19.692376257411645], [73.56548890628483, 19.691567773655937], [73.5647719707539, 19.691567773655937], [73.56476602318915, 19.691592675620125], [73.56463377645628, 19.691567773655937], [73.56463018418413, 19.691567773655937], [73.56463018418413, 19.69229195473057], [73.56474036705967, 19.692281581052672], [73.56485269422433, 19.692334458862405], [73.56484546480064, 19.692376257411645], [73.56548890628483, 19.692376257411645]], [[73.56515788175969, 19.692135887786115], [73.56514262297063, 19.692121521691373], [73.56508158781438, 19.692121521691373], [73.56506632902531, 19.69210715559663], [73.56500529386906, 19.69210715559663], [73.56497477629094, 19.692078423407146], [73.56492039312046, 19.692078423407146], [73.56492039312046, 19.691933579796512], [73.56503245091207, 19.69188082879366], [73.56518269441219, 19.69188082879366], [73.56519795320125, 19.691895194888403], [73.56524372956844, 19.691895194888403], [73.56525181090188, 19.69190280343463], [73.56535914789517, 19.691877539086843], [73.56535914789517, 19.69200584830663], [73.56532863031704, 19.692048946590855], [73.56532863031704, 19.692121521691373], [73.5652589883575, 19.692121521691373], [73.56524372956844, 19.692135887786115], [73.56515788175969, 19.692135887786115]]]}}, {"type": "Feature", "properties": {"id": 161, "area_m2": 5849.7, "perimeter_m": 581.4, "landuse": "Vacant / Unclassified", "building_count": 0, "building_ids": [], "has_unrecorded_building": false, "road_connected": true, "road_distance_m": 155.5, "gps_lat": 19.69281, "gps_lon": 73.565091}, "geometry": {"type": "Polygon", "coordinates": [[[73.56548890628483, 19.692376257411645], [73.56484546480064, 19.692376257411645], [73.56482899506665, 19.692471480906438], [73.56476926559209, 19.692482727923313], [73.56468847439612, 19.69245737305033], [73.56467523807737, 19.69247606596973], [73.56463018418413, 19.692482125695104], [73.56463018418413, 19.69250992999062], [73.56466832042702, 19.692545835125447], [73.56463018418413, 19.69255780350372], [73.56463018418413, 19.69278253433951], [73.56466148748396, 19.69278990232542], [73.5646748466848, 19.692764747046827], [73.5647908008522, 19.6927829421184], [73.56487744714734, 19.69273399581421], [73.56495717311137, 19.692771526667677], [73.56505683926575, 19.692771526667677], [73.56511639785275, 19.692816047831087], [73.56500819574673, 19.69291791972276], [73.56500819574673, 19.692983487375905], [73.56482173224478, 19.692983487375905], [73.56474543829947, 19.69295475518642], [73.56470014279519, 19.69295475518642], [73.564654366428, 19.69301221956539], [73.56463018418413, 19.69301221956539], [73.56463018418413, 19.693093069823313], [73.56463708859197, 19.693080068873257], [73.56471493218993, 19.693129344982033], [73.5647031645005, 19.693184741167354], [73.56548890628483, 19.693184741167354], [73.56548890628483, 19.692753629860032], [73.56540867437046, 19.692753629860032], [73.56540867437046, 19.69270242830163], [73.56537815679233, 19.692673696112145], [73.56537815679233, 19.692564138520723], [73.56540867437046, 19.69253540633124], [73.56540867437046, 19.69245547258335], [73.56548890628483, 19.69245547258335], [73.56548890628483, 19.692376257411645]], [[73.5652218187936, 19.69257313344895], [73.5652218187936, 19.692638701102094], [73.56507298101108, 19.692638701102094], [73.56507298101108, 19.69258749954369], [73.56505772222202, 19.69257313344895], [73.56505772222202, 19.692566870628383], [73.56502055265813, 19.692566870628383], [73.56496616948765, 19.69251566906998], [73.56496616948765, 19.692412374299124], [73.565136918045, 19.692412374299124], [73.56519130121548, 19.692463575857527], [73.56519130121548, 19.69247033509594], [73.56527512344437, 19.692522947312938], [73.5652218187936, 19.69257313344895]]]}}, {"type": "Feature", "properties": {"id": 162, "area_m2": 3888.0, "perimeter_m": 266.2, "landuse": "Vacant / Unclassified", "building_count": 0, "building_ids": [], "has_unrecorded_building": false, "road_connected": true, "road_distance_m": 123.3, "gps_lat": 19.69339, "gps_lon": 73.565059}, "geometry": {"type": "Polygon", "coordinates": [[[73.56548890628483, 19.693184741167354], [73.5647031645005, 19.693184741167354], [73.56465787043176, 19.693397962177226], [73.56467540426536, 19.693414470218173], [73.56465436366504, 19.693414470218173], [73.5646467306131, 19.69345040267219], [73.56463018418413, 19.69343482426911], [73.56463018418413, 19.693608172020873], [73.56468905990172, 19.69361418486012], [73.56499395533974, 19.693603118932092], [73.56536126883015, 19.69355686173693], [73.56548890628483, 19.693527928138884], [73.56548890628483, 19.693184741167354]]]}}, {"type": "Feature", "properties": {"id": 163, "area_m2": 6795.5, "perimeter_m": 524.0, "landuse": "Vacant / Unclassified", "building_count": 0, "building_ids": [], "has_unrecorded_building": false, "road_connected": false, "road_distance_m": 439.5, "gps_lat": 19.689586, "gps_lon": 73.565895}, "geometry": {"type": "Polygon", "coordinates": [[[73.56634762838553, 19.689142322388815], [73.56593898187954, 19.689142322388815], [73.56593898187954, 19.689466526271392], [73.56585978605656, 19.68939196369035], [73.56582356355281, 19.68939196369035], [73.56578063964844, 19.689432376391153], [73.56573771574406, 19.68939196369035], [73.56568333257358, 19.68939196369035], [73.56568333257358, 19.689274302824753], [73.56569859136265, 19.68925993673001], [73.56569859136265, 19.689208735171608], [73.56582926847844, 19.689208735171608], [73.5658998080831, 19.689142322388815], [73.56548890628483, 19.689142322388815], [73.56548890628483, 19.689950806144523], [73.56634762838553, 19.689950806144523], [73.56634762838553, 19.689492526353547], [73.56634236238094, 19.689492526353547], [73.56632710359187, 19.68950689244829], [73.56629658601375, 19.68950689244829], [73.56618687261265, 19.689610187218815], [73.56618687261265, 19.68947005698463], [73.56617161382358, 19.689455690889886], [73.56617161382358, 19.68943431734777], [73.56612194130625, 19.689364167604495], [73.56615635503452, 19.689331767203722], [73.56615635503452, 19.689266199550577], [73.56621818108789, 19.689266199550577], [73.56634762838553, 19.68918495010873], [73.56634762838553, 19.689142322388815]]]}}, {"type": "Feature", "properties": {"id": 164, "area_m2": 7831.8, "perimeter_m": 384.7, "landuse": "Vacant / Unclassified", "building_count": 0, "building_ids": [], "has_unrecorded_building": false, "road_connected": false, "road_distance_m": 351.6, "gps_lat": 19.690344, "gps_lon": 73.565916}, "geometry": {"type": "Polygon", "coordinates": [[[73.56634762838553, 19.689950806144523], [73.56548890628483, 19.689950806144523], [73.56548890628483, 19.690759289900228], [73.56583031309587, 19.690759289900228], [73.56583592046421, 19.690754010583202], [73.56583592046421, 19.690674076835315], [73.56589030363469, 19.690674076835315], [73.56594848632812, 19.69061929803977], [73.56603053461392, 19.690696546204233], [73.56603053461392, 19.690759289900228], [73.56634762838553, 19.690759289900228], [73.56634762838553, 19.690512105837673], [73.56632420171421, 19.690490049711325], [73.56632420171421, 19.690380492119903], [73.56633946050327, 19.69036612602516], [73.56633946050327, 19.690314924466758], [73.56634762838553, 19.690314924466758], [73.56634762838553, 19.689950806144523]]]}}, {"type": "Feature", "properties": {"id": 165, "area_m2": 7636.5, "perimeter_m": 415.8, "landuse": "Vacant / Unclassified", "building_count": 0, "building_ids": [], "has_unrecorded_building": false, "road_connected": false, "road_distance_m": 265.2, "gps_lat": 19.691182, "gps_lon": 73.565919}, "geometry": {"type": "Polygon", "coordinates": [[[73.56548890628483, 19.690759289900228], [73.56548890628483, 19.691567773655937], [73.56634762838553, 19.691567773655937], [73.56634762838553, 19.690759289900228], [73.56603053461392, 19.690759289900228], [73.56603053461392, 19.690820469890397], [73.56601527582485, 19.69083483598514], [73.56601527582485, 19.690900403638285], [73.56598475824673, 19.690900403638285], [73.56598475824673, 19.69094350192251], [73.56572620706277, 19.69094350192251], [73.56582351413779, 19.69085188766314], [73.56582066167515, 19.69084920207988], [73.56582066167515, 19.690768376677944], [73.56583031309587, 19.690759289900228], [73.56548890628483, 19.690759289900228]]]}}, {"type": "Feature", "properties": {"id": 166, "area_m2": 7516.1, "perimeter_m": 401.3, "landuse": "Vacant / Unclassified", "building_count": 0, "building_ids": [], "has_unrecorded_building": false, "road_connected": true, "road_distance_m": 179.9, "gps_lat": 19.691948, "gps_lon": 73.565924}, "geometry": {"type": "Polygon", "coordinates": [[[73.56634762838553, 19.692376257411645], [73.56634762838553, 19.691567773655937], [73.56548890628483, 19.691567773655937], [73.56548890628483, 19.692376257411645], [73.56569859136265, 19.692376257411645], [73.56569859136265, 19.692276816625878], [73.56572910894077, 19.692248084436393], [73.56572910894077, 19.692182516783248], [73.56596949945767, 19.692182516783248], [73.56596949945767, 19.692376257411645], [73.56634762838553, 19.692376257411645]]]}}, {"type": "Feature", "properties": {"id": 167, "area_m2": 7637.0, "perimeter_m": 406.5, "landuse": "Vacant / Unclassified", "building_count": 0, "building_ids": [], "has_unrecorded_building": false, "road_connected": true, "road_distance_m": 98.2, "gps_lat": 19.692795, "gps_lon": 73.565937}, "geometry": {"type": "Polygon", "coordinates": [[[73.56548890628483, 19.693184741167354], [73.56634762838553, 19.693184741167354], [73.56634762838553, 19.692376257411645], [73.56596949945767, 19.692376257411645], [73.56596949945767, 19.692380111396734], [73.56588459870906, 19.692380111396734], [73.56587794672329, 19.6923863742173], [73.56587794672329, 19.692461937917315], [73.56569859136265, 19.69240565044276], [73.56569859136265, 19.692376257411645], [73.56548890628483, 19.692376257411645], [73.56548890628483, 19.69245547258335], [73.56565570600814, 19.69245547258335], [73.56566128992122, 19.692461060960547], [73.56555835654532, 19.692557972361865], [73.56560718467031, 19.69262692961663], [73.56555751215298, 19.692673696112145], [73.56555751215298, 19.692753629860032], [73.56548890628483, 19.692753629860032], [73.56548890628483, 19.693184741167354]]]}}, {"type": "Feature", "properties": {"id": 168, "area_m2": 2565.8, "perimeter_m": 240.5, "landuse": "Vacant / Unclassified", "building_count": 0, "building_ids": [], "has_unrecorded_building": false, "road_connected": true, "road_distance_m": 81.9, "gps_lat": 19.693317, "gps_lon": 73.565874}, "geometry": {"type": "Polygon", "coordinates": [[[73.56634762838553, 19.693184741167354], [73.56548890628483, 19.693184741167354], [73.56548890628483, 19.693527928138884], [73.56577563229091, 19.693462931425884], [73.56577929599432, 19.69346218999665], [73.56612419599432, 19.69340068999665], [73.56612712560381, 19.69340022302631], [73.56634762838553, 19.69336921916734], [73.56634762838553, 19.693184741167354]]]}}, {"type": "Feature", "properties": {"id": 169, "area_m2": 7632.5, "perimeter_m": 402.6, "landuse": "Vacant / Unclassified", "building_count": 0, "building_ids": [], "has_unrecorded_building": false, "road_connected": false, "road_distance_m": 425.6, "gps_lat": 19.689539, "gps_lon": 73.566787}, "geometry": {"type": "Polygon", "coordinates": [[[73.56719970703125, 19.689950806144523], [73.56719970703125, 19.689142322388815], [73.56634762838553, 19.689142322388815], [73.56634762838553, 19.68918495010873], [73.56635096918423, 19.6891828532088], [73.56635096918423, 19.68928056564532], [73.56639674555142, 19.68928056564532], [73.56639674555142, 19.689383860416175], [73.56638626369424, 19.689393729046806], [73.5664912001638, 19.689492526353547], [73.56634762838553, 19.689492526353547], [73.56634762838553, 19.689950806144523], [73.56652256597202, 19.689950806144523], [73.56652256597202, 19.68992077708815], [73.56653782476108, 19.68990641099341], [73.56653782476108, 19.689855209435006], [73.56666279695125, 19.689855209435006], [73.56667805574031, 19.689869575529748], [73.56674769769985, 19.689869575529748], [73.56674769769985, 19.68992077708815], [73.56676295648892, 19.689935143182893], [73.56676295648892, 19.689950806144523], [73.56719970703125, 19.689950806144523]]]}}, {"type": "Feature", "properties": {"id": 170, "area_m2": 5858.3, "perimeter_m": 662.6, "landuse": "Vacant / Unclassified", "building_count": 0, "building_ids": [], "has_unrecorded_building": false, "road_connected": false, "road_distance_m": 335.9, "gps_lat": 19.69034, "gps_lon": 73.566787}, "geometry": {"type": "Polygon", "coordinates": [[[73.56719970703125, 19.690759289900228], [73.56719970703125, 19.689950806144523], [73.56676295648892, 19.689950806144523], [73.56676295648892, 19.69000160249009], [73.56670857331844, 19.69005280404849], [73.5665769491425, 19.69005280404849], [73.56652256597202, 19.69000160249009], [73.56652256597202, 19.689950806144523], [73.56634762838553, 19.689950806144523], [73.56634762838553, 19.690314924466758], [73.56639384367375, 19.690314924466758], [73.56643676757812, 19.690274511765956], [73.5664796914825, 19.690314924466758], [73.56664378805442, 19.690314924466758], [73.56650355707485, 19.6904469514271], [73.56648829828579, 19.69046131752184], [73.56648829828579, 19.690541251269728], [73.56637858488469, 19.690541251269728], [73.56634762838553, 19.690512105837673], [73.56634762838553, 19.690759289900228], [73.56668646615627, 19.690759289900228], [73.56666850187688, 19.69074237659612], [73.56665324308781, 19.69074237659612], [73.56663798429875, 19.690728010501378], [73.56662272550969, 19.690728010501378], [73.56654067722373, 19.690650762336748], [73.56658360112827, 19.69061034963578], [73.56658360112827, 19.690595983541037], [73.56659885991733, 19.690581617446295], [73.56659885991733, 19.69048049767046], [73.56661876442296, 19.69046022723219], [73.56670857331844, 19.690544781982634], [73.5667238321075, 19.690544781982634], [73.56677821527798, 19.690595983541037], [73.56677821527798, 19.690759289900228], [73.56719970703125, 19.690759289900228]], [[73.56690403569858, 19.690531598551104], [73.56690403569858, 19.690416669793166], [73.566827555924, 19.69038066707751], [73.56688045803679, 19.690330859929542], [73.56680834162694, 19.69024033014397], [73.56687351812046, 19.690209648427444], [73.56687351812046, 19.690156897424593], [73.56703761469204, 19.690156897424593], [73.56703761469204, 19.690337393835676], [73.5670528734811, 19.69035175993042], [73.5670528734811, 19.690449158662005], [73.56712466923841, 19.690584349553955], [73.56693455327671, 19.690584349553955], [73.56693455327671, 19.690545964645846], [73.56690403569858, 19.690531598551104]]]}}, {"type": "Feature", "properties": {"id": 171, "area_m2": 7991.1, "perimeter_m": 372.2, "landuse": "Vacant / Unclassified", "building_count": 0, "building_ids": [], "has_unrecorded_building": false, "road_connected": false, "road_distance_m": 246.4, "gps_lat": 19.691166, "gps_lon": 73.566774}, "geometry": {"type": "Polygon", "coordinates": [[[73.56634762838553, 19.690759289900228], [73.56634762838553, 19.691567773655937], [73.56719970703125, 19.691567773655937], [73.56719970703125, 19.690759289900228], [73.56677821527798, 19.690759289900228], [73.56677821527798, 19.690845671366645], [73.56668646615627, 19.690759289900228], [73.56634762838553, 19.690759289900228]]]}}, {"type": "Feature", "properties": {"id": 172, "area_m2": 8037.3, "perimeter_m": 358.6, "landuse": "Vacant / Unclassified", "building_count": 0, "building_ids": [], "has_unrecorded_building": false, "road_connected": true, "road_distance_m": 157.5, "gps_lat": 19.691972, "gps_lon": 73.566774}, "geometry": {"type": "Polygon", "coordinates": [[[73.56634762838553, 19.691567773655937], [73.56634762838553, 19.692376257411645], [73.56719970703125, 19.692376257411645], [73.56719970703125, 19.691567773655937], [73.56634762838553, 19.691567773655937]]]}}, {"type": "Feature", "properties": {"id": 173, "area_m2": 8037.3, "perimeter_m": 358.6, "landuse": "Vacant / Unclassified", "building_count": 0, "building_ids": [], "has_unrecorded_building": false, "road_connected": true, "road_distance_m": 69.1, "gps_lat": 19.69278, "gps_lon": 73.566774}, "geometry": {"type": "Polygon", "coordinates": [[[73.56634762838553, 19.692376257411645], [73.56634762838553, 19.693184741167354], [73.56719970703125, 19.693184741167354], [73.56719970703125, 19.692376257411645], [73.56634762838553, 19.692376257411645]]]}}, {"type": "Feature", "properties": {"id": 174, "area_m2": 1491.3, "perimeter_m": 213.1, "landuse": "Vacant / Unclassified", "building_count": 0, "building_ids": [], "has_unrecorded_building": false, "road_connected": true, "road_distance_m": 55.7, "gps_lat": 19.693261, "gps_lon": 73.566747}, "geometry": {"type": "Polygon", "coordinates": [[[73.56634762838553, 19.693184741167354], [73.56634762838553, 19.69336921916734], [73.56644432560381, 19.69335562302631], [73.56645042143145, 19.69335500035755], [73.56719970703125, 19.693307029504513], [73.56719970703125, 19.693184741167354], [73.56634762838553, 19.693184741167354]]]}}, {"type": "Feature", "properties": {"id": 175, "area_m2": 1816.5, "perimeter_m": 210.4, "landuse": "Vacant / Unclassified", "building_count": 0, "building_ids": [], "has_unrecorded_building": false, "road_connected": true, "road_distance_m": 4.0, "gps_lat": 19.694091, "gps_lon": 73.566952}, "geometry": {"type": "Polygon", "coordinates": [[[73.56716500740173, 19.693859912366158], [73.566890252905, 19.693947760356846], [73.56657410238438, 19.694205848429455], [73.56657238521571, 19.69420716993111], [73.56647565639858, 19.694277297218672], [73.56683750815127, 19.694218491026867], [73.56684193780703, 19.6942180198808], [73.56684639559712, 19.69421803824429], [73.56719970703125, 19.694238958994024], [73.56719970703125, 19.693853590064446], [73.56716500740173, 19.693859912366158]]]}}, {"type": "Feature", "properties": {"id": 176, "area_m2": 548.1, "perimeter_m": 109.4, "landuse": "Residential", "building_count": 1, "building_ids": [72], "has_unrecorded_building": true, "road_connected": true, "road_distance_m": 4.0, "gps_lat": 19.6953, "gps_lon": 73.565666}, "geometry": {"type": "Polygon", "coordinates": [[[73.56546723404203, 19.695257262505862], [73.56554600347202, 19.695331423639455], [73.56554600347202, 19.69538262519786], [73.56563090422063, 19.69538262519786], [73.565673828125, 19.69542303789866], [73.56575587641079, 19.695345789734198], [73.56575587641079, 19.69533952691363], [73.5658808486013, 19.69533952691363], [73.56572802820432, 19.695195647062324], [73.56546723404203, 19.695257262505862]]]}}, {"type": "Feature", "properties": {"id": 177, "area_m2": 1238.3, "perimeter_m": 166.6, "landuse": "Residential", "building_count": 1, "building_ids": [84], "has_unrecorded_building": true, "road_connected": true, "road_distance_m": 4.0, "gps_lat": 19.695643, "gps_lon": 73.564674}, "geometry": {"type": "Polygon", "coordinates": [[[73.56462194301268, 19.695454509382415], [73.56462143826035, 19.69545462186743], [73.56455791230607, 19.69546835022577], [73.56455323551239, 19.69549036614752], [73.56456876288868, 19.695592698928074], [73.5645615362575, 19.695640325858015], [73.56439416828003, 19.69567184112717], [73.56455369408717, 19.695772360863703], [73.56461465672972, 19.695780560307643], [73.56466298281632, 19.69584122542209], [73.56468886660973, 19.69585753521009], [73.56488127449585, 19.695748844412552], [73.5648090500255, 19.695680845334813], [73.56482908844869, 19.695643113128835], [73.56477245571644, 19.69542983507808], [73.564791337931, 19.69541561304868], [73.56462194301268, 19.695454509382415]]]}}, {"type": "Feature", "properties": {"id": 178, "area_m2": 519.9, "perimeter_m": 98.6, "landuse": "Residential", "building_count": 1, "building_ids": [85], "has_unrecorded_building": true, "road_connected": true, "road_distance_m": 36.4, "gps_lat": 19.695882, "gps_lon": 73.566557}, "geometry": {"type": "Polygon", "coordinates": [[[73.56652099677088, 19.696062041155287], [73.56665614496548, 19.695934799618627], [73.56665614496548, 19.695906067429142], [73.56669906887002, 19.695865654728173], [73.566601761795, 19.6957740404688], [73.56657124421687, 19.6957740404688], [73.5665283203125, 19.695733627768], [73.56644627202671, 19.695810875932462], [73.56644627202671, 19.6958917013344], [73.56650065519719, 19.695942902892803], [73.56650730718296, 19.695942902892803], [73.56650730718296, 19.69606509244355], [73.56652099677088, 19.696062041155287]]]}}, {"type": "Feature", "properties": {"id": 179, "area_m2": 1533.6, "perimeter_m": 212.2, "landuse": "Residential", "building_count": 1, "building_ids": [89], "has_unrecorded_building": true, "road_connected": true, "road_distance_m": 4.0, "gps_lat": 19.696012, "gps_lon": 73.563396}, "geometry": {"type": "Polygon", "coordinates": [[[73.56341390016054, 19.695725070900032], [73.5633801313886, 19.69588403678359], [73.56333020920893, 19.69586836959969], [73.56331183516616, 19.695989463263516], [73.56322780335776, 19.695941993877213], [73.56316706845458, 19.695956289300163], [73.5631284628811, 19.696054263642083], [73.5631108527883, 19.69612744844331], [73.56316785288507, 19.696181113828363], [73.56333730429108, 19.69613202524799], [73.56335218220215, 19.696188055245937], [73.56343697659172, 19.69618136595299], [73.56345961564551, 19.69613873677839], [73.56357264764083, 19.696123534033394], [73.56358573680177, 19.696086563840225], [73.56360930446041, 19.696086563840225], [73.56368553344811, 19.696008651890843], [73.56359539077704, 19.69596621739137], [73.5636811703648, 19.695925836805483], [73.5635086698371, 19.69587170059774], [73.56342891511112, 19.695721523025323], [73.56341390016054, 19.695725070900032]]]}}, {"type": "Feature", "properties": {"id": 180, "area_m2": 276.5, "perimeter_m": 75.4, "landuse": "Residential", "building_count": 1, "building_ids": [90], "has_unrecorded_building": true, "road_connected": true, "road_distance_m": 4.0, "gps_lat": 19.696308, "gps_lon": 73.564455}, "geometry": {"type": "Polygon", "coordinates": [[[73.5644858881054, 19.696450081579417], [73.56450465570767, 19.696448331941273], [73.56450465570767, 19.696198137397637], [73.56438177352382, 19.696195192118115], [73.56443146990149, 19.696429136917793], [73.5644858881054, 19.696450081579417]]]}}, {"type": "Feature", "properties": {"id": 181, "area_m2": 1160.8, "perimeter_m": 157.4, "landuse": "Residential", "building_count": 1, "building_ids": [94], "has_unrecorded_building": true, "road_connected": true, "road_distance_m": 12.1, "gps_lat": 19.696222, "gps_lon": 73.566664}, "geometry": {"type": "Polygon", "coordinates": [[[73.56658456294699, 19.696047872815925], [73.56646153081577, 19.69611737339999], [73.56646153081577, 19.696345153545586], [73.5666153748587, 19.696345153545586], [73.56663063364776, 19.6963164213561], [73.56673118275849, 19.6963164213561], [73.5667403536004, 19.696333689985103], [73.56685153531943, 19.69636858238062], [73.5669227218352, 19.696301560533367], [73.56688564375695, 19.696161925026843], [73.56670857331844, 19.696161925026843], [73.56669331452937, 19.6961475589321], [73.56667140375454, 19.6961475589321], [73.56667140375454, 19.696028516766734], [73.56658456294699, 19.696047872815925]]]}}, {"type": "Feature", "properties": {"id": 182, "area_m2": 453.3, "perimeter_m": 86.7, "landuse": "Residential", "building_count": 1, "building_ids": [96], "has_unrecorded_building": true, "road_connected": true, "road_distance_m": 4.0, "gps_lat": 19.69632, "gps_lon": 73.563685}, "geometry": {"type": "Polygon", "coordinates": [[[73.5637255040748, 19.696230721542612], [73.56360813726108, 19.696239980421684], [73.56360813726108, 19.696248121595296], [73.5635623608939, 19.696248121595296], [73.5635623608939, 19.696351416366152], [73.56361674406438, 19.696402617924555], [73.56363200285344, 19.696402617924555], [73.56367492675781, 19.696443030625357], [73.56371785066219, 19.696402617924555], [73.56374836824031, 19.696402617924555], [73.56383041652627, 19.696325369759926], [73.56378749262173, 19.696284957058957], [73.56378749262173, 19.69622639544686], [73.5637255040748, 19.696230721542612]]]}}, {"type": "Feature", "properties": {"id": 183, "area_m2": 151.9, "perimeter_m": 62.4, "landuse": "Residential", "building_count": 1, "building_ids": [100], "has_unrecorded_building": true, "road_connected": true, "road_distance_m": 4.0, "gps_lat": 19.696678, "gps_lon": 73.56296}, "geometry": {"type": "Polygon", "coordinates": [[[73.56302904494491, 19.696571580675876], [73.56284682144185, 19.696743143445275], [73.56286257468814, 19.69676372122505], [73.5630347092994, 19.696682689167925], [73.56302904494491, 19.696571580675876]]]}}, {"type": "Feature", "properties": {"id": 184, "area_m2": 1854.8, "perimeter_m": 194.9, "landuse": "Residential", "building_count": 1, "building_ids": [102], "has_unrecorded_building": true, "road_connected": true, "road_distance_m": 4.0, "gps_lat": 19.696493, "gps_lon": 73.563931}, "geometry": {"type": "Polygon", "coordinates": [[[73.56380319791761, 19.69672725799194], [73.5638077576712, 19.696718672008885], [73.56381934228884, 19.696718672008885], [73.56405792264576, 19.69659178896884], [73.56406215082485, 19.696582500399735], [73.56406215082485, 19.69656064496672], [73.56409187750586, 19.69656064496672], [73.56418422113735, 19.696502684169904], [73.56418422113735, 19.69633751130721], [73.56413844477017, 19.696323145212467], [73.56413844477017, 19.696221680217924], [73.56411455314564, 19.696203570341055], [73.56406755377571, 19.69620685036268], [73.56403777208868, 19.69626292906406], [73.5639225657034, 19.69629391946271], [73.56379458252269, 19.696421270930262], [73.5637980278115, 19.696440733292032], [73.56376962351219, 19.696449647473738], [73.56375072927565, 19.69653859175076], [73.56373881437688, 19.696549809584884], [73.56366540626601, 19.696549809584884], [73.56365391362827, 19.696561245496017], [73.56365391362827, 19.69674740419837], [73.56376531666005, 19.69674740419837], [73.56380319791761, 19.69672725799194]]]}}, {"type": "Feature", "properties": {"id": 185, "area_m2": 806.2, "perimeter_m": 116.0, "landuse": "Residential", "building_count": 1, "building_ids": [104], "has_unrecorded_building": true, "road_connected": true, "road_distance_m": 45.3, "gps_lat": 19.696744, "gps_lon": 73.564068}, "geometry": {"type": "Polygon", "coordinates": [[[73.56391331304233, 19.69666869599647], [73.56391331304233, 19.696768033113678], [73.56396769621281, 19.69681923467208], [73.56398295500188, 19.69681923467208], [73.56398960698765, 19.696825497492647], [73.56398960698765, 19.696891065145792], [73.56413844477017, 19.696891065145792], [73.56413844477017, 19.696862332956307], [73.56419947992642, 19.696862332956307], [73.56419947992642, 19.696811131397904], [73.56421473871548, 19.696796765303162], [73.56421473871548, 19.696730305995967], [73.56418422113735, 19.696701573806482], [73.56418422113735, 19.696621640058595], [73.56412983796687, 19.696621640058595], [73.56408361759664, 19.69657812374709], [73.56391331304233, 19.69666869599647]]]}}, {"type": "Feature", "properties": {"id": 186, "area_m2": 2108.6, "perimeter_m": 241.5, "landuse": "Residential", "building_count": 1, "building_ids": [106], "has_unrecorded_building": true, "road_connected": true, "road_distance_m": 15.8, "gps_lat": 19.696898, "gps_lon": 73.561627}, "geometry": {"type": "Polygon", "coordinates": [[[73.561241482533, 19.6970634582827], [73.56146690053193, 19.6970634582827], [73.56149416806356, 19.69711480284764], [73.56165643703417, 19.697140265455847], [73.56177385324074, 19.697011294032823], [73.56191040239119, 19.69703700613913], [73.56187165664021, 19.696818132232174], [73.56181357294005, 19.69680719511343], [73.56182979545322, 19.696715554488406], [73.56166214006673, 19.696698015939482], [73.56159124829375, 19.696531155069522], [73.56146655695368, 19.696765947961374], [73.56154160758423, 19.696808343899793], [73.56142594459587, 19.696917240185222], [73.561431894049, 19.69692004087953], [73.561241482533, 19.6970634582827]]]}}, {"type": "Feature", "properties": {"id": 187, "area_m2": 1589.0, "perimeter_m": 237.0, "landuse": "Residential", "building_count": 1, "building_ids": [114], "has_unrecorded_building": true, "road_connected": true, "road_distance_m": 14.8, "gps_lat": 19.697439, "gps_lon": 73.561575}, "geometry": {"type": "Polygon", "coordinates": [[[73.56149159747106, 19.697193345454487], [73.56144478077636, 19.697325578700962], [73.56111992221189, 19.697325578700962], [73.56111852116872, 19.697332428117406], [73.56146205070424, 19.69746180084374], [73.56147973570899, 19.69759500378816], [73.56157206633, 19.69759500378816], [73.56159922577217, 19.697620574304786], [73.56184919453622, 19.697649992390755], [73.56181347593329, 19.697549105584145], [73.56185715469437, 19.697507982188487], [73.56175470555971, 19.697443678528533], [73.56174971725976, 19.69743663382898], [73.56178394965647, 19.697339944795704], [73.56167317292781, 19.697339944795704], [73.56163024902344, 19.697299532094902], [73.56158910451063, 19.697338269504975], [73.56157496820767, 19.69732828754637], [73.56157496820767, 19.69719642098204], [73.56149159747106, 19.697193345454487]]]}}, {"type": "Feature", "properties": {"id": 188, "area_m2": 727.0, "perimeter_m": 131.8, "landuse": "Residential", "building_count": 1, "building_ids": [116], "has_unrecorded_building": true, "road_connected": true, "road_distance_m": 48.8, "gps_lat": 19.697562, "gps_lon": 73.566219}, "geometry": {"type": "Polygon", "coordinates": [[[73.56614109624546, 19.697658730987694], [73.56615635503452, 19.697673097082436], [73.56615635503452, 19.697813227316622], [73.56630519281704, 19.697673097082436], [73.56630519281704, 19.697586900513983], [73.5663204516061, 19.69757253441924], [73.5663204516061, 19.697498716464676], [73.56628993402798, 19.69745561818045], [73.56628993402798, 19.69730848049889], [73.56614109624546, 19.697448610733076], [73.56614109624546, 19.697498716464676], [73.56611057866733, 19.697541814748902], [73.56611057866733, 19.697638102072386], [73.56614109624546, 19.697638102072386], [73.56614109624546, 19.697658730987694]]]}}, {"type": "Feature", "properties": {"id": 189, "area_m2": 1136.4, "perimeter_m": 175.5, "landuse": "Residential", "building_count": 1, "building_ids": [118], "has_unrecorded_building": true, "road_connected": true, "road_distance_m": 134.9, "gps_lat": 19.697701, "gps_lon": 73.56477}, "geometry": {"type": "Polygon", "coordinates": [[[73.56455868037096, 19.697655998880034], [73.56461521733921, 19.6977624575825], [73.56461521733921, 19.69785359349352], [73.5647707071075, 19.69785359349352], [73.56480122468562, 19.697824861304035], [73.56480356907613, 19.697824861304035], [73.56486304130537, 19.697852857748458], [73.56490803620906, 19.697810495209293], [73.56503421513685, 19.697810495209293], [73.56496067062344, 19.69767201142226], [73.56490000752102, 19.697643454376443], [73.56478932403252, 19.697630428363407], [73.56478809171563, 19.697629268141508], [73.56472169201638, 19.6973792078343], [73.56462369516437, 19.697655998880034], [73.56455868037096, 19.697655998880034]]]}}, {"type": "Feature", "properties": {"id": 190, "area_m2": 796.5, "perimeter_m": 125.1, "landuse": "Residential", "building_count": 1, "building_ids": [121], "has_unrecorded_building": true, "road_connected": true, "road_distance_m": 4.0, "gps_lat": 19.697762, "gps_lon": 73.560076}, "geometry": {"type": "Polygon", "coordinates": [[[73.56021747824367, 19.697585630380043], [73.55999053322196, 19.69769696752181], [73.55988690041292, 19.697747797271223], [73.55990568553553, 19.69777432645877], [73.55994717918205, 19.69791105787249], [73.5601400638388, 19.69791105787249], [73.56012175329192, 19.697824861304035], [73.5601456482962, 19.697824861304035], [73.56016941085781, 19.697780116572325], [73.5602169359811, 19.69775774420644], [73.5602169359811, 19.697729012016957], [73.56024745355923, 19.697714645922215], [73.56024745355923, 19.69760663777524], [73.56022291599542, 19.697583535747626], [73.56021747824367, 19.697585630380043]]]}}, {"type": "Feature", "properties": {"id": 191, "area_m2": 1144.1, "perimeter_m": 174.1, "landuse": "Government", "building_count": 1, "building_ids": [123], "has_unrecorded_building": true, "road_connected": true, "road_distance_m": 44.6, "gps_lat": 19.698015, "gps_lon": 73.560552}, "geometry": {"type": "Polygon", "coordinates": [[[73.56081700914554, 19.697951001657554], [73.56082389549363, 19.697900222490652], [73.56069496470245, 19.697900222490652], [73.5606775816588, 19.69786749034511], [73.56045547095647, 19.69788840198744], [73.56038463661875, 19.697955092260344], [73.56043407650833, 19.698024913476317], [73.56018765620571, 19.698140915388365], [73.56048869230656, 19.698140915388365], [73.56053161621094, 19.698181328089166], [73.56057454011531, 19.698140915388365], [73.56062268386411, 19.698140915388365], [73.56081700914554, 19.697951001657554]]]}}, {"type": "Feature", "properties": {"id": 192, "area_m2": 394.4, "perimeter_m": 104.8, "landuse": "Residential", "building_count": 1, "building_ids": [124], "has_unrecorded_building": true, "road_connected": true, "road_distance_m": 4.0, "gps_lat": 19.698045, "gps_lon": 73.562913}, "geometry": {"type": "Polygon", "coordinates": [[[73.56296328678057, 19.69810528510235], [73.56300929437954, 19.698017352268845], [73.56300929437954, 19.69788312428858], [73.56289958097844, 19.697986419059106], [73.56275074319558, 19.697986419059106], [73.56286045659702, 19.69808971382996], [73.56286045659702, 19.69813281211419], [73.56287571538608, 19.69814717820893], [73.56287571538608, 19.698212745862076], [73.56290496650514, 19.698212745862076], [73.56296328678057, 19.69810528510235]]]}}, {"type": "Feature", "properties": {"id": 193, "area_m2": 1136.1, "perimeter_m": 197.4, "landuse": "Residential", "building_count": 1, "building_ids": [125], "has_unrecorded_building": true, "road_connected": true, "road_distance_m": 40.9, "gps_lat": 19.698029, "gps_lon": 73.561}, "geometry": {"type": "Polygon", "coordinates": [[[73.5608185036363, 19.69793998144847], [73.56088706654755, 19.698069084914653], [73.56090733159702, 19.698069084914653], [73.56090733159702, 19.698088164385513], [73.56093784917515, 19.698102530480256], [73.56093784917515, 19.698145628764482], [73.56096836675327, 19.698159994859225], [73.56096836675327, 19.698260373243535], [73.56100805721414, 19.69834149966333], [73.56109169321807, 19.69818401367259], [73.56109669947855, 19.69818401367259], [73.56117475924562, 19.698147267178342], [73.56118686775062, 19.69810816763681], [73.5611222107962, 19.697986419059106], [73.56110194574673, 19.697986419059106], [73.56110194574673, 19.69797699230693], [73.56095310796421, 19.697696731838562], [73.56095310796421, 19.697926222572807], [73.56083539862746, 19.697815399657763], [73.5608185036363, 19.69793998144847]]]}}, {"type": "Feature", "properties": {"id": 194, "area_m2": 1957.7, "perimeter_m": 246.5, "landuse": "Residential", "building_count": 1, "building_ids": [126], "has_unrecorded_building": true, "road_connected": true, "road_distance_m": 4.0, "gps_lat": 19.697994, "gps_lon": 73.563335}, "geometry": {"type": "Polygon", "coordinates": [[[73.56311993797004, 19.697967430002883], [73.5631302988012, 19.698170005838822], [73.56315638279946, 19.69821912181897], [73.56333850733803, 19.698257226173343], [73.5633935753249, 19.69824685691123], [73.56346697124032, 19.698315958900267], [73.56351401339553, 19.698138798823948], [73.56348558668951, 19.697951453337314], [73.56343911481933, 19.697966037703242], [73.56344015328771, 19.69796310456054], [73.5634361721478, 19.697951859874017], [73.56353435562079, 19.69790564018157], [73.56342128168423, 19.697852410830308], [73.56342128168423, 19.69755113242028], [73.56332463754019, 19.69754609292032], [73.56327798087518, 19.69794143665331], [73.56325294122698, 19.69794733033788], [73.56324318247589, 19.697928954680137], [73.56313942733914, 19.697928954680137], [73.56311993797004, 19.697967430002883]]]}}, {"type": "Feature", "properties": {"id": 195, "area_m2": 894.7, "perimeter_m": 138.1, "landuse": "Residential", "building_count": 1, "building_ids": [127], "has_unrecorded_building": true, "road_connected": true, "road_distance_m": 82.3, "gps_lat": 19.698142, "gps_lon": 73.56135}, "geometry": {"type": "Polygon", "coordinates": [[[73.56113668573805, 19.698270210241045], [73.56126689054875, 19.698270210241045], [73.56128214933781, 19.698284576335787], [73.56142238031704, 19.698284576335787], [73.56142238031704, 19.698212745862076], [73.56145954988094, 19.698212745862076], [73.56151393305142, 19.698161544303673], [73.56151393305142, 19.69797490319104], [73.56142238031704, 19.698032367570008], [73.56142238031704, 19.698000785153848], [73.56125828374546, 19.698000785153848], [73.56125828374546, 19.69805198671225], [73.5612430249564, 19.698066352806993], [73.5612430249564, 19.69810209244385], [73.56121250737827, 19.698145190728077], [73.56121250737827, 19.69816691547019], [73.56115063439913, 19.69822516865639], [73.56113668573805, 19.698270210241045]]]}}, {"type": "Feature", "properties": {"id": 196, "area_m2": 673.4, "perimeter_m": 126.8, "landuse": "Government", "building_count": 1, "building_ids": [128], "has_unrecorded_building": true, "road_connected": true, "road_distance_m": 67.3, "gps_lat": 19.698174, "gps_lon": 73.560758}, "geometry": {"type": "Polygon", "coordinates": [[[73.56054918482347, 19.698212745862076], [73.56067844976108, 19.698212745862076], [73.56067844976108, 19.69829894243053], [73.56087306391079, 19.69829894243053], [73.56087306391079, 19.6982046425879], [73.56091598781533, 19.69816422988693], [73.56087306391079, 19.698123817185962], [73.56087306391079, 19.69807261562756], [73.56078151117642, 19.69807261562756], [73.56078151117642, 19.69798569375579], [73.56054918482347, 19.698212745862076]]]}}, {"type": "Feature", "properties": {"id": 197, "area_m2": 2454.1, "perimeter_m": 281.0, "landuse": "Residential", "building_count": 1, "building_ids": [131], "has_unrecorded_building": true, "road_connected": true, "road_distance_m": 75.8, "gps_lat": 19.698221, "gps_lon": 73.564276}, "geometry": {"type": "Polygon", "coordinates": [[[73.56384763412612, 19.69797806999075], [73.56418486722634, 19.698105071488662], [73.56409900659922, 19.69821824394675], [73.56424027282061, 19.698446246752642], [73.56425579148338, 19.698451117007608], [73.5642468428547, 19.69850166761695], [73.5643011135243, 19.698629406715053], [73.56443017872002, 19.698576450392117], [73.56445887934048, 19.69854942886171], [73.56445887934048, 19.698439113973343], [73.56455505628406, 19.698276123532867], [73.56444889745616, 19.69820116241834], [73.56451154759175, 19.698193789308817], [73.56435955812553, 19.69807931128241], [73.56440461463062, 19.698015680477404], [73.56432155023892, 19.697989612202566], [73.56432155023892, 19.697928373818694], [73.56414992192566, 19.697887976959574], [73.56413032765136, 19.69794332077488], [73.5638550415922, 19.69794332077488], [73.56384763412612, 19.69797806999075]]]}}, {"type": "Feature", "properties": {"id": 198, "area_m2": 834.1, "perimeter_m": 130.8, "landuse": "Residential", "building_count": 1, "building_ids": [132], "has_unrecorded_building": true, "road_connected": true, "road_distance_m": 26.3, "gps_lat": 19.698611, "gps_lon": 73.558849}, "geometry": {"type": "Polygon", "coordinates": [[[73.55871006597202, 19.69848923237508], [73.55871006597202, 19.69871555917805], [73.5587644491425, 19.69871555917805], [73.55877970793156, 19.698729925272794], [73.55882548429875, 19.698729925272794], [73.55893519769985, 19.69883322004332], [73.55893519769985, 19.69867872371439], [73.55895045648892, 19.69866435761965], [73.55895045648892, 19.698658094799082], [73.5589962328561, 19.698658094799082], [73.5589962328561, 19.698503598469824], [73.55894184968562, 19.698503598469824], [73.55892659089656, 19.69848923237508], [73.55888863043555, 19.69848923237508], [73.55881412165972, 19.698442465879683], [73.5587644491425, 19.69848923237508], [73.55871006597202, 19.69848923237508]]]}}, {"type": "Feature", "properties": {"id": 199, "area_m2": 1822.9, "perimeter_m": 247.5, "landuse": "Residential", "building_count": 1, "building_ids": [134], "has_unrecorded_building": true, "road_connected": true, "road_distance_m": 4.0, "gps_lat": 19.698657, "gps_lon": 73.559632}, "geometry": {"type": "Polygon", "coordinates": [[[73.55937663278172, 19.698791174343917], [73.55954554926235, 19.69898996716377], [73.55954554926235, 19.69880801856707], [73.55955220124812, 19.698801755746505], [73.55965236078579, 19.698801755746505], [73.55965236078579, 19.698790337671262], [73.55970557060225, 19.698815386096186], [73.55975056550594, 19.69877302355702], [73.55988124262173, 19.69877302355702], [73.55988124262173, 19.698532330659308], [73.55976417856964, 19.698532330659308], [73.55961033452671, 19.698242643438764], [73.55961033452671, 19.69854669675405], [73.55944712944509, 19.69854669675405], [73.55947555973313, 19.698626997794292], [73.55937176751874, 19.698692144457386], [73.55937663278172, 19.698791174343917]]]}}, {"type": "Feature", "properties": {"id": 200, "area_m2": 2540.6, "perimeter_m": 254.7, "landuse": "Residential", "building_count": 1, "building_ids": [136], "has_unrecorded_building": true, "road_connected": true, "road_distance_m": 20.1, "gps_lat": 19.698668, "gps_lon": 73.560274}, "geometry": {"type": "Polygon", "coordinates": [[[73.5599792553185, 19.698695641127138], [73.56001950398748, 19.698733535103493], [73.55999333499048, 19.6989799152642], [73.56022446426468, 19.698834843680114], [73.56017868789749, 19.698791745395887], [73.56024784630627, 19.698748337134656], [73.56026291713417, 19.698805093654613], [73.56045139641262, 19.69884945679444], [73.56063440059786, 19.69874177068266], [73.56060984474138, 19.69857993593186], [73.56053928071104, 19.698513500152387], [73.56037328200382, 19.698539548016182], [73.56029683204805, 19.69837759896294], [73.56012352934836, 19.698517453704603], [73.55998879424182, 19.698492083181456], [73.55997631246458, 19.69856259247038], [73.5599792553185, 19.698695641127138]]]}}, {"type": "Feature", "properties": {"id": 201, "area_m2": 1963.3, "perimeter_m": 241.1, "landuse": "Residential", "building_count": 1, "building_ids": [138], "has_unrecorded_building": true, "road_connected": true, "road_distance_m": 155.1, "gps_lat": 19.698846, "gps_lon": 73.564597}, "geometry": {"type": "Polygon", "coordinates": [[[73.56443337806688, 19.69909061762933], [73.56449604890437, 19.69903161326238], [73.56458014076284, 19.69903161326238], [73.5646258907697, 19.699096223461495], [73.56466674804688, 19.6989808225252], [73.5646735146981, 19.698999934858186], [73.56484459757625, 19.69891939790252], [73.56479368687367, 19.698440075477993], [73.5647123592296, 19.69866978452665], [73.56470802622589, 19.69866162551199], [73.5645389233939, 19.69866162551199], [73.5645389233939, 19.698767210384894], [73.56436940934204, 19.698780510123814], [73.56435144558597, 19.69884816136936], [73.56424761736969, 19.69888074599946], [73.56443337806688, 19.69909061762933]]]}}, {"type": "Feature", "properties": {"id": 202, "area_m2": 1823.9, "perimeter_m": 262.8, "landuse": "Residential", "building_count": 1, "building_ids": [139], "has_unrecorded_building": true, "road_connected": true, "road_distance_m": 73.1, "gps_lat": 19.69878, "gps_lon": 73.563688}, "geometry": {"type": "Polygon", "coordinates": [[[73.56405728917005, 19.698647259417246], [73.5637365922127, 19.698647259417246], [73.56370942181412, 19.698493774424996], [73.56352025308023, 19.698600635432474], [73.56349707722843, 19.698818835239326], [73.56351635189895, 19.698827908755636], [73.56350352881593, 19.6988460180851], [73.5634829305225, 19.699020557054368], [73.56357188762374, 19.699104309843616], [73.56373923869846, 19.69892048933975], [73.56371432988294, 19.698873586220216], [73.56395785160679, 19.698873586220216], [73.56374354381538, 19.69877270121477], [73.56407201957329, 19.698721158091665], [73.56406651062782, 19.698658489004117], [73.56405728917005, 19.698647259417246]]]}}, {"type": "Feature", "properties": {"id": 203, "area_m2": 733.2, "perimeter_m": 135.2, "landuse": "Residential", "building_count": 1, "building_ids": [141], "has_unrecorded_building": true, "road_connected": true, "road_distance_m": 32.7, "gps_lat": 19.699469, "gps_lon": 73.55565}, "geometry": {"type": "Polygon", "coordinates": [[[73.55549331394248, 19.699485910603215], [73.55553623784702, 19.699526323304184], [73.55553623784702, 19.699577524862587], [73.5555906210175, 19.699577524862587], [73.5557003344186, 19.699680819633112], [73.5557003344186, 19.699548792673102], [73.55573085199673, 19.699548792673102], [73.55573085199673, 19.699520060483618], [73.55585582418723, 19.699520060483618], [73.55574611078579, 19.699416765712762], [73.55574611078579, 19.699373667428535], [73.5556640625, 19.699296419264073], [73.55562113859563, 19.699336831964875], [73.55553623784702, 19.699336831964875], [73.55553623784702, 19.699445497902246], [73.55549331394248, 19.699485910603215]]]}}, {"type": "Feature", "properties": {"id": 204, "area_m2": 676.1, "perimeter_m": 118.6, "landuse": "Residential", "building_count": 1, "building_ids": [142], "has_unrecorded_building": false, "road_connected": true, "road_distance_m": 4.0, "gps_lat": 19.699457, "gps_lon": 73.558268}, "geometry": {"type": "Polygon", "coordinates": [[[73.55814288530736, 19.69960625705207], [73.55818461515813, 19.69960625705207], [73.55819987394719, 19.699620623146814], [73.55828572175594, 19.699620623146814], [73.55837451865469, 19.699537021187638], [73.55832484613735, 19.69946687144436], [73.55832484613735, 19.699463773008997], [73.55843741200147, 19.699322465870132], [73.55831623933406, 19.699322465870132], [73.55828572175594, 19.699293733680648], [73.55821513273625, 19.699293733680648], [73.55820681808956, 19.699301561890447], [73.55814288530736, 19.69960625705207]]]}}, {"type": "Feature", "properties": {"id": 205, "area_m2": 1180.3, "perimeter_m": 175.6, "landuse": "Residential", "building_count": 1, "building_ids": [143], "has_unrecorded_building": true, "road_connected": true, "road_distance_m": 4.0, "gps_lat": 19.699491, "gps_lon": 73.562905}, "geometry": {"type": "Polygon", "coordinates": [[[73.56272312749546, 19.699219586215484], [73.56272312749546, 19.699323764173325], [73.56285699277207, 19.699700397275915], [73.56285702068244, 19.699700476105154], [73.56286251202259, 19.69971604566958], [73.56292744514934, 19.699726587706127], [73.56295415423759, 19.69966372143104], [73.56303120515437, 19.69966372143104], [73.5631953017263, 19.69950922510178], [73.56305167918458, 19.69950922510178], [73.5630454060883, 19.699491506809377], [73.56296746020733, 19.69943279819724], [73.56292183015786, 19.699325396880702], [73.56285621271135, 19.699340841527874], [73.56278401903688, 19.69920490136081], [73.56272312749546, 19.699219586215484]]]}}, {"type": "Feature", "properties": {"id": 206, "area_m2": 681.6, "perimeter_m": 105.1, "landuse": "Residential", "building_count": 1, "building_ids": [144], "has_unrecorded_building": true, "road_connected": true, "road_distance_m": 19.7, "gps_lat": 19.699617, "gps_lon": 73.555184}, "geometry": {"type": "Polygon", "coordinates": [[[73.5553160122294, 19.69957210717167], [73.55523396394344, 19.69949485900704], [73.55504795659702, 19.69949485900704], [73.55504795659702, 19.69962688596738], [73.55507847417515, 19.699655618156864], [73.55507847417515, 19.69968435034635], [73.55514811613469, 19.699749917999494], [73.55521870515437, 19.699749917999494], [73.55523396394344, 19.69973555190475], [73.55531886469204, 19.69973555190475], [73.55531886469204, 19.699595421670235], [73.55529124899192, 19.699595421670235], [73.5553160122294, 19.69957210717167]]]}}, {"type": "Feature", "properties": {"id": 207, "area_m2": 482.8, "perimeter_m": 84.9, "landuse": "Residential", "building_count": 1, "building_ids": [146], "has_unrecorded_building": true, "road_connected": true, "road_distance_m": 192.4, "gps_lat": 19.699941, "gps_lon": 73.565135}, "geometry": {"type": "Polygon", "coordinates": [[[73.56518269441219, 19.700037239894336], [73.56525233637173, 19.69997167224119], [73.56525233637173, 19.699839645280854], [73.5651121053925, 19.699839645280854], [73.56508158781438, 19.699868377470334], [73.56506632902531, 19.699868377470334], [73.56501194585483, 19.699919579028737], [73.56501194585483, 19.700037239894336], [73.56518269441219, 19.700037239894336]]]}}, {"type": "Feature", "properties": {"id": 208, "area_m2": 624.9, "perimeter_m": 124.6, "landuse": "Residential", "building_count": 1, "building_ids": [147], "has_unrecorded_building": true, "road_connected": true, "road_distance_m": 117.2, "gps_lat": 19.699949, "gps_lon": 73.561563}, "geometry": {"type": "Polygon", "coordinates": [[[73.56154154875188, 19.700051605989078], [73.56158447265625, 19.70009201868988], [73.5616817797311, 19.700000404430675], [73.5616817797311, 19.699986038335933], [73.56172470363565, 19.699945625634964], [73.5616817797311, 19.699905212933995], [73.5616817797311, 19.699854011375596], [73.56162739656062, 19.699854011375596], [73.56151768315952, 19.69975071660507], [73.56151768315952, 19.699882743565077], [73.56147190679233, 19.699882743565077], [73.56147190679233, 19.699948311218222], [73.56136219339089, 19.700051605989078], [73.56154154875188, 19.700051605989078]]]}}, {"type": "Feature", "properties": {"id": 209, "area_m2": 900.6, "perimeter_m": 175.7, "landuse": "Residential", "building_count": 1, "building_ids": [148], "has_unrecorded_building": true, "road_connected": true, "road_distance_m": 4.0, "gps_lat": 19.699913, "gps_lon": 73.562726}, "geometry": {"type": "Polygon", "coordinates": [[[73.56278579742744, 19.699726577594625], [73.56275539382969, 19.699783827349368], [73.56272487625156, 19.69979819344411], [73.56271567101805, 19.699815526832253], [73.56255739334898, 19.69966650897899], [73.5625011272934, 19.69965737406059], [73.56266209233921, 19.69996047007806], [73.56266209233921, 19.699993396983302], [73.56282618891079, 19.700225141476693], [73.56282618891079, 19.70003477022308], [73.56288476979849, 19.70000719337608], [73.56278579742744, 19.699726577594625]]]}}, {"type": "Feature", "properties": {"id": 210, "area_m2": 1519.4, "perimeter_m": 227.6, "landuse": "Residential", "building_count": 1, "building_ids": [149], "has_unrecorded_building": false, "road_connected": true, "road_distance_m": 4.0, "gps_lat": 19.699922, "gps_lon": 73.559533}, "geometry": {"type": "Polygon", "coordinates": [[[73.55918986314677, 19.70008426457234], [73.55947235295041, 19.70003107194655], [73.5595444576979, 19.70016684466475], [73.55963514574226, 19.699967618910918], [73.55996528095051, 19.699864011875874], [73.55994561458567, 19.699789464371324], [73.55955700520863, 19.69985044342527], [73.55954554926235, 19.69984235412626], [73.55954554926235, 19.699782180901884], [73.55946064851375, 19.699782180901884], [73.55941869190188, 19.699742678903483], [73.55939128758925, 19.699738993037588], [73.55918986314677, 19.70008426457234]]]}}, {"type": "Feature", "properties": {"id": 211, "area_m2": 480.9, "perimeter_m": 92.1, "landuse": "Residential", "building_count": 1, "building_ids": [151], "has_unrecorded_building": false, "road_connected": true, "road_distance_m": 4.0, "gps_lat": 19.699992, "gps_lon": 73.558162}, "geometry": {"type": "Polygon", "coordinates": [[[73.55807094064717, 19.699948869473285], [73.55807005069843, 19.699952241309845], [73.55805098094811, 19.70001198643189], [73.55807780363469, 19.700037239894336], [73.55808445562046, 19.700037239894336], [73.55808445562046, 19.700109070368047], [73.55820942781062, 19.700109070368047], [73.5582638109811, 19.700057868809644], [73.5582638109811, 19.699925841849304], [73.55823329340298, 19.699925841849304], [73.55823329340298, 19.699882743565077], [73.55813313386531, 19.699882743565077], [73.5580928013922, 19.699844770687438], [73.55807094064717, 19.699948869473285]]]}}, {"type": "Feature", "properties": {"id": 212, "area_m2": 537.0, "perimeter_m": 103.3, "landuse": "Residential", "building_count": 1, "building_ids": [152], "has_unrecorded_building": true, "road_connected": true, "road_distance_m": 64.0, "gps_lat": 19.700023, "gps_lon": 73.555277}, "geometry": {"type": "Polygon", "coordinates": [[[73.55539515863735, 19.700109070368047], [73.55539515863735, 19.700057868809644], [73.55541041742642, 19.7000435027149], [73.55541041742642, 19.699925841849304], [73.55518528569858, 19.699925841849304], [73.55518528569858, 19.70000577559719], [73.55507557229714, 19.700109070368047], [73.55539515863735, 19.700109070368047]]]}}, {"type": "Feature", "properties": {"id": 213, "area_m2": 1395.6, "perimeter_m": 210.5, "landuse": "Residential", "building_count": 1, "building_ids": [153], "has_unrecorded_building": true, "road_connected": true, "road_distance_m": 16.8, "gps_lat": 19.700021, "gps_lon": 73.566784}, "geometry": {"type": "Polygon", "coordinates": [[[73.56641324214321, 19.7000264045125], [73.56667690261875, 19.70015052220479], [73.56670066518036, 19.7001952669365], [73.56677531340031, 19.7001952669365], [73.56688502680142, 19.700298561707026], [73.56688502680142, 19.70015688202839], [73.56691554437954, 19.70014251593365], [73.56691554437954, 19.700113783744165], [73.56694606195767, 19.700099417649422], [73.56694606195767, 19.70002913662016], [73.56697657953579, 19.700000404430675], [73.56697657953579, 19.699919579028737], [73.56696132074673, 19.699905212933995], [73.56696132074673, 19.699876480744514], [73.56688450133157, 19.699804155542854], [73.5667361890189, 19.69983906441941], [73.5667361890189, 19.699868377470334], [73.56659595803933, 19.699868377470334], [73.56670567144077, 19.69997167224119], [73.56670567144077, 19.70000577559719], [73.56668376066594, 19.7000264045125], [73.56641324214321, 19.7000264045125]]]}}, {"type": "Feature", "properties": {"id": 214, "area_m2": 1226.5, "perimeter_m": 209.9, "landuse": "Residential", "building_count": 1, "building_ids": [154], "has_unrecorded_building": true, "road_connected": true, "road_distance_m": 71.6, "gps_lat": 19.700128, "gps_lon": 73.5642}, "geometry": {"type": "Polygon", "coordinates": [[[73.56429227562589, 19.70031528826785], [73.56435871980281, 19.70025273131547], [73.56446237346634, 19.70025273131547], [73.56441891718623, 19.700089075592956], [73.56439784418423, 19.70007915551535], [73.56439784418423, 19.70004077060724], [73.56434181528839, 19.70004077060724], [73.56430357540121, 19.699968765176166], [73.56425476074219, 19.700014724001182], [73.56422424316406, 19.699985991811698], [73.56418131925969, 19.7000264045125], [73.56380444413803, 19.7000264045125], [73.5637980459193, 19.700075337287203], [73.56415745366733, 19.700159932561085], [73.56415745366733, 19.700172535131177], [73.56412067367609, 19.700189849245582], [73.56415745366733, 19.700207163359988], [73.56415745366733, 19.700298561707026], [73.56422217216475, 19.700237629475666], [73.56423374761265, 19.700243078596845], [73.56423374761265, 19.700328050304268], [73.56429227562589, 19.70031528826785]]]}}, {"type": "Feature", "properties": {"id": 215, "area_m2": 1180.0, "perimeter_m": 178.7, "landuse": "Residential", "building_count": 1, "building_ids": [157], "has_unrecorded_building": false, "road_connected": true, "road_distance_m": 4.0, "gps_lat": 19.700287, "gps_lon": 73.558088}, "geometry": {"type": "Polygon", "coordinates": [[[73.55827881873817, 19.700201749225226], [73.55823827063642, 19.700192205252417], [73.55823414030657, 19.70018637221647], [73.55801895825412, 19.70011231285082], [73.55801365069844, 19.700128941309845], [73.55801240425544, 19.700132250377607], [73.55801082075044, 19.700135429120465], [73.5580089153017, 19.70013844718986], [73.5579191153017, 19.70026604718986], [73.55791709588692, 19.70026865434181], [73.55791483619299, 19.700271080418098], [73.5579123544425, 19.70027330585443], [73.55790967064867, 19.70027531270451], [73.55781807252232, 19.700337703414935], [73.55781205123473, 19.700360379496956], [73.55797951582025, 19.700468222736603], [73.55799040281397, 19.700468222736603], [73.55813085565227, 19.70036904585696], [73.55809335472122, 19.700333738865947], [73.55816650390625, 19.700356695430372], [73.55846073010763, 19.70026435779538], [73.55827881873817, 19.700201749225226]], [[73.55804152229858, 19.70028493882741], [73.55804767442426, 19.700281463504954], [73.55804893178193, 19.700281463504954], [73.55806003254067, 19.70030236615342], [73.55804152229858, 19.70028493882741]]]}}, {"type": "Feature", "properties": {"id": 216, "area_m2": 582.3, "perimeter_m": 106.8, "landuse": "Residential", "building_count": 1, "building_ids": [158], "has_unrecorded_building": true, "road_connected": true, "road_distance_m": 110.1, "gps_lat": 19.700483, "gps_lon": 73.564389}, "geometry": {"type": "Polygon", "coordinates": [[[73.56441975495906, 19.70058315149454], [73.56443501374812, 19.7005687853998], [73.56458385153098, 19.7005687853998], [73.56448654445596, 19.700477171140427], [73.5644893969186, 19.70047448555717], [73.5644893969186, 19.700371190786313], [73.56434916593938, 19.700371190786313], [73.56433390715031, 19.700385556881056], [73.56426426519077, 19.700385556881056], [73.56426426519077, 19.70058315149454], [73.56441975495906, 19.70058315149454]]]}}, {"type": "Feature", "properties": {"id": 217, "area_m2": 943.8, "perimeter_m": 149.1, "landuse": "Residential", "building_count": 1, "building_ids": [159], "has_unrecorded_building": false, "road_connected": true, "road_distance_m": 4.0, "gps_lat": 19.700475, "gps_lon": 73.559376}, "geometry": {"type": "Polygon", "coordinates": [[[73.559186496072, 19.700482588831346], [73.55920122439231, 19.700482588831346], [73.55921360601108, 19.700498131830436], [73.55921360601108, 19.7005012302658], [73.55918018509583, 19.70054842877215], [73.55934561824327, 19.70064061587351], [73.55940822016079, 19.70064061587351], [73.55940822016079, 19.700594808743876], [73.55945515300742, 19.70056166841479], [73.55948952036651, 19.700496954926088], [73.55968937346341, 19.700496954926088], [73.55939044786176, 19.700328092502087], [73.55931541127411, 19.700328092502087], [73.5593040834961, 19.70034942262616], [73.559301684082, 19.70034791659969], [73.55928692888996, 19.700320132679764], [73.559186496072, 19.700482588831346]]]}}, {"type": "Feature", "properties": {"id": 218, "area_m2": 1206.3, "perimeter_m": 136.9, "landuse": "Residential", "building_count": 1, "building_ids": [160], "has_unrecorded_building": false, "road_connected": true, "road_distance_m": 4.0, "gps_lat": 19.700569, "gps_lon": 73.557844}, "geometry": {"type": "Polygon", "coordinates": [[[73.55787509124492, 19.700400975775302], [73.55774513852572, 19.70038738132915], [73.55773566628369, 19.700393833206867], [73.55766421843991, 19.70049646305581], [73.55766962749833, 19.70072651194965], [73.55805166047635, 19.700684341642738], [73.55806762821163, 19.70063924094759], [73.55804248466406, 19.700520878151856], [73.55792811762173, 19.70046704007339], [73.55792811762173, 19.700435123510136], [73.55787509124492, 19.700400975775302]]]}}, {"type": "Feature", "properties": {"id": 219, "area_m2": 1020.3, "perimeter_m": 170.3, "landuse": "Residential", "building_count": 1, "building_ids": [161], "has_unrecorded_building": true, "road_connected": true, "road_distance_m": 4.0, "gps_lat": 19.700696, "gps_lon": 73.563066}, "geometry": {"type": "Polygon", "coordinates": [[[73.56317675524367, 19.700641182228043], [73.56314530781563, 19.700428655165283], [73.56309959096161, 19.700428655165283], [73.56303600283856, 19.70054839114125], [73.5630410390948, 19.700550761949778], [73.56302593072563, 19.70060765984964], [73.56287184285786, 19.70062838458828], [73.56293142948138, 19.700740585769566], [73.56291186586358, 19.700795842995888], [73.56297587492375, 19.700856107294644], [73.5630821967627, 19.700856107294644], [73.56310459722202, 19.700792837440236], [73.56310459722202, 19.700945035970427], [73.56319612916333, 19.700858858978577], [73.56317675524367, 19.700641182228043]]]}}, {"type": "Feature", "properties": {"id": 220, "area_m2": 853.3, "perimeter_m": 128.4, "landuse": "Residential", "building_count": 1, "building_ids": [162], "has_unrecorded_building": false, "road_connected": true, "road_distance_m": 4.0, "gps_lat": 19.700648, "gps_lon": 73.558931}, "geometry": {"type": "Polygon", "coordinates": [[[73.55911620649815, 19.7005962864642], [73.55890936065406, 19.700481022267827], [73.55890911940607, 19.700480872314586], [73.55890887254226, 19.700480745616634], [73.5588786779774, 19.700463341594634], [73.55873778174556, 19.700684430416228], [73.55887664162606, 19.70072800910807], [73.5589305026191, 19.700880138898782], [73.55894207140113, 19.700877960505487], [73.55911620649815, 19.7005962864642]]]}}, {"type": "Feature", "properties": {"id": 221, "area_m2": 500.5, "perimeter_m": 99.6, "landuse": "Residential", "building_count": 1, "building_ids": [164], "has_unrecorded_building": true, "road_connected": true, "road_distance_m": 31.2, "gps_lat": 19.700887, "gps_lon": 73.555699}, "geometry": {"type": "Polygon", "coordinates": [[[73.55550281839089, 19.700942303863098], [73.55565165617375, 19.700942303863098], [73.55572509765625, 19.701011448753384], [73.55576802156062, 19.700971036052582], [73.5558224047311, 19.700971036052582], [73.5558224047311, 19.700839009092242], [73.55576802156062, 19.70078780753384], [73.55561253179233, 19.70078780753384], [73.55561253179233, 19.700839009092242], [73.55550281839089, 19.700942303863098]]]}}, {"type": "Feature", "properties": {"id": 222, "area_m2": 678.1, "perimeter_m": 116.0, "landuse": "Residential", "building_count": 1, "building_ids": [165], "has_unrecorded_building": true, "road_connected": true, "road_distance_m": 141.4, "gps_lat": 19.700939, "gps_lon": 73.560871}, "geometry": {"type": "Polygon", "coordinates": [[[73.56072422612827, 19.700830905818066], [73.56072422612827, 19.700985402147325], [73.56080052007358, 19.700985402147325], [73.56080052007358, 19.70099166496789], [73.56081577886265, 19.701006031062633], [73.56081577886265, 19.701057232621036], [73.56088542082219, 19.701057232621036], [73.56092834472656, 19.701097645321838], [73.56103805812783, 19.70099435055115], [73.56099513422329, 19.70095393785018], [73.56099513422329, 19.700888370197035], [73.56096461664517, 19.700888370197035], [73.56096461664517, 19.700830905818066], [73.5608644571075, 19.700830905818066], [73.56082153320312, 19.700790493117264], [73.56077860929875, 19.700830905818066], [73.56072422612827, 19.700830905818066]]]}}, {"type": "Feature", "properties": {"id": 223, "area_m2": 515.2, "perimeter_m": 112.6, "landuse": "Residential", "building_count": 1, "building_ids": [166], "has_unrecorded_building": true, "road_connected": true, "road_distance_m": 4.0, "gps_lat": 19.701072, "gps_lon": 73.556332}, "geometry": {"type": "Polygon", "coordinates": [[[73.55632106282017, 19.70094574432105], [73.55631939123319, 19.70094801107481], [73.5563175398141, 19.700950150370137], [73.55620762456577, 19.701067638792967], [73.55620762456577, 19.70121799177053], [73.55630493164062, 19.701126377511322], [73.55630778410344, 19.701129063094747], [73.5563230428925, 19.701129063094747], [73.5564327562936, 19.701232357865273], [73.5564327562936, 19.701040134418633], [73.55641749750454, 19.70102576832389], [73.55641749750454, 19.70093146848126], [73.5563307492496, 19.70093146848126], [73.55632106282017, 19.70094574432105]]]}}, {"type": "Feature", "properties": {"id": 224, "area_m2": 799.4, "perimeter_m": 131.4, "landuse": "Residential", "building_count": 1, "building_ids": [168], "has_unrecorded_building": true, "road_connected": true, "road_distance_m": 135.5, "gps_lat": 19.701064, "gps_lon": 73.565836}, "geometry": {"type": "Polygon", "coordinates": [[[73.56589320551235, 19.70118005808083], [73.56589320551235, 19.70117687475509], [73.56590671554531, 19.70117051493149], [73.56591347056182, 19.70115779528423], [73.56596089265437, 19.70115779528423], [73.56606123802132, 19.701063320483996], [73.56598475824673, 19.70102731776834], [73.56598475824673, 19.70098893286023], [73.56584742914517, 19.70098893286023], [73.56584742914517, 19.700871271994963], [73.56573771574406, 19.70097456676549], [73.56566807378452, 19.70097456676549], [73.56566807378452, 19.701090678186638], [73.56569859136265, 19.70110504428138], [73.56569859136265, 19.70112412375218], [73.56573479325779, 19.701192291658984], [73.56589320551235, 19.70118005808083]]]}}, {"type": "Feature", "properties": {"id": 225, "area_m2": 1436.8, "perimeter_m": 182.2, "landuse": "Residential", "building_count": 1, "building_ids": [169], "has_unrecorded_building": false, "road_connected": true, "road_distance_m": 4.0, "gps_lat": 19.701079, "gps_lon": 73.557827}, "geometry": {"type": "Polygon", "coordinates": [[[73.55767191034168, 19.700810549472653], [73.55768840495497, 19.70127446047133], [73.55791330093666, 19.701288576388247], [73.55809137443057, 19.70115445194762], [73.55800441156704, 19.701113514336793], [73.55800441156704, 19.700993302908103], [73.55787457781243, 19.70103404891164], [73.55783967144775, 19.700935456263156], [73.55787164993107, 19.700830079570594], [73.55786917086138, 19.70082541150028], [73.55767191034168, 19.700810549472653]]]}}, {"type": "Feature", "properties": {"id": 226, "area_m2": 991.8, "perimeter_m": 176.7, "landuse": "Residential", "building_count": 1, "building_ids": [170], "has_unrecorded_building": true, "road_connected": true, "road_distance_m": 125.0, "gps_lat": 19.701283, "gps_lon": 73.56588}, "geometry": {"type": "Polygon", "coordinates": [[[73.56575201487793, 19.70119096169852], [73.56574456119708, 19.70119797931209], [73.56563078576, 19.701233685699663], [73.56569859136265, 19.701329443794332], [73.56569859136265, 19.701365183431193], [73.56575297453313, 19.70141638498959], [73.56582066167515, 19.70141638498959], [73.56582066167515, 19.701440882151203], [73.56587270045513, 19.70141638498959], [73.56604700673877, 19.70141638498959], [73.56596974278966, 19.70136788917041], [73.56601449436144, 19.701283622284283], [73.56600020286507, 19.701270166892115], [73.56625018079758, 19.701152490232218], [73.56575201487793, 19.70119096169852]]]}}, {"type": "Feature", "properties": {"id": 227, "area_m2": 1070.1, "perimeter_m": 165.6, "landuse": "Residential", "building_count": 1, "building_ids": [171], "has_unrecorded_building": true, "road_connected": true, "road_distance_m": 110.9, "gps_lat": 19.701494, "gps_lon": 73.562178}, "geometry": {"type": "Polygon", "coordinates": [[[73.56186709288457, 19.701419915702495], [73.56211036057213, 19.701603144221238], [73.56212302846161, 19.701603144221238], [73.5621344356156, 19.70162462380975], [73.56222293134672, 19.701641287491938], [73.56227111816406, 19.701686655206267], [73.56239912864632, 19.70156613379997], [73.56232264887173, 19.701530131084315], [73.56232264887173, 19.701494478283866], [73.56236557277627, 19.701454065582897], [73.56217381108921, 19.701273522647742], [73.56217381108921, 19.701376817418268], [73.56209086515813, 19.701376817418268], [73.56204508879094, 19.701419915702495], [73.56186709288457, 19.701419915702495]]]}}, {"type": "Feature", "properties": {"id": 228, "area_m2": 434.3, "perimeter_m": 84.8, "landuse": "Residential", "building_count": 1, "building_ids": [172], "has_unrecorded_building": true, "road_connected": true, "road_distance_m": 4.0, "gps_lat": 19.701608, "gps_lon": 73.557473}, "geometry": {"type": "Polygon", "coordinates": [[[73.55740187761879, 19.701703706884434], [73.55743693449406, 19.701703706884434], [73.55747985839844, 19.701744119585236], [73.55757716547329, 19.70165250532603], [73.55757716547329, 19.701534844460433], [73.55752278230281, 19.701534844460433], [73.55746459960938, 19.70148006566489], [73.557421675705, 19.70152047836569], [73.55736729253452, 19.70152047836569], [73.55736729253452, 19.701563879858266], [73.55740187761879, 19.701703706884434]]]}}, {"type": "Feature", "properties": {"id": 229, "area_m2": 315.1, "perimeter_m": 75.5, "landuse": "Residential", "building_count": 1, "building_ids": [173], "has_unrecorded_building": true, "road_connected": true, "road_distance_m": 4.0, "gps_lat": 19.701632, "gps_lon": 73.555596}, "geometry": {"type": "Polygon", "coordinates": [[[73.5556343999949, 19.70152496240874], [73.55563311930784, 19.7015259023886], [73.55547439059127, 19.701637374642534], [73.5555057202689, 19.701666871420773], [73.5555057202689, 19.701718072979176], [73.55561543367, 19.701718072979176], [73.55566981684048, 19.701666871420773], [73.55566981684048, 19.70165250532603], [73.55571274074502, 19.701612092625062], [73.55566981684048, 19.701571679924093], [73.55566981684048, 19.70154294773461], [73.55565455805142, 19.701528581639867], [73.55565455805142, 19.701509506865804], [73.5556343999949, 19.70152496240874]]]}}, {"type": "Feature", "properties": {"id": 230, "area_m2": 1527.5, "perimeter_m": 229.0, "landuse": "Residential", "building_count": 1, "building_ids": [174], "has_unrecorded_building": true, "road_connected": true, "road_distance_m": 93.2, "gps_lat": 19.701816, "gps_lon": 73.559215}, "geometry": {"type": "Polygon", "coordinates": [[[73.55933045276689, 19.702071807656814], [73.5593035901257, 19.701995934418104], [73.55930776906594, 19.701976262132487], [73.5593624437936, 19.701959103446335], [73.5593624437936, 19.701923911681686], [73.55960909672397, 19.701807800260536], [73.5593313989507, 19.701807800260536], [73.55929782656784, 19.701760387844892], [73.55931373960163, 19.701752896812998], [73.55916157899811, 19.701514132382723], [73.55910444267248, 19.70164861649283], [73.55909216529953, 19.70164476345875], [73.5590596151986, 19.701660086359926], [73.55900345515428, 19.70160721188121], [73.55895079239261, 19.701647859234352], [73.55898589377163, 19.701697430966547], [73.55903389210448, 19.701833001737114], [73.55908189043731, 19.701833001737114], [73.5591491375348, 19.701927971085887], [73.5591325702396, 19.702021559377123], [73.5591859408956, 19.702071807656814], [73.55933045276689, 19.702071807656814]]]}}, {"type": "Feature", "properties": {"id": 231, "area_m2": 2951.9, "perimeter_m": 297.3, "landuse": "Residential", "building_count": 1, "building_ids": [175], "has_unrecorded_building": true, "road_connected": true, "road_distance_m": 4.0, "gps_lat": 19.701775, "gps_lon": 73.554918}, "geometry": {"type": "Polygon", "coordinates": [[[73.55506758665446, 19.701882408142612], [73.55506547311553, 19.70187949698379], [73.55506367282828, 19.701876404799737], [73.55506220313048, 19.70187316136988], [73.55506107817608, 19.701869797930215], [73.55506030879904, 19.701866346872507], [73.55505990240886, 19.701862841432334], [73.55505986291932, 19.701859315368996], [73.5550601907107, 19.70185580264041], [73.55506088262622, 19.701852337076076], [73.55506193200233, 19.70184895205127], [73.55506332873298, 19.701845680165633], [73.55506505936688, 19.70184255292921], [73.5550671072371, 19.701839600459], [73.55506945262148, 19.701836851188904], [73.55507207293275, 19.701834331595897], [73.55507494293585, 19.701832065945034], [73.55515791873945, 19.701772840281244], [73.5552120531686, 19.701704883788782], [73.5552120531686, 19.701564735060014], [73.55519633177744, 19.70152047836569], [73.55512944720634, 19.70152047836569], [73.55509303448814, 19.701434772259294], [73.5548138437882, 19.70151362936971], [73.5547551107603, 19.70149519705856], [73.55476839561184, 19.701526466157834], [73.55472061903501, 19.701539960600147], [73.55478750624258, 19.70157144763221], [73.55482378022508, 19.701656827190707], [73.55469170668522, 19.701796717296087], [73.55471323423627, 19.701822052435467], [73.55450124977096, 19.701755524899543], [73.55470639641297, 19.70194866972139], [73.55460578505905, 19.70197235102789], [73.55465860343972, 19.702071807656814], [73.5550157444515, 19.702071807656814], [73.55500683071644, 19.7020382386595], [73.55510792729332, 19.701962093010163], [73.55505034553464, 19.701907879992522], [73.55506919652518, 19.701884215806576], [73.55506758665446, 19.701882408142612]]]}}, {"type": "Feature", "properties": {"id": 232, "area_m2": 333.7, "perimeter_m": 80.4, "landuse": "Vacant / Unclassified", "building_count": 0, "building_ids": [], "has_unrecorded_building": false, "road_connected": true, "road_distance_m": 4.0, "gps_lat": 19.701489, "gps_lon": 73.555783}, "geometry": {"type": "Polygon", "coordinates": [[[73.55586555281714, 19.7015663803564], [73.55586555281714, 19.70134773340015], [73.55565455805142, 19.701509506865804], [73.55565455805142, 19.701528581639867], [73.55566981684048, 19.70154294773461], [73.55566981684048, 19.7015663803564], [73.55586555281714, 19.7015663803564]]]}}, {"type": "Feature", "properties": {"id": 233, "area_m2": 3390.3, "perimeter_m": 292.4, "landuse": "Vacant / Unclassified", "building_count": 0, "building_ids": [], "has_unrecorded_building": false, "road_connected": true, "road_distance_m": 4.0, "gps_lat": 19.701878, "gps_lon": 73.555524}, "geometry": {"type": "Polygon", "coordinates": [[[73.55586555281714, 19.7015663803564], [73.55566981684048, 19.7015663803564], [73.55566981684048, 19.701571679924093], [73.55571274074502, 19.701612092625062], [73.55566981684048, 19.70165250532603], [73.55566981684048, 19.701666871420773], [73.55561543367, 19.701718072979176], [73.5555057202689, 19.701718072979176], [73.5555057202689, 19.701666871420773], [73.55547439059127, 19.701637374642534], [73.55545353853441, 19.70165201865798], [73.55512105706416, 19.701889334054968], [73.55511796500893, 19.701891323944228], [73.55511468067976, 19.701893018908162], [73.55511123570652, 19.701894402623346], [73.5551076632662, 19.701895461763844], [73.55510399776333, 19.70189618612955], [73.55510027449873, 19.70189656874443], [73.55509652932946, 19.701896605923697], [73.55509279832354, 19.70189629730929], [73.55508911741262, 19.701895645873332], [73.55508552204587, 19.701894657889515], [73.55508204684865, 19.701893342872655], [73.555078725289, 19.701891713487086], [73.55507558935533, 19.701889785424687], [73.55507266924843, 19.701887577253746], [73.55506999309051, 19.70188511024016], [73.55506919652518, 19.701884215806576], [73.55505034553464, 19.701907879992522], [73.55510792729332, 19.701962093010163], [73.55500683071644, 19.7020382386595], [73.5550157444515, 19.702071807656814], [73.55586555281714, 19.702071807656814], [73.55586555281714, 19.7015663803564]]]}}, {"type": "Feature", "properties": {"id": 234, "area_m2": 732.1, "perimeter_m": 139.6, "landuse": "Vacant / Unclassified", "building_count": 0, "building_ids": [], "has_unrecorded_building": false, "road_connected": true, "road_distance_m": 4.0, "gps_lat": 19.699756, "gps_lon": 73.556648}, "geometry": {"type": "Polygon", "coordinates": [[[73.55672427491784, 19.699949412844983], [73.55672427491784, 19.699432668458066], [73.5567214867673, 19.69943093589041], [73.5567036984222, 19.69944913427193], [73.55670411216977, 19.699449379833037], [73.55670706952624, 19.6994515436152], [73.5567097873756, 19.699453969891252], [73.55671223954343, 19.699456635294823], [73.55671440241404, 19.69945951415662], [73.55671625515781, 19.699462578751632], [73.55671777993179, 19.699465799566134], [73.55671896205158, 19.69946914558192], [73.55671979013272, 19.69947258457503], [73.55672025620032, 19.69947608342608], [73.55672035576592, 19.699479608439223], [73.55672008787062, 19.699483125666656], [73.55671945509442, 19.699486601235552], [73.55671846353131, 19.699490001674285], [73.55671712273056, 19.69949329423477], [73.55671544560482, 19.699496447207853], [73.55671344830573, 19.699499430228677], [73.55671115006838, 19.699502214569122], [73.55658195006838, 19.69964381456912], [73.55657937302604, 19.699646373414463], [73.55657654199705, 19.699648682121627], [73.55657348424575, 19.6996507184565], [73.55657022921997, 19.699652462808064], [73.55656680826739, 19.699653898377257], [73.55656326422054, 19.699655008242548], [73.55654495792396, 19.699703696464088], [73.55656746959686, 19.699939555277638], [73.55657423015072, 19.699949412844983], [73.55672427491784, 19.699949412844983]]]}}, {"type": "Feature", "properties": {"id": 235, "area_m2": 1197.6, "perimeter_m": 231.5, "landuse": "Vacant / Unclassified", "building_count": 0, "building_ids": [], "has_unrecorded_building": false, "road_connected": true, "road_distance_m": 4.0, "gps_lat": 19.70044, "gps_lon": 73.556647}, "geometry": {"type": "Polygon", "coordinates": [[[73.55672427491784, 19.70075789660069], [73.55672427491784, 19.699949412844983], [73.55657423015072, 19.699949412844983], [73.55661606240086, 19.70001040847231], [73.55661787717949, 19.700013351704317], [73.55661938807154, 19.700016443378583], [73.55662058152392, 19.700019655762034], [73.55665808152392, 19.700138355762032], [73.55665899487578, 19.70014189392235], [73.55665952321625, 19.700145500943176], [73.55665966112014, 19.700149139786273], [73.55665696112013, 19.700318339786275], [73.55665670264491, 19.700322009373682], [73.55665604713158, 19.70032563486702], [73.55665500144677, 19.70032917828849], [73.55665357654425, 19.700332602520014], [73.55660312741674, 19.70043766357143], [73.55650962039606, 19.70066650183929], [73.5565080638682, 19.700669805028568], [73.55650616282017, 19.70067294432105], [73.55644852107912, 19.70075789660069], [73.55672427491784, 19.70075789660069]]]}}, {"type": "Feature", "properties": {"id": 236, "area_m2": 5294.8, "perimeter_m": 396.5, "landuse": "Vacant / Unclassified", "building_count": 0, "building_ids": [], "has_unrecorded_building": false, "road_connected": true, "road_distance_m": 4.0, "gps_lat": 19.701255, "gps_lon": 73.556386}, "geometry": {"type": "Polygon", "coordinates": [[[73.55586555281714, 19.7015663803564], [73.55672427491784, 19.7015663803564], [73.55672427491784, 19.70075789660069], [73.55644852107912, 19.70075789660069], [73.5563307492496, 19.70093146848126], [73.55641749750454, 19.70093146848126], [73.55641749750454, 19.70102576832389], [73.5564327562936, 19.701040134418633], [73.5564327562936, 19.701232357865273], [73.5563230428925, 19.701129063094747], [73.55630778410344, 19.701129063094747], [73.55630493164062, 19.701126377511322], [73.55620762456577, 19.70121799177053], [73.55620762456577, 19.701067638792967], [73.5561593398141, 19.701119250370137], [73.55615724733923, 19.70112131552492], [73.55615498737494, 19.701123217807368], [73.55589478737494, 19.701325317807367], [73.5558945999949, 19.70132546240874], [73.55586555281714, 19.70134773340015], [73.55586555281714, 19.7015663803564]]]}}, {"type": "Feature", "properties": {"id": 237, "area_m2": 5063.8, "perimeter_m": 292.5, "landuse": "Vacant / Unclassified", "building_count": 0, "building_ids": [], "has_unrecorded_building": false, "road_connected": true, "road_distance_m": 22.9, "gps_lat": 19.701819, "gps_lon": 73.556295}, "geometry": {"type": "Polygon", "coordinates": [[[73.55672427491784, 19.7015663803564], [73.55586555281714, 19.7015663803564], [73.55586555281714, 19.702071807656814], [73.55672427491784, 19.702071807656814], [73.55672427491784, 19.7015663803564]]]}}, {"type": "Feature", "properties": {"id": 238, "area_m2": 540.8, "perimeter_m": 138.0, "landuse": "Vacant / Unclassified", "building_count": 0, "building_ids": [], "has_unrecorded_building": false, "road_connected": true, "road_distance_m": 4.0, "gps_lat": 19.699774, "gps_lon": 73.556784}, "geometry": {"type": "Polygon", "coordinates": [[[73.55672427491784, 19.699949412844983], [73.5568895814249, 19.699949412844983], [73.5568835290981, 19.699924949457323], [73.55680690920246, 19.699615169524602], [73.55680561914309, 19.699615352250746], [73.55680187866383, 19.699615532535038], [73.55679813742701, 19.69961536676938], [73.55679443146276, 19.699614856550177], [73.55679079646156, 19.699614006791126], [73.55678726743044, 19.699612825675864], [73.55678387835592, 19.699611324579184], [73.55678066187663, 19.699609517957462], [73.55677764896902, 19.699607423209454], [73.55677486864903, 19.69960506050873], [73.55677234769269, 19.69960245260939], [73.55677011037815, 19.699599624626927], [73.556768178252, 19.699596603796362], [73.55676656992166, 19.699593419209943], [73.55676530087625, 19.699590101536977], [73.55676438333734, 19.69958668272847], [73.55675031389185, 19.69952079891136], [73.55673628595954, 19.699479955679866], [73.5567353098388, 19.699476551283013], [73.5567346928427, 19.699473073200117], [73.55673444091323, 19.699469554927028], [73.55673455647664, 19.69946603034663], [73.55673503841997, 19.699462533402563], [73.55673588210185, 19.699459097772312], [73.55673707939717, 19.69945575654287], [73.5567386187753, 19.699452541892107], [73.5567404854112, 19.699449484778864], [73.55674266132816, 19.699446614644813], [73.55674414500442, 19.69944501580761], [73.55672427491784, 19.699432668458066], [73.55672427491784, 19.699949412844983]]]}}, {"type": "Feature", "properties": {"id": 239, "area_m2": 2502.6, "perimeter_m": 238.0, "landuse": "Vacant / Unclassified", "building_count": 0, "building_ids": [], "has_unrecorded_building": false, "road_connected": true, "road_distance_m": 4.0, "gps_lat": 19.700404, "gps_lon": 73.556863}, "geometry": {"type": "Polygon", "coordinates": [[[73.55672427491784, 19.699949412844983], [73.55672427491784, 19.70075789660069], [73.5570895727446, 19.70075789660069], [73.55697642935891, 19.70030045051185], [73.5568895814249, 19.699949412844983], [73.55672427491784, 19.699949412844983]]]}}, {"type": "Feature", "properties": {"id": 240, "area_m2": 2190.8, "perimeter_m": 225.8, "landuse": "Vacant / Unclassified", "building_count": 0, "building_ids": [], "has_unrecorded_building": false, "road_connected": true, "road_distance_m": 4.0, "gps_lat": 19.701183, "gps_lon": 73.557436}, "geometry": {"type": "Polygon", "coordinates": [[[73.55758299701854, 19.7015663803564], [73.55758299701854, 19.70084318750931], [73.55721662867244, 19.700954725434833], [73.55731977091185, 19.701371750582883], [73.55736729253452, 19.701563879858266], [73.55736729253452, 19.70152047836569], [73.557421675705, 19.70152047836569], [73.55746459960938, 19.70148006566489], [73.55752278230281, 19.701534844460433], [73.55757716547329, 19.701534844460433], [73.55757716547329, 19.7015663803564], [73.55758299701854, 19.7015663803564]]]}}, {"type": "Feature", "properties": {"id": 241, "area_m2": 4388.8, "perimeter_m": 279.9, "landuse": "Vacant / Unclassified", "building_count": 0, "building_ids": [], "has_unrecorded_building": false, "road_connected": true, "road_distance_m": 4.0, "gps_lat": 19.701191, "gps_lon": 73.55696}, "geometry": {"type": "Polygon", "coordinates": [[[73.55672427491784, 19.70075789660069], [73.55672427491784, 19.7015663803564], [73.55728953780395, 19.7015663803564], [73.55724542903661, 19.70138804920878], [73.55713432906951, 19.7009388493418], [73.5570895727446, 19.70075789660069], [73.55672427491784, 19.70075789660069]]]}}, {"type": "Feature", "properties": {"id": 242, "area_m2": 4570.3, "perimeter_m": 332.4, "landuse": "Vacant / Unclassified", "building_count": 0, "building_ids": [], "has_unrecorded_building": false, "road_connected": true, "road_distance_m": 4.0, "gps_lat": 19.701838, "gps_lon": 73.557124}, "geometry": {"type": "Polygon", "coordinates": [[[73.55758299701854, 19.7015663803564], [73.55757716547329, 19.7015663803564], [73.55757716547329, 19.70165250532603], [73.55747985839844, 19.701744119585236], [73.55743693449406, 19.701703706884434], [73.55740187761879, 19.701703706884434], [73.55740817086034, 19.701729150374614], [73.55740884031226, 19.701732619847746], [73.55740914534128, 19.701736134393304], [73.55740908300982, 19.70173966016429], [73.55740865391815, 19.701743163205606], [73.55740786219866, 19.701746609781043], [73.55740671547605, 19.701749966698202], [73.55740522479388, 19.701753201628133], [73.55740340450824, 19.701756283416692], [73.55740127214946, 19.70175918238457], [73.55739884825336, 19.701761870613126], [73.55739615616334, 19.701764322213243], [73.5573932218057, 19.701766513574675], [73.55739007343995, 19.701768423593414], [73.55738674138652, 19.701770033874933], [73.55738325773495, 19.70177132891134], [73.55737965603468, 19.701772296230736], [73.55737597097209, 19.701772926517293], [73.5573722380363, 19.701773213701014], [73.55736849317755, 19.701773155016163], [73.55736477246086, 19.701772751027907], [73.55736111171879, 19.70177200562687], [73.55735754620626, 19.701770925991678], [73.55735411026113, 19.7017695225198], [73.55735083697341, 19.701767808727446], [73.55734775786667, 19.701765801119365], [73.55734490259438, 19.701763519029928], [73.55734229865436, 19.701760984436895], [73.557339971124, 19.70175822174979], [73.55733794241867, 19.7017552575748], [73.55733623207591, 19.701752120458547], [73.55733485656728, 19.701748840613174], [73.55733382913967, 19.70174544962539], [73.55728953780395, 19.7015663803564], [73.55672427491784, 19.7015663803564], [73.55672427491784, 19.702071807656814], [73.55758299701854, 19.702071807656814], [73.55758299701854, 19.7015663803564]]]}}, {"type": "Feature", "properties": {"id": 243, "area_m2": 6144.0, "perimeter_m": 329.7, "landuse": "Vacant / Unclassified", "building_count": 0, "building_ids": [], "has_unrecorded_building": false, "road_connected": true, "road_distance_m": 4.0, "gps_lat": 19.698759, "gps_lon": 73.558086}, "geometry": {"type": "Polygon", "coordinates": [[[73.55844171911924, 19.69914092908928], [73.55844171911924, 19.69834326542255], [73.5581171776047, 19.69839924436061], [73.55811332561412, 19.698399719519962], [73.55772884182944, 19.69842850734881], [73.55771919553843, 19.698533621297898], [73.5577244590436, 19.69880454284729], [73.5577243425771, 19.698808080751686], [73.55772385696173, 19.6988115907025], [73.55772300690968, 19.698815038640678], [73.55772180066953, 19.698818391108897], [73.55768382308061, 19.69890898938693], [73.55767353216487, 19.6990669116639], [73.55767129510734, 19.69914092908928], [73.55771257488497, 19.69914092908928], [73.55789684332017, 19.699063487945782], [73.55790058015167, 19.69906213404461], [73.55790444707652, 19.69906115618581], [73.55790840153401, 19.699060565132037], [73.5579124, 19.699060367388636], [73.5580117, 19.699060367388636], [73.5580154621542, 19.699060542393696], [73.55801918766224, 19.69906106570419], [73.55802284023494, 19.699061932222694], [73.55802638429354, 19.69906313350868], [73.5580297853163, 19.69906465786073], [73.55803301017474, 19.69906649043054], [73.55815048097188, 19.69914092908928], [73.55844171911924, 19.69914092908928]]]}}, {"type": "Feature", "properties": {"id": 244, "area_m2": 1948.1, "perimeter_m": 298.1, "landuse": "Vacant / Unclassified", "building_count": 0, "building_ids": [], "has_unrecorded_building": false, "road_connected": true, "road_distance_m": 4.0, "gps_lat": 19.699592, "gps_lon": 73.558311}, "geometry": {"type": "Polygon", "coordinates": [[[73.55844171911924, 19.699949412844983], [73.55844171911924, 19.69914092908928], [73.55815048097188, 19.69914092908928], [73.55816841017474, 19.69915229043054], [73.55817140107426, 19.699154392838075], [73.55817415954048, 19.699156760257207], [73.55817665918944, 19.6991593700442], [73.55817887611266, 19.699162197237147], [73.55818078910586, 19.699165214794693], [73.55818237987177, 19.699168393854716], [73.55818363319513, 19.699171704010354], [73.55818453708827, 19.69917511360085], [73.55818508290565, 19.69917859001439], [73.5581852654267, 19.6991821], [73.5581852654267, 19.6992137], [73.55818514350403, 19.699216569880516], [73.55818477851503, 19.699219421424882], [73.558180395345, 19.69924500817987], [73.55819490868933, 19.69925554710067], [73.55819532904464, 19.69925588457283], [73.55819577319204, 19.69925619385485], [73.55819675329649, 19.699257027999206], [73.55819775862105, 19.69925783509989], [73.55819814181875, 19.699258209738588], [73.55819855162879, 19.69925855851849], [73.5581994401728, 19.699259479092976], [73.55820035663096, 19.699260375081398], [73.55820069898063, 19.699260783278657], [73.55820107050661, 19.699261168197502], [73.55820185893303, 19.69926216633649], [73.5582026776988, 19.69926314258379], [73.55820297590343, 19.69926358040845], [73.55820330556735, 19.699263997759257], [73.5582039862832, 19.699265063850113], [73.5582046994714, 19.6992661109545], [73.55820495065913, 19.69926657419007], [73.55820523528614, 19.69926701995352], [73.55820580173575, 19.699268143729213], [73.558206402478, 19.6992692516065], [73.55820660422974, 19.699269735791763], [73.55820684107873, 19.699270205674917], [73.5582072878069, 19.69927137631287], [73.55820777031771, 19.699272534293588], [73.55820792069049, 19.699273034765582], [73.55820810748047, 19.699273524243203], [73.55820843018496, 19.699274730469533], [73.5582087898175, 19.6992759274017], [73.55820888736314, 19.6992764393406], [73.55820902229522, 19.699276943698752], [73.5582092178682, 19.69927817389684], [73.558209451159, 19.699279398253346], [73.55820949493808, 19.699279916728905], [73.55820957671281, 19.699280431110342], [73.5582096432708, 19.699281673432708], [73.55820974797315, 19.699282913422326], [73.55820973756407, 19.69928343344134], [73.5582097653939, 19.699283952892287], [73.55820970229591, 19.699285195374692], [73.55820967740148, 19.699286439055644], [73.55820961290446, 19.699286955610045], [73.55820958652137, 19.69928747512791], [73.55820939437508, 19.699288705804562], [73.5582092401236, 19.699289941199524], [73.55820912215981, 19.69929044931461], [73.55820904181789, 19.699290963896146], [73.55820681808956, 19.699301561890447], [73.55821513273625, 19.699293733680648], [73.55828572175594, 19.699293733680648], [73.55831623933406, 19.699322465870132], [73.55843741200147, 19.699322465870132], [73.55832484613735, 19.699463773008997], [73.55832484613735, 19.69946687144436], [73.55837451865469, 19.699537021187638], [73.55828572175594, 19.699620623146814], [73.55819987394719, 19.699620623146814], [73.55818461515813, 19.69960625705207], [73.55814288530736, 19.69960625705207], [73.55813814064717, 19.699628869473287], [73.5580928013922, 19.699844770687438], [73.55813313386531, 19.699882743565077], [73.55823329340298, 19.699882743565077], [73.55823329340298, 19.699925841849304], [73.5582638109811, 19.699925841849304], [73.5582638109811, 19.699949412844983], [73.55844171911924, 19.699949412844983]]]}}, {"type": "Feature", "properties": {"id": 245, "area_m2": 773.2, "perimeter_m": 157.9, "landuse": "Vacant / Unclassified", "building_count": 0, "building_ids": [], "has_unrecorded_building": false, "road_connected": true, "road_distance_m": 4.0, "gps_lat": 19.700096, "gps_lon": 73.558305}, "geometry": {"type": "Polygon", "coordinates": [[[73.55844171911924, 19.699949412844983], [73.5582638109811, 19.699949412844983], [73.5582638109811, 19.700057868809644], [73.55820942781062, 19.700109070368047], [73.55808445562046, 19.700109070368047], [73.55808445562046, 19.700037239894336], [73.55807780363469, 19.700037239894336], [73.55805098094811, 19.70001198643189], [73.55801895825412, 19.70011231285082], [73.55823414030657, 19.70018637221647], [73.55823827063642, 19.700192205252417], [73.55827881873817, 19.700201749225226], [73.55844171911924, 19.70025781476949], [73.55844171911924, 19.699949412844983]]]}}, {"type": "Feature", "properties": {"id": 246, "area_m2": 1933.1, "perimeter_m": 224.1, "landuse": "Vacant / Unclassified", "building_count": 0, "building_ids": [], "has_unrecorded_building": false, "road_connected": true, "road_distance_m": 4.0, "gps_lat": 19.700535, "gps_lon": 73.558254}, "geometry": {"type": "Polygon", "coordinates": [[[73.55844171911924, 19.70075789660069], [73.55844171911924, 19.700270324054326], [73.55816650390625, 19.700356695430372], [73.55809335472122, 19.700333738865947], [73.55813085565227, 19.70036904585696], [73.55799040281397, 19.700468222736603], [73.55797951582025, 19.700468222736603], [73.55792811762173, 19.700435123510136], [73.55792811762173, 19.70046704007339], [73.55804248466406, 19.700520878151856], [73.55806762821163, 19.70063924094759], [73.55805166047635, 19.700684341642738], [73.55808635580806, 19.70068051183518], [73.55809009262525, 19.700680273561048], [73.55809383625483, 19.700680381278158], [73.55809755064364, 19.700680833949143], [73.55810120002003, 19.70068162721453], [73.55810474923857, 19.700682753434737], [73.55810816411831, 19.700684201763654], [73.55811141177209, 19.70068595825308], [73.55811446092325, 19.700688005987057], [73.55811728220678, 19.700690325244796], [73.55811984845218, 19.70069289369057], [73.5581221349451, 19.700695686588844], [73.55812411966538, 19.700698677042478], [73.55812578349907, 19.700701836251778], [73.55812711042252, 19.70070513379182], [73.55812808765677, 19.700708537905502], [73.5581287057905, 19.700712015809337], [73.55812895887074, 19.70071553400922], [73.5581288444602, 19.700719058622955], [73.55812836366071, 19.700722555706587], [73.55812752110263, 19.700725991581294], [73.55812632490026, 19.700729333157717], [73.55812478657369, 19.700732548254656], [73.55812292093782, 19.700735605908964], [73.55812074595977, 19.70073847667376], [73.55811828258575, 19.70074113290201], [73.55811555453941, 19.70074354901278], [73.55811258809332, 19.700745701737613], [73.55810941181599, 19.700747570344582], [73.5581060562967, 19.700749136837985], [73.55810255385092, 19.70075038613163], [73.55809893820913, 19.700751306194146], [73.55809524419195, 19.700751888164817], [73.55804081203769, 19.70075789660069], [73.55844171911924, 19.70075789660069]]]}}, {"type": "Feature", "properties": {"id": 247, "area_m2": 6068.3, "perimeter_m": 538.3, "landuse": "Vacant / Unclassified", "building_count": 0, "building_ids": [], "has_unrecorded_building": false, "road_connected": true, "road_distance_m": 4.0, "gps_lat": 19.701199, "gps_lon": 73.558091}, "geometry": {"type": "Polygon", "coordinates": [[[73.55758299701854, 19.7015663803564], [73.55844171911924, 19.7015663803564], [73.55844171911924, 19.70075789660069], [73.55804081203769, 19.70075789660069], [73.55767148774967, 19.700798664072277], [73.55767191034168, 19.700810549472653], [73.55786917086138, 19.70082541150028], [73.55787164993107, 19.700830079570594], [73.55783967144775, 19.700935456263156], [73.55787457781243, 19.70103404891164], [73.55800441156704, 19.700993302908103], [73.55800441156704, 19.701113514336793], [73.55809137443057, 19.70115445194762], [73.55791330093666, 19.701288576388247], [73.55768840495497, 19.70127446047133], [73.55768874406048, 19.701283997813885], [73.5576886855434, 19.70128752364282], [73.55768826024169, 19.7012910270938], [73.55768747225127, 19.701294474426682], [73.55768632916093, 19.701297832441764], [73.55768484197922, 19.70130106879953], [73.55768302502855, 19.701304152332078], [73.55768089580712, 19.70130705334331], [73.5576784748205, 19.7013097438949], [73.55767578538413, 19.701312198075364], [73.55767285339874, 19.701314392249603], [73.55766970710096, 19.70131630528652], [73.55766637679135, 19.701317918762523], [73.5576628945426, 19.70131921713896], [73.55765929389071, 19.70132018791175], [73.55765560951188, 19.701320821731827], [73.55765187688871, 19.701321112495155], [73.55764813196842, 19.70132105740152], [73.55764441081662, 19.701320656981505], [73.55764074927004, 19.70131991509138], [73.55763718259136, 19.70131883887594], [73.55763374512968, 19.701317438699743], [73.5576304699896, 19.70131572804724], [73.55762738871253, 19.701313723392957], [73.55762453097284, 19.701311444042805], [73.55762192429214, 19.701308911948175], [73.55761959377418, 19.701306151494524], [73.55761756186313, 19.701303189266525], [73.5576158481274, 19.701300053792057], [73.55761446907118, 19.701296775267448], [73.55761343797558, 19.70129338526669], [73.55761276477058, 19.701289916437336], [73.55761245593952, 19.701286402186117], [73.55759655048452, 19.70083906126452], [73.55758299701854, 19.70084318750931], [73.55758299701854, 19.7015663803564]]]}}, {"type": "Feature", "properties": {"id": 248, "area_m2": 5063.8, "perimeter_m": 292.5, "landuse": "Vacant / Unclassified", "building_count": 0, "building_ids": [], "has_unrecorded_building": false, "road_connected": true, "road_distance_m": 22.2, "gps_lat": 19.701819, "gps_lon": 73.558012}, "geometry": {"type": "Polygon", "coordinates": [[[73.55844171911924, 19.7015663803564], [73.55758299701854, 19.7015663803564], [73.55758299701854, 19.702071807656814], [73.55844171911924, 19.702071807656814], [73.55844171911924, 19.7015663803564]]]}}, {"type": "Feature", "properties": {"id": 249, "area_m2": 1241.9, "perimeter_m": 202.8, "landuse": "Vacant / Unclassified", "building_count": 0, "building_ids": [], "has_unrecorded_building": false, "road_connected": true, "road_distance_m": 4.0, "gps_lat": 19.698238, "gps_lon": 73.559033}, "geometry": {"type": "Polygon", "coordinates": [[[73.55927858018705, 19.69833244533357], [73.55929618177662, 19.698043042453705], [73.55889235394038, 19.69820495952271], [73.5588899229488, 19.6982058432044], [73.5585037229488, 19.6983321432044], [73.55850267079943, 19.69833244533357], [73.55927858018705, 19.69833244533357]]]}}, {"type": "Feature", "properties": {"id": 250, "area_m2": 7148.7, "perimeter_m": 482.8, "landuse": "Vacant / Unclassified", "building_count": 0, "building_ids": [], "has_unrecorded_building": false, "road_connected": true, "road_distance_m": 4.0, "gps_lat": 19.698751, "gps_lon": 73.558867}, "geometry": {"type": "Polygon", "coordinates": [[[73.55930044121995, 19.69879567072701], [73.55927817533586, 19.69834246028782], [73.5592781969912, 19.698338745786266], [73.55927858018705, 19.69833244533357], [73.55850267079943, 19.69833244533357], [73.55850092877539, 19.698332945563187], [73.55849807760471, 19.698333544360608], [73.55844171911924, 19.69834326542255], [73.55844171911924, 19.69914092908928], [73.55925057671016, 19.69914092908928], [73.55928424641935, 19.699035388841427], [73.55930044121995, 19.698916879225898], [73.55930044121995, 19.69879567072701]], [[73.55882548429875, 19.698729925272794], [73.55877970793156, 19.698729925272794], [73.5587644491425, 19.69871555917805], [73.55871006597202, 19.69871555917805], [73.55871006597202, 19.69848923237508], [73.5587644491425, 19.69848923237508], [73.55881412165972, 19.698442465879683], [73.55888863043555, 19.69848923237508], [73.55892659089656, 19.69848923237508], [73.55894184968562, 19.698503598469824], [73.5589962328561, 19.698503598469824], [73.5589962328561, 19.698658094799082], [73.55895045648892, 19.698658094799082], [73.55895045648892, 19.69866435761965], [73.55893519769985, 19.69867872371439], [73.55893519769985, 19.69883322004332], [73.55882548429875, 19.698729925272794]]]}}, {"type": "Feature", "properties": {"id": 251, "area_m2": 5643.1, "perimeter_m": 313.8, "landuse": "Vacant / Unclassified", "building_count": 0, "building_ids": [], "has_unrecorded_building": false, "road_connected": true, "road_distance_m": 4.0, "gps_lat": 19.699492, "gps_lon": 73.558757}, "geometry": {"type": "Polygon", "coordinates": [[[73.55844171911924, 19.69914092908928], [73.55844171911924, 19.699949412844983], [73.55879249301917, 19.699949412844983], [73.55893478967802, 19.699723944862882], [73.55893482857368, 19.699723883372535], [73.55913203589017, 19.69941282236097], [73.55923747625687, 19.699181993450086], [73.55925057671016, 19.69914092908928], [73.55844171911924, 19.69914092908928]]]}}, {"type": "Feature", "properties": {"id": 252, "area_m2": 982.4, "perimeter_m": 146.7, "landuse": "Vacant / Unclassified", "building_count": 0, "building_ids": [], "has_unrecorded_building": false, "road_connected": true, "road_distance_m": 4.0, "gps_lat": 19.700309, "gps_lon": 73.559172}, "geometry": {"type": "Polygon", "coordinates": [[[73.55930044121995, 19.70006344280111], [73.55918986314677, 19.70008426457234], [73.55898313685857, 19.700438624261384], [73.55918018509583, 19.70054842877215], [73.55921360601108, 19.7005012302658], [73.55921360601108, 19.700498131830436], [73.55920122439231, 19.700482588831346], [73.559186496072, 19.700482588831346], [73.55928692888996, 19.700320132679764], [73.55930044121995, 19.700345576299423], [73.55930044121995, 19.70006344280111]]]}}, {"type": "Feature", "properties": {"id": 253, "area_m2": 331.2, "perimeter_m": 79.6, "landuse": "Vacant / Unclassified", "building_count": 0, "building_ids": [], "has_unrecorded_building": false, "road_connected": true, "road_distance_m": 4.0, "gps_lat": 19.7007, "gps_lon": 73.559162}, "geometry": {"type": "Polygon", "coordinates": [[[73.55930044121995, 19.70075789660069], [73.55930044121995, 19.700698950683766], [73.55911620649815, 19.7005962864642], [73.55901629669934, 19.70075789660069], [73.55930044121995, 19.70075789660069]]]}}, {"type": "Feature", "properties": {"id": 254, "area_m2": 2833.1, "perimeter_m": 303.2, "landuse": "Vacant / Unclassified", "building_count": 0, "building_ids": [], "has_unrecorded_building": false, "road_connected": true, "road_distance_m": 4.0, "gps_lat": 19.700388, "gps_lon": 73.558604}, "geometry": {"type": "Polygon", "coordinates": [[[73.55844171911924, 19.70075789660069], [73.55888722318294, 19.70075789660069], [73.55887664162606, 19.70072800910807], [73.55873778174556, 19.700684430416228], [73.5588786779774, 19.700463341594634], [73.55860977254225, 19.700308345616634], [73.55860843334273, 19.700307485909295], [73.55860708219684, 19.70030664293392], [73.55860688653102, 19.700306492924053], [73.55860667804994, 19.700306359088344], [73.5586054348013, 19.700305379935674], [73.55860417792188, 19.700304416331953], [73.55860399881544, 19.700304248987834], [73.5586038052716, 19.700304096557367], [73.55860266994698, 19.700303007389138], [73.55860151943847, 19.7003019324371], [73.55860135861631, 19.70030174937035], [73.55860118187364, 19.700301579813114], [73.55860016540686, 19.70030039111861], [73.55859913234929, 19.700299215170634], [73.5585989913602, 19.700299018144282], [73.55859883312083, 19.700298833093203], [73.558597945301, 19.700297556320205], [73.55859703964327, 19.700296290701313], [73.55859691984509, 19.700296081612834], [73.55859678163294, 19.700295882850057], [73.55859603101027, 19.70029453029458], [73.55859526147435, 19.700293187193374], [73.55859516402077, 19.700292968056402], [73.55859504716692, 19.700292757496122], [73.55859444097031, 19.700291342184023], [73.55859381496727, 19.7002899345353], [73.55859374079682, 19.700289707460243], [73.55859364642663, 19.700289487130267], [73.55859319049408, 19.700288022691772], [73.55859271405265, 19.700286564051957], [73.55859266387965, 19.700286331225676], [73.55859259290195, 19.700286103247905], [73.55859229162435, 19.70028460378636], [73.55859196933294, 19.700283108202953], [73.55859194364058, 19.70028287186769], [73.55859189673892, 19.700282638437674], [73.55859175301772, 19.70028111839371], [73.55859158798017, 19.700279600269997], [73.55859158701587, 19.70027936270179], [73.55859156464194, 19.70027912606759], [73.55859157986129, 19.70027760008006], [73.55859157366699, 19.700276074036402], [73.55859159744004, 19.70027583752316], [73.55859159980933, 19.70027559996369], [73.55859177382263, 19.700274082728694], [73.55859192653124, 19.700272563461727], [73.5585919748127, 19.7002723302812], [73.55859200190237, 19.70027209408429], [73.55859233303379, 19.700270600213624], [73.55859264317463, 19.70026910235472], [73.55859271549953, 19.700268874752574], [73.5585927670487, 19.700268642192924], [73.55859325210925, 19.700267186073383], [73.55859371669553, 19.70026572404774], [73.5585938123673, 19.7002655042159], [73.55859388787954, 19.70026527753319], [73.55859452219782, 19.700263873188], [73.5585951367553, 19.700262461075724], [73.55859525485262, 19.700262251131296], [73.55859535360068, 19.700262032508604], [73.55859613106787, 19.700260693462376], [73.55859688967801, 19.700259344862882], [73.55879249301917, 19.699949412844983], [73.55844171911924, 19.699949412844983], [73.55844171911924, 19.70025781476949], [73.55846073010763, 19.70026435779538], [73.55844171911924, 19.700270324054326], [73.55844171911924, 19.70075789660069]]]}}, {"type": "Feature", "properties": {"id": 255, "area_m2": 7983.9, "perimeter_m": 384.7, "landuse": "Vacant / Unclassified", "building_count": 0, "building_ids": [], "has_unrecorded_building": false, "road_connected": true, "road_distance_m": 9.6, "gps_lat": 19.701166, "gps_lon": 73.55887}, "geometry": {"type": "Polygon", "coordinates": [[[73.55930044121995, 19.7015663803564], [73.55930044121995, 19.70075789660069], [73.55901629669934, 19.70075789660069], [73.55894207140113, 19.700877960505487], [73.5589305026191, 19.700880138898782], [73.55888722318294, 19.70075789660069], [73.55844171911924, 19.70075789660069], [73.55844171911924, 19.7015663803564], [73.55913938115455, 19.7015663803564], [73.55916157899811, 19.701514132382723], [73.55919487576345, 19.7015663803564], [73.55930044121995, 19.7015663803564]]]}}, {"type": "Feature", "properties": {"id": 256, "area_m2": 102.0, "perimeter_m": 51.0, "landuse": "Vacant / Unclassified", "building_count": 0, "building_ids": [], "has_unrecorded_building": false, "road_connected": true, "road_distance_m": 96.5, "gps_lat": 19.701622, "gps_lon": 73.559265}, "geometry": {"type": "Polygon", "coordinates": [[[73.55930044121995, 19.7015663803564], [73.55919487576345, 19.7015663803564], [73.55930044121995, 19.701732029515846], [73.55930044121995, 19.7015663803564]]]}}, {"type": "Feature", "properties": {"id": 257, "area_m2": 3760.4, "perimeter_m": 296.6, "landuse": "Vacant / Unclassified", "building_count": 0, "building_ids": [], "has_unrecorded_building": false, "road_connected": true, "road_distance_m": 88.6, "gps_lat": 19.701828, "gps_lon": 73.558765}, "geometry": {"type": "Polygon", "coordinates": [[[73.55844171911924, 19.7015663803564], [73.55844171911924, 19.702071807656814], [73.5591859408956, 19.702071807656814], [73.5591325702396, 19.702021559377123], [73.5591491375348, 19.701927971085887], [73.55908189043731, 19.701833001737114], [73.55903389210448, 19.701833001737114], [73.55898589377163, 19.701697430966547], [73.55895079239261, 19.701647859234352], [73.55900345515428, 19.70160721188121], [73.5590596151986, 19.701660086359926], [73.55909216529953, 19.70164476345875], [73.55910444267248, 19.70164861649283], [73.55913938115455, 19.7015663803564], [73.55844171911924, 19.7015663803564]]]}}, {"type": "Feature", "properties": {"id": 258, "area_m2": 4162.4, "perimeter_m": 311.9, "landuse": "Vacant / Unclassified", "building_count": 0, "building_ids": [], "has_unrecorded_building": false, "road_connected": true, "road_distance_m": 4.0, "gps_lat": 19.6981, "gps_lon": 73.559779}, "geometry": {"type": "Polygon", "coordinates": [[[73.56015916332065, 19.69833244533357], [73.56015916332065, 19.697799412610724], [73.5601456482962, 19.697824861304035], [73.56012175329192, 19.697824861304035], [73.5601400638388, 19.69791105787249], [73.55994717918205, 19.69791105787249], [73.55990568553553, 19.69777432645877], [73.55988690041292, 19.697747797271223], [73.55983854344488, 19.69777151536388], [73.55937468972576, 19.69800930284417], [73.55935503608073, 19.69833244533357], [73.55961033452671, 19.69833244533357], [73.55961033452671, 19.698242643438764], [73.55965802557272, 19.69833244533357], [73.56015916332065, 19.69833244533357]]]}}, {"type": "Feature", "properties": {"id": 259, "area_m2": 3929.0, "perimeter_m": 480.1, "landuse": "Vacant / Unclassified", "building_count": 0, "building_ids": [], "has_unrecorded_building": false, "road_connected": true, "road_distance_m": 4.0, "gps_lat": 19.698811, "gps_lon": 73.559812}, "geometry": {"type": "Polygon", "coordinates": [[[73.56015916332065, 19.69833244533357], [73.55965802557272, 19.69833244533357], [73.55976417856964, 19.698532330659308], [73.55988124262173, 19.698532330659308], [73.55988124262173, 19.69877302355702], [73.55975056550594, 19.69877302355702], [73.55970557060225, 19.698815386096186], [73.55965236078579, 19.698790337671262], [73.55965236078579, 19.698801755746505], [73.55955220124812, 19.698801755746505], [73.55954554926235, 19.69880801856707], [73.55954554926235, 19.69898996716377], [73.55937663278172, 19.698791174343917], [73.55938122466415, 19.698884639712183], [73.55938123356076, 19.69888776805211], [73.55938095341547, 19.69889088526461], [73.55935955341546, 19.699047485264607], [73.55935902799374, 19.69905038597264], [73.55935825224039, 19.69905323647772], [73.55933027632798, 19.69914092908928], [73.55966423386951, 19.69914092908928], [73.55969813641194, 19.699088114331662], [73.55970026960031, 19.699085137995965], [73.55970270763572, 19.6990823769576], [73.55970542617433, 19.699079858785613], [73.55970839807144, 19.69907760862404], [73.55971159365254, 19.699075648940827], [73.55971498100965, 19.699073999303465], [73.55971852631991, 19.699072676183643], [73.55972219418327, 19.699071692792756], [73.55972594797599, 19.699071058949993], [73.55972975021635, 19.699070780984297], [73.55982625021635, 19.699068280984296], [73.55982994249838, 19.699068353620827], [73.55983361003733, 19.699068761905586], [73.55983721849213, 19.699069502015586], [73.55984073407495, 19.6990705670208], [73.55984412386758, 19.699071946949026], [73.55999162386759, 19.699140146949023], [73.55999312451948, 19.69914092908928], [73.56015916332065, 19.69914092908928], [73.56015916332065, 19.698875830748616], [73.55999333499048, 19.6989799152642], [73.56001950398748, 19.698733535103493], [73.5599792553185, 19.698695641127138], [73.55997631246458, 19.69856259247038], [73.55998879424182, 19.698492083181456], [73.56012352934836, 19.698517453704603], [73.56015916332065, 19.69848869719938], [73.56015916332065, 19.69833244533357]]]}}, {"type": "Feature", "properties": {"id": 260, "area_m2": 756.7, "perimeter_m": 130.3, "landuse": "Vacant / Unclassified", "building_count": 0, "building_ids": [], "has_unrecorded_building": false, "road_connected": true, "road_distance_m": 4.0, "gps_lat": 19.698468, "gps_lon": 73.559472}, "geometry": {"type": "Polygon", "coordinates": [[[73.55935503608073, 19.69833244533357], [73.5593545159354, 19.69834099749058], [73.55937176751874, 19.698692144457386], [73.55947555973313, 19.698626997794292], [73.55944712944509, 19.69854669675405], [73.55961033452671, 19.69854669675405], [73.55961033452671, 19.69833244533357], [73.55935503608073, 19.69833244533357]]]}}, {"type": "Feature", "properties": {"id": 261, "area_m2": 5102.2, "perimeter_m": 374.4, "landuse": "Vacant / Unclassified", "building_count": 0, "building_ids": [], "has_unrecorded_building": false, "road_connected": true, "road_distance_m": 4.0, "gps_lat": 19.69955, "gps_lon": 73.559859}, "geometry": {"type": "Polygon", "coordinates": [[[73.56015916332065, 19.699949412844983], [73.56015916332065, 19.69914092908928], [73.55999312451948, 19.69914092908928], [73.55999490065102, 19.69914185480961], [73.5599979838542, 19.699143856837075], [73.5600008437842, 19.699146133750805], [73.5600034528983, 19.69914866362287], [73.56000578606934, 19.699151422089226], [73.5600078208276, 19.699154382584332], [73.56000953757723, 19.699157516596998], [73.560010919785, 19.69916079394497], [73.5600119541395, 19.699164183065598], [73.56001263067932, 19.699167651319794], [73.56001294288902, 19.699171165306378], [73.56001288776186, 19.699174691183735], [73.56001246582872, 19.699178194995742], [73.56001168115306, 19.69918164299877], [73.56001054129173, 19.699185001986667], [73.56000905722223, 19.699188239610546], [73.56000724323695, 19.699191324690315], [73.56000511680557, 19.699194227514973], [73.56000269840678, 19.699196920128728], [73.56000001133107, 19.699199376600237], [73.55999708145647, 19.69920157327234], [73.55999393699926, 19.699203488989884], [73.55999060824229, 19.69920510530346], [73.5599871272433, 19.699206406647086], [73.55998352752621, 19.69920738048811], [73.55997984375828, 19.699208017447912], [73.55997611141622, 19.69920831139222], [73.55997236644448, 19.699208259490188], [73.55996864490922, 19.699207862241664], [73.55996498265084, 19.699207123472366], [73.55996141493891, 19.699206050297047], [73.55995797613242, 19.699204653050973], [73.55982015671378, 19.69914092908928], [73.55979708094377, 19.69914092908928], [73.55975268352954, 19.699142079281355], [73.55960827180148, 19.699367049736882], [73.55939128758925, 19.699738993037588], [73.55941869190188, 19.699742678903483], [73.55946064851375, 19.699782180901884], [73.55954554926235, 19.699782180901884], [73.55954554926235, 19.69984235412626], [73.55955700520863, 19.69985044342527], [73.55994561458567, 19.699789464371324], [73.55996528095051, 19.699864011875874], [73.55969315785858, 19.699949412844983], [73.56015916332065, 19.699949412844983]]]}}, {"type": "Feature", "properties": {"id": 262, "area_m2": 370.9, "perimeter_m": 88.9, "landuse": "Vacant / Unclassified", "building_count": 0, "building_ids": [], "has_unrecorded_building": false, "road_connected": true, "road_distance_m": 4.0, "gps_lat": 19.699196, "gps_lon": 73.5595}, "geometry": {"type": "Polygon", "coordinates": [[[73.55933027632798, 19.69914092908928], [73.55931886439376, 19.699176700659496], [73.55956141219234, 19.699301108874277], [73.55966423386951, 19.69914092908928], [73.55933027632798, 19.69914092908928]]]}}, {"type": "Feature", "properties": {"id": 263, "area_m2": 6841.4, "perimeter_m": 454.0, "landuse": "Vacant / Unclassified", "building_count": 0, "building_ids": [], "has_unrecorded_building": false, "road_connected": true, "road_distance_m": 4.0, "gps_lat": 19.700359, "gps_lon": 73.559784}, "geometry": {"type": "Polygon", "coordinates": [[[73.55930044121995, 19.70075789660069], [73.56015916332065, 19.70075789660069], [73.56015916332065, 19.699949412844983], [73.55969315785858, 19.699949412844983], [73.55963514574226, 19.699967618910918], [73.5595444576979, 19.70016684466475], [73.55947235295041, 19.70003107194655], [73.55930044121995, 19.70006344280111], [73.55930044121995, 19.700345576299423], [73.559301684082, 19.70034791659969], [73.5593040834961, 19.70034942262616], [73.55931541127411, 19.700328092502087], [73.55939044786176, 19.700328092502087], [73.55968937346341, 19.700496954926088], [73.55948952036651, 19.700496954926088], [73.55945515300742, 19.70056166841479], [73.55940822016079, 19.700594808743876], [73.55940822016079, 19.70064061587351], [73.55934561824327, 19.70064061587351], [73.55940153934594, 19.700671777732175], [73.5594046649902, 19.700673720548302], [73.55940757332125, 19.70067594245239], [73.55941023633032, 19.700678422046284], [73.55941262837113, 19.70068113545015], [73.55941472640704, 19.700684056532417], [73.55941651023282, 19.700687157161468], [73.55941796266924, 19.70069040747655], [73.55941906972856, 19.700693776175353], [73.55941982074917, 19.700697230815468], [73.55942020849837, 19.700700738126816], [73.55942022924188, 19.700704264332078], [73.55941988277995, 19.70070777547197], [73.55941917244918, 19.700711237732285], [73.55941810509049, 19.700714617769574], [73.55941669098307, 19.70071788303223], [73.55941494374558, 19.700721002073983], [73.55941288020487, 19.700723944856758], [73.55941052023397, 19.70072668303995], [73.55940788656066, 19.70072919025336], [73.55940500454868, 19.70073144235114], [73.55940190195338, 19.700733417644376], [73.55939860865445, 19.7007350971099], [73.55939515636814, 19.700736464573545], [73.55939157834187, 19.70073750686589], [73.559387909034, 19.70073821394909], [73.55938418378194, 19.70073857901355], [73.55938043846194, 19.70073859854349], [73.55937670914345, 19.700738272350833], [73.55937303174184, 19.700737603576993], [73.55936944167253, 19.700736598662626], [73.55936597350984, 19.70073526728561], [73.55936266065405, 19.700733622267826], [73.55930044121995, 19.700698950683766], [73.55930044121995, 19.70075789660069]]]}}, {"type": "Feature", "properties": {"id": 264, "area_m2": 8100.0, "perimeter_m": 360.0, "landuse": "Vacant / Unclassified", "building_count": 0, "building_ids": [], "has_unrecorded_building": false, "road_connected": true, "road_distance_m": 6.1, "gps_lat": 19.701162, "gps_lon": 73.55973}, "geometry": {"type": "Polygon", "coordinates": [[[73.55930044121995, 19.70075789660069], [73.55930044121995, 19.7015663803564], [73.56015916332065, 19.7015663803564], [73.56015916332065, 19.70075789660069], [73.55930044121995, 19.70075789660069]]]}}, {"type": "Feature", "properties": {"id": 265, "area_m2": 4754.4, "perimeter_m": 341.3, "landuse": "Vacant / Unclassified", "building_count": 0, "building_ids": [], "has_unrecorded_building": false, "road_connected": true, "road_distance_m": 96.1, "gps_lat": 19.701816, "gps_lon": 73.559752}, "geometry": {"type": "Polygon", "coordinates": [[[73.56015916332065, 19.7015663803564], [73.55930044121995, 19.7015663803564], [73.55930044121995, 19.701732029515846], [73.55931373960163, 19.701752896812998], [73.55930044121995, 19.701759157002144], [73.55930044121995, 19.701764080373135], [73.5593313989507, 19.701807800260536], [73.55960909672397, 19.701807800260536], [73.5593624437936, 19.701923911681686], [73.5593624437936, 19.701959103446335], [73.55930776906594, 19.701976262132487], [73.5593035901257, 19.701995934418104], [73.55933045276689, 19.702071807656814], [73.56015916332065, 19.702071807656814], [73.56015916332065, 19.7015663803564]]]}}, {"type": "Feature", "properties": {"id": 266, "area_m2": 766.7, "perimeter_m": 162.9, "landuse": "Vacant / Unclassified", "building_count": 0, "building_ids": [], "has_unrecorded_building": false, "road_connected": true, "road_distance_m": 4.0, "gps_lat": 19.697459, "gps_lon": 73.560792}, "geometry": {"type": "Polygon", "coordinates": [[[73.56101788542135, 19.69752396157786], [73.56101788542135, 19.697312498930046], [73.56101753666566, 19.697314670975707], [73.56101724067211, 19.697316051949198], [73.56101697369523, 19.697317438155473], [73.56101687037912, 19.69731777957066], [73.56101679579271, 19.69731812755754], [73.5610163574543, 19.697319474566157], [73.56101594744807, 19.6973208294601], [73.56101580908548, 19.69732115969698], [73.56101569863004, 19.69732149912517], [73.56101512216823, 19.697322799196485], [73.56101457308122, 19.697324109729724], [73.56101440100463, 19.69732442560794], [73.56101425574396, 19.69732475320855], [73.56101354671036, 19.69732599382217], [73.56101286383058, 19.697327247373554], [73.56101265969721, 19.69732754585102], [73.5610124810302, 19.69732785846909], [73.56101164625322, 19.697329027677217], [73.5610108361572, 19.697330212174368], [73.56101060193294, 19.697330490376586], [73.56101039158028, 19.697330785001427], [73.56100943909925, 19.697331871543952], [73.56100850958865, 19.69733297557951], [73.5610082475292, 19.69733323082724], [73.5610080075167, 19.697333504621454], [73.56100694650456, 19.69733449803438], [73.56100590653107, 19.697335510975876], [73.56100561916023, 19.69733574081095], [73.56100535179934, 19.697335991137745], [73.5610041924742, 19.697336881853964], [73.56100305205331, 19.697337793946218], [73.56100274213861, 19.69733799615519], [73.56100245000415, 19.697338220603786], [73.56100120353096, 19.697339000045215], [73.56099997364558, 19.69733980250428], [73.56099964417167, 19.697339975139773], [73.56099933007707, 19.697340171548607], [73.56099800846003, 19.69734083220879], [73.56099670095462, 19.697341517306555], [73.5609963550945, 19.697341658705987], [73.56099602206466, 19.697341825183535], [73.56099463803167, 19.697342360699963], [73.56099326549821, 19.697342921838555], [73.56099290658273, 19.697343030640177], [73.56099255782489, 19.697343165583167], [73.56099112470496, 19.697343570798523], [73.5609897003617, 19.697344002573868], [73.56056772465305, 19.697450714790552], [73.560377572986, 19.69752396157786], [73.56101788542135, 19.69752396157786]]]}}, {"type": "Feature", "properties": {"id": 267, "area_m2": 5340.9, "perimeter_m": 664.1, "landuse": "Government", "building_count": 0, "building_ids": [], "has_unrecorded_building": false, "road_connected": true, "road_distance_m": 4.0, "gps_lat": 19.697885, "gps_lon": 73.560549}, "geometry": {"type": "Polygon", "coordinates": [[[73.56101788542135, 19.69752396157786], [73.560377572986, 19.69752396157786], [73.56022291599542, 19.697583535747626], [73.56024745355923, 19.69760663777524], [73.56024745355923, 19.697714645922215], [73.5602169359811, 19.697729012016957], [73.5602169359811, 19.69775774420644], [73.56016941085781, 19.697780116572325], [73.56015916332065, 19.697799412610724], [73.56015916332065, 19.69833244533357], [73.56100362745474, 19.69833244533357], [73.56096836675327, 19.698260373243535], [73.56096836675327, 19.698159994859225], [73.56093784917515, 19.698145628764482], [73.56093784917515, 19.698102530480256], [73.56090733159702, 19.698088164385513], [73.56090733159702, 19.698069084914653], [73.56088706654755, 19.698069084914653], [73.5608185036363, 19.69793998144847], [73.56081700914554, 19.697951001657554], [73.56078151117642, 19.69798569375579], [73.56078151117642, 19.69807261562756], [73.56087306391079, 19.69807261562756], [73.56087306391079, 19.698123817185962], [73.56091598781533, 19.69816422988693], [73.56087306391079, 19.6982046425879], [73.56087306391079, 19.69829894243053], [73.56067844976108, 19.69829894243053], [73.56067844976108, 19.698212745862076], [73.56054918482347, 19.698212745862076], [73.56062268386411, 19.698140915388365], [73.56057454011531, 19.698140915388365], [73.56053161621094, 19.698181328089166], [73.56048869230656, 19.698140915388365], [73.56018765620571, 19.698140915388365], [73.56043407650833, 19.698024913476317], [73.56038463661875, 19.697955092260344], [73.56045547095647, 19.69788840198744], [73.5606775816588, 19.69786749034511], [73.56069496470245, 19.697900222490652], [73.56082389549363, 19.697900222490652], [73.56083539862746, 19.697815399657763], [73.56095310796421, 19.697926222572807], [73.56095310796421, 19.697696731838562], [73.56101788542135, 19.697818707322], [73.56101788542135, 19.69752396157786]]]}}, {"type": "Feature", "properties": {"id": 268, "area_m2": 6370.3, "perimeter_m": 476.4, "landuse": "Vacant / Unclassified", "building_count": 0, "building_ids": [], "has_unrecorded_building": false, "road_connected": true, "road_distance_m": 19.6, "gps_lat": 19.69876, "gps_lon": 73.560648}, "geometry": {"type": "Polygon", "coordinates": [[[73.56015916332065, 19.69914092908928], [73.56101788542135, 19.69914092908928], [73.56101788542135, 19.69833244533357], [73.56101286569238, 19.69833244533357], [73.56100805721414, 19.69834149966333], [73.56100362745474, 19.69833244533357], [73.56015916332065, 19.69833244533357], [73.56015916332065, 19.69848869719938], [73.56029683204805, 19.69837759896294], [73.56037328200382, 19.698539548016182], [73.56053928071104, 19.698513500152387], [73.56060984474138, 19.69857993593186], [73.56063440059786, 19.69874177068266], [73.56045139641262, 19.69884945679444], [73.56026291713417, 19.698805093654613], [73.56024784630627, 19.698748337134656], [73.56017868789749, 19.698791745395887], [73.56022446426468, 19.698834843680114], [73.56015916332065, 19.698875830748616], [73.56015916332065, 19.69914092908928]]]}}, {"type": "Feature", "properties": {"id": 269, "area_m2": 8100.0, "perimeter_m": 360.0, "landuse": "Vacant / Unclassified", "building_count": 0, "building_ids": [], "has_unrecorded_building": false, "road_connected": true, "road_distance_m": 19.3, "gps_lat": 19.699545, "gps_lon": 73.560589}, "geometry": {"type": "Polygon", "coordinates": [[[73.56015916332065, 19.69914092908928], [73.56015916332065, 19.699949412844983], [73.56101788542135, 19.699949412844983], [73.56101788542135, 19.69914092908928], [73.56015916332065, 19.69914092908928]]]}}, {"type": "Feature", "properties": {"id": 270, "area_m2": 8100.0, "perimeter_m": 360.0, "landuse": "Vacant / Unclassified", "building_count": 0, "building_ids": [], "has_unrecorded_building": false, "road_connected": true, "road_distance_m": 81.4, "gps_lat": 19.700354, "gps_lon": 73.560589}, "geometry": {"type": "Polygon", "coordinates": [[[73.56015916332065, 19.699949412844983], [73.56015916332065, 19.70075789660069], [73.56101788542135, 19.70075789660069], [73.56101788542135, 19.699949412844983], [73.56015916332065, 19.699949412844983]]]}}, {"type": "Feature", "properties": {"id": 271, "area_m2": 7426.3, "perimeter_m": 465.7, "landuse": "Vacant / Unclassified", "building_count": 0, "building_ids": [], "has_unrecorded_building": false, "road_connected": true, "road_distance_m": 81.7, "gps_lat": 19.701182, "gps_lon": 73.560563}, "geometry": {"type": "Polygon", "coordinates": [[[73.56101788542135, 19.70075789660069], [73.56015916332065, 19.70075789660069], [73.56015916332065, 19.7015663803564], [73.56101788542135, 19.7015663803564], [73.56101788542135, 19.701013343081385], [73.56092834472656, 19.701097645321838], [73.56088542082219, 19.701057232621036], [73.56081577886265, 19.701057232621036], [73.56081577886265, 19.701006031062633], [73.56080052007358, 19.70099166496789], [73.56080052007358, 19.700985402147325], [73.56072422612827, 19.700985402147325], [73.56072422612827, 19.700830905818066], [73.56077860929875, 19.700830905818066], [73.56082153320312, 19.700790493117264], [73.5608644571075, 19.700830905818066], [73.56096461664517, 19.700830905818066], [73.56096461664517, 19.700888370197035], [73.56099513422329, 19.700888370197035], [73.56099513422329, 19.70095393785018], [73.56101788542135, 19.700975358020912], [73.56101788542135, 19.70075789660069]]]}}, {"type": "Feature", "properties": {"id": 272, "area_m2": 5063.8, "perimeter_m": 292.5, "landuse": "Vacant / Unclassified", "building_count": 0, "building_ids": [], "has_unrecorded_building": false, "road_connected": true, "road_distance_m": 126.0, "gps_lat": 19.701819, "gps_lon": 73.560589}, "geometry": {"type": "Polygon", "coordinates": [[[73.56101788542135, 19.7015663803564], [73.56015916332065, 19.7015663803564], [73.56015916332065, 19.702071807656814], [73.56101788542135, 19.702071807656814], [73.56101788542135, 19.7015663803564]]]}}, {"type": "Feature", "properties": {"id": 273, "area_m2": 2268.5, "perimeter_m": 247.6, "landuse": "Vacant / Unclassified", "building_count": 0, "building_ids": [], "has_unrecorded_building": false, "road_connected": true, "road_distance_m": 4.0, "gps_lat": 19.696565, "gps_lon": 73.561511}, "geometry": {"type": "Polygon", "coordinates": [[[73.56187660752205, 19.696715477822153], [73.56187660752205, 19.696397772549396], [73.56158889676213, 19.696424854363705], [73.56158861546787, 19.696424879851616], [73.56126941546786, 19.696452679851614], [73.5612647787013, 19.696452817099825], [73.56126015850163, 19.69645242368292], [73.56115832638048, 19.69643783455382], [73.56111374643878, 19.696715477822153], [73.56149336010449, 19.696715477822153], [73.56159124829375, 19.696531155069522], [73.56166214006673, 19.696698015939482], [73.56182906258128, 19.696715477822153], [73.56187660752205, 19.696715477822153]]]}}, {"type": "Feature", "properties": {"id": 274, "area_m2": 63.9, "perimeter_m": 39.3, "landuse": "Vacant / Unclassified", "building_count": 0, "building_ids": [], "has_unrecorded_building": false, "road_connected": true, "road_distance_m": 38.7, "gps_lat": 19.696768, "gps_lon": 73.56185}, "geometry": {"type": "Polygon", "coordinates": [[[73.56187660752205, 19.696715477822153], [73.56182906258128, 19.696715477822153], [73.56182979545322, 19.696715554488406], [73.56181357294005, 19.69680719511343], [73.56187165664021, 19.696818132232174], [73.56187660752205, 19.696846099656316], [73.56187660752205, 19.696715477822153]]]}}, {"type": "Feature", "properties": {"id": 275, "area_m2": 4650.9, "perimeter_m": 545.8, "landuse": "Vacant / Unclassified", "building_count": 0, "building_ids": [], "has_unrecorded_building": false, "road_connected": true, "road_distance_m": 4.0, "gps_lat": 19.697149, "gps_lon": 73.561375}, "geometry": {"type": "Polygon", "coordinates": [[[73.56187660752205, 19.69752396157786], [73.56187660752205, 19.697030642589706], [73.56177385324074, 19.697011294032823], [73.56165643703417, 19.697140265455847], [73.56149416806356, 19.69711480284764], [73.56146690053193, 19.6970634582827], [73.561241482533, 19.6970634582827], [73.561431894049, 19.69692004087953], [73.56142594459587, 19.696917240185222], [73.56154160758423, 19.696808343899793], [73.56146655695368, 19.696765947961374], [73.56149336010449, 19.696715477822153], [73.56111374643878, 19.696715477822153], [73.56101788542135, 19.697312498930046], [73.56101788542135, 19.69752396157786], [73.56147030362149, 19.69752396157786], [73.56146205070424, 19.69746180084374], [73.56111852116872, 19.697332428117406], [73.56111992221189, 19.697325578700962], [73.56144478077636, 19.697325578700962], [73.56149159747106, 19.697193345454487], [73.56157496820767, 19.69719642098204], [73.56157496820767, 19.69732828754637], [73.56158910451063, 19.697338269504975], [73.56163024902344, 19.697299532094902], [73.56167317292781, 19.697339944795704], [73.56178394965647, 19.697339944795704], [73.56174971725976, 19.69743663382898], [73.56175470555971, 19.697443678528533], [73.56185715469437, 19.697507982188487], [73.56184018236222, 19.69752396157786], [73.56187660752205, 19.69752396157786]]]}}, {"type": "Feature", "properties": {"id": 276, "area_m2": 6335.6, "perimeter_m": 536.6, "landuse": "Vacant / Unclassified", "building_count": 0, "building_ids": [], "has_unrecorded_building": false, "road_connected": true, "road_distance_m": 24.1, "gps_lat": 19.69791, "gps_lon": 73.561474}, "geometry": {"type": "Polygon", "coordinates": [[[73.56101788542135, 19.69833244533357], [73.56187660752205, 19.69833244533357], [73.56187660752205, 19.69752396157786], [73.56184018236222, 19.69752396157786], [73.56181347593329, 19.697549105584145], [73.56184919453622, 19.697649992390755], [73.56159922577217, 19.697620574304786], [73.56157206633, 19.69759500378816], [73.56147973570899, 19.69759500378816], [73.56147030362149, 19.69752396157786], [73.56101788542135, 19.69752396157786], [73.56101788542135, 19.697818707322], [73.56110194574673, 19.69797699230693], [73.56110194574673, 19.697986419059106], [73.5611222107962, 19.697986419059106], [73.56118686775062, 19.69810816763681], [73.56117475924562, 19.698147267178342], [73.56109669947855, 19.69818401367259], [73.56109169321807, 19.69818401367259], [73.56101788542135, 19.698322993220213], [73.56101788542135, 19.69833244533357]], [[73.56142238031704, 19.698284576335787], [73.56128214933781, 19.698284576335787], [73.56126689054875, 19.698270210241045], [73.56113668573805, 19.698270210241045], [73.56115063439913, 19.69822516865639], [73.56121250737827, 19.69816691547019], [73.56121250737827, 19.698145190728077], [73.5612430249564, 19.69810209244385], [73.5612430249564, 19.698066352806993], [73.56125828374546, 19.69805198671225], [73.56125828374546, 19.698000785153848], [73.56142238031704, 19.698000785153848], [73.56142238031704, 19.698032367570008], [73.56151393305142, 19.69797490319104], [73.56151393305142, 19.698161544303673], [73.56145954988094, 19.698212745862076], [73.56142238031704, 19.698212745862076], [73.56142238031704, 19.698284576335787]]]}}, {"type": "Feature", "properties": {"id": 277, "area_m2": 8100.0, "perimeter_m": 360.0, "landuse": "Vacant / Unclassified", "building_count": 0, "building_ids": [], "has_unrecorded_building": false, "road_connected": true, "road_distance_m": 77.8, "gps_lat": 19.698737, "gps_lon": 73.561447}, "geometry": {"type": "Polygon", "coordinates": [[[73.56101788542135, 19.69833244533357], [73.56101788542135, 19.69914092908928], [73.56187660752205, 19.69914092908928], [73.56187660752205, 19.69833244533357], [73.56101788542135, 19.69833244533357]]]}}, {"type": "Feature", "properties": {"id": 278, "area_m2": 7803.7, "perimeter_m": 395.4, "landuse": "Vacant / Unclassified", "building_count": 0, "building_ids": [], "has_unrecorded_building": false, "road_connected": true, "road_distance_m": 78.1, "gps_lat": 19.699532, "gps_lon": 73.561442}, "geometry": {"type": "Polygon", "coordinates": [[[73.56187660752205, 19.699949412844983], [73.56187660752205, 19.69914092908928], [73.56101788542135, 19.69914092908928], [73.56101788542135, 19.699949412844983], [73.56147073671163, 19.699949412844983], [73.56147190679233, 19.699948311218222], [73.56147190679233, 19.699882743565077], [73.56151768315952, 19.699882743565077], [73.56151768315952, 19.69975071660507], [73.56162739656062, 19.699854011375596], [73.5616817797311, 19.699854011375596], [73.5616817797311, 19.699905212933995], [73.56172470363565, 19.699945625634964], [73.5617206810923, 19.699949412844983], [73.56187660752205, 19.699949412844983]]]}}, {"type": "Feature", "properties": {"id": 279, "area_m2": 7771.4, "perimeter_m": 396.8, "landuse": "Vacant / Unclassified", "building_count": 0, "building_ids": [], "has_unrecorded_building": false, "road_connected": true, "road_distance_m": 102.2, "gps_lat": 19.700368, "gps_lon": 73.561443}, "geometry": {"type": "Polygon", "coordinates": [[[73.56101788542135, 19.699949412844983], [73.56101788542135, 19.70075789660069], [73.56187660752205, 19.70075789660069], [73.56187660752205, 19.699949412844983], [73.5617206810923, 19.699949412844983], [73.5616817797311, 19.699986038335933], [73.5616817797311, 19.700000404430675], [73.56158447265625, 19.70009201868988], [73.56154154875188, 19.700051605989078], [73.56136219339089, 19.700051605989078], [73.56147073671163, 19.699949412844983], [73.56101788542135, 19.699949412844983]]]}}, {"type": "Feature", "properties": {"id": 280, "area_m2": 8095.1, "perimeter_m": 363.2, "landuse": "Vacant / Unclassified", "building_count": 0, "building_ids": [], "has_unrecorded_building": false, "road_connected": true, "road_distance_m": 136.4, "gps_lat": 19.701162, "gps_lon": 73.561447}, "geometry": {"type": "Polygon", "coordinates": [[[73.56187660752205, 19.70075789660069], [73.56101788542135, 19.70075789660069], [73.56101788542135, 19.700975358020912], [73.56103805812783, 19.70099435055115], [73.56101788542135, 19.701013343081385], [73.56101788542135, 19.7015663803564], [73.56187660752205, 19.7015663803564], [73.56187660752205, 19.701427082099922], [73.56186709288457, 19.701419915702495], [73.56187660752205, 19.701419915702495], [73.56187660752205, 19.70075789660069]]]}}, {"type": "Feature", "properties": {"id": 281, "area_m2": 5063.8, "perimeter_m": 292.5, "landuse": "Vacant / Unclassified", "building_count": 0, "building_ids": [], "has_unrecorded_building": false, "road_connected": true, "road_distance_m": 161.3, "gps_lat": 19.701819, "gps_lon": 73.561447}, "geometry": {"type": "Polygon", "coordinates": [[[73.56187660752205, 19.7015663803564], [73.56101788542135, 19.7015663803564], [73.56101788542135, 19.702071807656814], [73.56187660752205, 19.702071807656814], [73.56187660752205, 19.7015663803564]]]}}, {"type": "Feature", "properties": {"id": 282, "area_m2": 3570.2, "perimeter_m": 259.8, "landuse": "Vacant / Unclassified", "building_count": 0, "building_ids": [], "has_unrecorded_building": false, "road_connected": true, "road_distance_m": 4.0, "gps_lat": 19.696537, "gps_lon": 73.562321}, "geometry": {"type": "Polygon", "coordinates": [[[73.56187660752205, 19.696715477822153], [73.56273532962275, 19.696715477822153], [73.56273532962275, 19.696319996737223], [73.56265717103418, 19.696328873960837], [73.56265605167083, 19.696328985357034], [73.56212522429122, 19.69637437059815], [73.56187660752205, 19.696397772549396], [73.56187660752205, 19.696715477822153]]]}}, {"type": "Feature", "properties": {"id": 283, "area_m2": 8063.6, "perimeter_m": 364.6, "landuse": "Vacant / Unclassified", "building_count": 0, "building_ids": [], "has_unrecorded_building": false, "road_connected": true, "road_distance_m": 35.5, "gps_lat": 19.69712, "gps_lon": 73.562308}, "geometry": {"type": "Polygon", "coordinates": [[[73.56187660752205, 19.69752396157786], [73.56273532962275, 19.69752396157786], [73.56273532962275, 19.696715477822153], [73.56187660752205, 19.696715477822153], [73.56187660752205, 19.696846099656316], [73.56191040239119, 19.69703700613913], [73.56187660752205, 19.697030642589706], [73.56187660752205, 19.69752396157786]]]}}, {"type": "Feature", "properties": {"id": 284, "area_m2": 8100.0, "perimeter_m": 360.0, "landuse": "Vacant / Unclassified", "building_count": 0, "building_ids": [], "has_unrecorded_building": false, "road_connected": true, "road_distance_m": 13.8, "gps_lat": 19.697928, "gps_lon": 73.562306}, "geometry": {"type": "Polygon", "coordinates": [[[73.56187660752205, 19.69752396157786], [73.56187660752205, 19.69833244533357], [73.56273532962275, 19.69833244533357], [73.56273532962275, 19.69752396157786], [73.56187660752205, 19.69752396157786]]]}}, {"type": "Feature", "properties": {"id": 285, "area_m2": 7326.8, "perimeter_m": 348.0, "landuse": "Vacant / Unclassified", "building_count": 0, "building_ids": [], "has_unrecorded_building": false, "road_connected": true, "road_distance_m": 4.0, "gps_lat": 19.698718, "gps_lon": 73.562268}, "geometry": {"type": "Polygon", "coordinates": [[[73.56273532962275, 19.69833244533357], [73.56187660752205, 19.69833244533357], [73.56187660752205, 19.69914092908928], [73.56258807283125, 19.69914092908928], [73.56258071744159, 19.699084366713063], [73.56258045303535, 19.699081117522574], [73.56258050237251, 19.699077859140917], [73.56258616631739, 19.698988514978154], [73.5625857983939, 19.698988514978154], [73.5625857983939, 19.698870854112556], [73.56259481558655, 19.69886236445828], [73.56259561471074, 19.69885077266801], [73.56259611815449, 19.698846840310424], [73.56259707823511, 19.698842984010977], [73.56259848328718, 19.69883925062549], [73.56273532962275, 19.69853079752152], [73.56273532962275, 19.69833244533357]]]}}, {"type": "Feature", "properties": {"id": 286, "area_m2": 288.6, "perimeter_m": 103.1, "landuse": "Vacant / Unclassified", "building_count": 0, "building_ids": [], "has_unrecorded_building": false, "road_connected": true, "road_distance_m": 4.0, "gps_lat": 19.698969, "gps_lon": 73.562702}, "geometry": {"type": "Polygon", "coordinates": [[[73.56273532962275, 19.69914092908928], [73.56273532962275, 19.698717253965253], [73.5626713725891, 19.69886141380316], [73.56266289171583, 19.69898443411064], [73.56265690448409, 19.69907887786286], [73.5626649736456, 19.69914092908928], [73.56273532962275, 19.69914092908928]]]}}, {"type": "Feature", "properties": {"id": 287, "area_m2": 79.1, "perimeter_m": 50.0, "landuse": "Vacant / Unclassified", "building_count": 0, "building_ids": [], "has_unrecorded_building": false, "road_connected": true, "road_distance_m": 4.0, "gps_lat": 19.6992, "gps_lon": 73.562706}, "geometry": {"type": "Polygon", "coordinates": [[[73.56273532962275, 19.69914092908928], [73.5626649736456, 19.69914092908928], [73.56266891463986, 19.699171235029638], [73.56272312749546, 19.699323764173325], [73.56272312749546, 19.699219586215484], [73.56273532962275, 19.69921664350026], [73.56273532962275, 19.69914092908928]]]}}, {"type": "Feature", "properties": {"id": 288, "area_m2": 7351.4, "perimeter_m": 390.5, "landuse": "Vacant / Unclassified", "building_count": 0, "building_ids": [], "has_unrecorded_building": false, "road_connected": true, "road_distance_m": 4.0, "gps_lat": 19.699547, "gps_lon": 73.56227}, "geometry": {"type": "Polygon", "coordinates": [[[73.56273532962275, 19.699584559023535], [73.56259530722792, 19.699190602724084], [73.56259427432464, 19.69918712474288], [73.56259361744159, 19.699183566713064], [73.56258807283125, 19.69914092908928], [73.56187660752205, 19.69914092908928], [73.56187660752205, 19.699949412844983], [73.56265622018014, 19.699949412844983], [73.5625011272934, 19.69965737406059], [73.56255739334898, 19.69966650897899], [73.56271567101805, 19.699815526832253], [73.56272487625156, 19.69979819344411], [73.56273532962275, 19.699793272538518], [73.56273532962275, 19.699584559023535]]]}}, {"type": "Feature", "properties": {"id": 289, "area_m2": 8017.9, "perimeter_m": 354.2, "landuse": "Vacant / Unclassified", "building_count": 0, "building_ids": [], "has_unrecorded_building": false, "road_connected": true, "road_distance_m": 22.0, "gps_lat": 19.700357, "gps_lon": 73.562302}, "geometry": {"type": "Polygon", "coordinates": [[[73.56187660752205, 19.699949412844983], [73.56187660752205, 19.70075789660069], [73.56273532962275, 19.70075789660069], [73.56273532962275, 19.70009682593985], [73.56266209233921, 19.699993396983302], [73.56266209233921, 19.69996047007806], [73.56265622018014, 19.699949412844983], [73.56187660752205, 19.699949412844983]]]}}, {"type": "Feature", "properties": {"id": 290, "area_m2": 7115.5, "perimeter_m": 381.3, "landuse": "Vacant / Unclassified", "building_count": 0, "building_ids": [], "has_unrecorded_building": false, "road_connected": true, "road_distance_m": 51.2, "gps_lat": 19.701119, "gps_lon": 73.562331}, "geometry": {"type": "Polygon", "coordinates": [[[73.56273532962275, 19.7015663803564], [73.56273532962275, 19.70075789660069], [73.56187660752205, 19.70075789660069], [73.56187660752205, 19.701419915702495], [73.56204508879094, 19.701419915702495], [73.56209086515813, 19.701376817418268], [73.56217381108921, 19.701376817418268], [73.56217381108921, 19.701273522647742], [73.56236557277627, 19.701454065582897], [73.56232264887173, 19.701494478283866], [73.56232264887173, 19.701530131084315], [73.56239912864632, 19.70156613379997], [73.56239886676913, 19.7015663803564], [73.56273532962275, 19.7015663803564]]]}}, {"type": "Feature", "properties": {"id": 291, "area_m2": 150.3, "perimeter_m": 59.7, "landuse": "Vacant / Unclassified", "building_count": 0, "building_ids": [], "has_unrecorded_building": false, "road_connected": true, "road_distance_m": 144.4, "gps_lat": 19.70152, "gps_lon": 73.561938}, "geometry": {"type": "Polygon", "coordinates": [[[73.56187660752205, 19.7015663803564], [73.56206155015525, 19.7015663803564], [73.56187660752205, 19.701427082099922], [73.56187660752205, 19.7015663803564]]]}}, {"type": "Feature", "properties": {"id": 292, "area_m2": 4828.3, "perimeter_m": 303.3, "landuse": "Vacant / Unclassified", "building_count": 0, "building_ids": [], "has_unrecorded_building": false, "road_connected": true, "road_distance_m": 91.8, "gps_lat": 19.70183, "gps_lon": 73.562309}, "geometry": {"type": "Polygon", "coordinates": [[[73.56273532962275, 19.7015663803564], [73.56239886676913, 19.7015663803564], [73.56227111816406, 19.701686655206267], [73.56222293134672, 19.701641287491938], [73.5621344356156, 19.70162462380975], [73.56212302846161, 19.701603144221238], [73.56211036057213, 19.701603144221238], [73.56206155015525, 19.7015663803564], [73.56187660752205, 19.7015663803564], [73.56187660752205, 19.702071807656814], [73.56273532962275, 19.702071807656814], [73.56273532962275, 19.7015663803564]]]}}, {"type": "Feature", "properties": {"id": 293, "area_m2": 270.4, "perimeter_m": 70.0, "landuse": "Vacant / Unclassified", "building_count": 0, "building_ids": [], "has_unrecorded_building": false, "road_connected": true, "road_distance_m": 4.0, "gps_lat": 19.695782, "gps_lon": 73.563532}, "geometry": {"type": "Polygon", "coordinates": [[[73.56359405172346, 19.695682502982766], [73.56342891511112, 19.695721523025323], [73.5635086698371, 19.69587170059774], [73.56359405172346, 19.69589849617685], [73.56359405172346, 19.695682502982766]]]}}, {"type": "Feature", "properties": {"id": 294, "area_m2": 81.4, "perimeter_m": 48.2, "landuse": "Vacant / Unclassified", "building_count": 0, "building_ids": [], "has_unrecorded_building": false, "road_connected": true, "road_distance_m": 4.0, "gps_lat": 19.696149, "gps_lon": 73.563528}, "geometry": {"type": "Polygon", "coordinates": [[[73.56359405172346, 19.696086563840225], [73.56358573680177, 19.696086563840225], [73.56357264764083, 19.696123534033394], [73.56345961564551, 19.69613873677839], [73.56343697659172, 19.69618136595299], [73.56359405172346, 19.696168974548605], [73.56359405172346, 19.696086563840225]]]}}, {"type": "Feature", "properties": {"id": 295, "area_m2": 2569.6, "perimeter_m": 209.3, "landuse": "Vacant / Unclassified", "building_count": 0, "building_ids": [], "has_unrecorded_building": false, "road_connected": true, "road_distance_m": 4.0, "gps_lat": 19.696489, "gps_lon": 73.563347}, "geometry": {"type": "Polygon", "coordinates": [[[73.56359405172346, 19.69624109160708], [73.5630913654267, 19.69628074772014], [73.5630913654267, 19.69629503815196], [73.56311279960596, 19.696715477822153], [73.56359405172346, 19.696715477822153], [73.56359405172346, 19.696381253167612], [73.5635623608939, 19.696351416366152], [73.5635623608939, 19.696248121595296], [73.56359405172346, 19.696248121595296], [73.56359405172346, 19.69624109160708]]]}}, {"type": "Feature", "properties": {"id": 296, "area_m2": 1260.1, "perimeter_m": 142.5, "landuse": "Vacant / Unclassified", "building_count": 0, "building_ids": [], "has_unrecorded_building": false, "road_connected": true, "road_distance_m": 4.0, "gps_lat": 19.696496, "gps_lon": 73.562872}, "geometry": {"type": "Polygon", "coordinates": [[[73.56273532962275, 19.696715477822153], [73.56287620617827, 19.696715477822153], [73.56302904494491, 19.696571580675876], [73.56301507846013, 19.696297622705032], [73.5630150345733, 19.6962959], [73.5630150345733, 19.696288227952277], [73.56273532962275, 19.696319996737223], [73.56273532962275, 19.696715477822153]]]}}, {"type": "Feature", "properties": {"id": 297, "area_m2": 3933.4, "perimeter_m": 273.8, "landuse": "Vacant / Unclassified", "building_count": 0, "building_ids": [], "has_unrecorded_building": false, "road_connected": true, "road_distance_m": 4.0, "gps_lat": 19.697109, "gps_lon": 73.563385}, "geometry": {"type": "Polygon", "coordinates": [[[73.56359405172346, 19.69752396157786], [73.56359405172346, 19.696715477822153], [73.56311279960596, 19.696715477822153], [73.56311337641904, 19.69672679223248], [73.56311661238819, 19.696758014961745], [73.56312395262884, 19.696780541907245], [73.56317718640814, 19.69692243231709], [73.56317820992192, 19.696925625098334], [73.5631870099219, 19.696958525098335], [73.56318775956888, 19.696962073655893], [73.56318812638901, 19.696965675200943], [73.56318962638902, 19.69699687520094], [73.56318966538862, 19.696998449241725], [73.5631900652296, 19.697264943264585], [73.56319207668756, 19.69752396157786], [73.56359405172346, 19.69752396157786]]]}}, {"type": "Feature", "properties": {"id": 298, "area_m2": 3405.6, "perimeter_m": 262.5, "landuse": "Vacant / Unclassified", "building_count": 0, "building_ids": [], "has_unrecorded_building": false, "road_connected": true, "road_distance_m": 4.0, "gps_lat": 19.697136, "gps_lon": 73.562919}, "geometry": {"type": "Polygon", "coordinates": [[[73.56273532962275, 19.696715477822153], [73.56273532962275, 19.69752396157786], [73.56311574379401, 19.69752396157786], [73.56311373559335, 19.697265362709825], [73.56311373461138, 19.697265150758273], [73.5631133357928, 19.696999338180984], [73.56311204804241, 19.696972552972845], [73.56310462306332, 19.696944793675986], [73.56305171359186, 19.69680376768291], [73.56305121293965, 19.696802338630597], [73.56304251293966, 19.696775638630598], [73.56304157625932, 19.696772149502763], [73.56304101498162, 19.696768589660405], [73.56303731498161, 19.696732889660403], [73.56303717846012, 19.69673112270503], [73.56303638087786, 19.696715477822153], [73.5629650570846, 19.696715477822153], [73.56286257468814, 19.69676372122505], [73.56284682144185, 19.696743143445275], [73.56287620617827, 19.696715477822153], [73.56273532962275, 19.696715477822153]]]}}, {"type": "Feature", "properties": {"id": 299, "area_m2": 2618.0, "perimeter_m": 535.4, "landuse": "Vacant / Unclassified", "building_count": 0, "building_ids": [], "has_unrecorded_building": false, "road_connected": true, "road_distance_m": 4.0, "gps_lat": 19.697949, "gps_lon": 73.56335}, "geometry": {"type": "Polygon", "coordinates": [[[73.56359405172346, 19.69833244533357], [73.56359405172346, 19.69752396157786], [73.56319207668756, 19.69752396157786], [73.56319356440665, 19.697715537290176], [73.56319334304668, 19.69771967331701], [73.56318134304668, 19.69782387331701], [73.56318068669391, 19.69782766624685], [73.56317960385648, 19.697831371490278], [73.56315880385648, 19.697890071490278], [73.56315704846291, 19.697894167590768], [73.56313942733914, 19.697928954680137], [73.56324318247589, 19.697928954680137], [73.56325294122698, 19.69794733033788], [73.56327798087518, 19.69794143665331], [73.56332463754019, 19.69754609292032], [73.56342128168423, 19.69755113242028], [73.56342128168423, 19.697852410830308], [73.56353435562079, 19.69790564018157], [73.5634361721478, 19.697951859874017], [73.56344015328771, 19.69796310456054], [73.56343911481933, 19.697966037703242], [73.56348558668951, 19.697951453337314], [73.56351401339553, 19.698138798823948], [73.56346697124032, 19.698315958900267], [73.5633935753249, 19.69824685691123], [73.56333850733803, 19.698257226173343], [73.56315638279946, 19.69821912181897], [73.5631302988012, 19.698170005838822], [73.56311993797004, 19.697967430002883], [73.56310284846292, 19.698001167590768], [73.56310263689265, 19.698001578525037], [73.56303163689265, 19.69813727852504], [73.56303138587764, 19.698137749537253], [73.56292572207538, 19.69833244533357], [73.56359405172346, 19.69833244533357]]]}}, {"type": "Feature", "properties": {"id": 300, "area_m2": 2359.2, "perimeter_m": 293.5, "landuse": "Vacant / Unclassified", "building_count": 0, "building_ids": [], "has_unrecorded_building": false, "road_connected": true, "road_distance_m": 4.0, "gps_lat": 19.697828, "gps_lon": 73.562892}, "geometry": {"type": "Polygon", "coordinates": [[[73.56273532962275, 19.69752396157786], [73.56273532962275, 19.69833244533357], [73.56284000413038, 19.69833244533357], [73.56290496650514, 19.698212745862076], [73.56287571538608, 19.698212745862076], [73.56287571538608, 19.69814717820893], [73.56286045659702, 19.69813281211419], [73.56286045659702, 19.69808971382996], [73.56275074319558, 19.697986419059106], [73.56289958097844, 19.697986419059106], [73.56300929437954, 19.69788312428858], [73.56300929437954, 19.698017352268845], [73.56303405593543, 19.6979700263092], [73.56308713988884, 19.697865229574603], [73.56310589883722, 19.697812289657758], [73.56311721948707, 19.697713988681553], [73.56311574379401, 19.69752396157786], [73.56273532962275, 19.69752396157786]]]}}, {"type": "Feature", "properties": {"id": 301, "area_m2": 7164.4, "perimeter_m": 360.9, "landuse": "Vacant / Unclassified", "building_count": 0, "building_ids": [], "has_unrecorded_building": false, "road_connected": true, "road_distance_m": 4.0, "gps_lat": 19.698745, "gps_lon": 73.563157}, "geometry": {"type": "Polygon", "coordinates": [[[73.56359405172346, 19.69833244533357], [73.56292572207538, 19.69833244533357], [73.56281795224555, 19.698531021689792], [73.56273532962275, 19.698717253965253], [73.56273532962275, 19.69914092908928], [73.56359405172346, 19.69914092908928], [73.56359405172346, 19.699079964520564], [73.56357188762374, 19.699104309843616], [73.5634829305225, 19.699020557054368], [73.56350352881593, 19.6988460180851], [73.56351635189895, 19.698827908755636], [73.56349707722843, 19.698818835239326], [73.56352025308023, 19.698600635432474], [73.56359405172346, 19.69855894673898], [73.56359405172346, 19.69833244533357]]]}}, {"type": "Feature", "properties": {"id": 302, "area_m2": 118.2, "perimeter_m": 57.7, "landuse": "Vacant / Unclassified", "building_count": 0, "building_ids": [], "has_unrecorded_building": false, "road_connected": true, "road_distance_m": 4.0, "gps_lat": 19.698397, "gps_lon": 73.56277}, "geometry": {"type": "Polygon", "coordinates": [[[73.56273532962275, 19.69833244533357], [73.56273532962275, 19.69853079752152], [73.56274808328718, 19.69850205062549], [73.56274931412237, 19.69849955046275], [73.56284000413038, 19.69833244533357], [73.56273532962275, 19.69833244533357]]]}}, {"type": "Feature", "properties": {"id": 303, "area_m2": 6213.2, "perimeter_m": 400.4, "landuse": "Vacant / Unclassified", "building_count": 0, "building_ids": [], "has_unrecorded_building": false, "road_connected": true, "road_distance_m": 4.0, "gps_lat": 19.699531, "gps_lon": 73.563255}, "geometry": {"type": "Polygon", "coordinates": [[[73.56359405172346, 19.699949412844983], [73.56359405172346, 19.69914092908928], [73.56273532962275, 19.69914092908928], [73.56273532962275, 19.69921664350026], [73.56278401903688, 19.69920490136081], [73.56285621271135, 19.699340841527874], [73.56292183015786, 19.699325396880702], [73.56296746020733, 19.69943279819724], [73.5630454060883, 19.699491506809377], [73.56305167918458, 19.69950922510178], [73.5631953017263, 19.69950922510178], [73.56303120515437, 19.69966372143104], [73.56295415423759, 19.69966372143104], [73.56292744514934, 19.699726587706127], [73.56286251202259, 19.69971604566958], [73.56294481994753, 19.699949412844983], [73.56359405172346, 19.699949412844983]]]}}, {"type": "Feature", "properties": {"id": 304, "area_m2": 66.5, "perimeter_m": 49.4, "landuse": "Vacant / Unclassified", "building_count": 0, "building_ids": [], "has_unrecorded_building": false, "road_connected": true, "road_distance_m": 4.0, "gps_lat": 19.699706, "gps_lon": 73.562753}, "geometry": {"type": "Polygon", "coordinates": [[[73.56273532962275, 19.699793272538518], [73.56275539382969, 19.699783827349368], [73.56278579742744, 19.699726577594625], [73.56278459322434, 19.699723163324656], [73.56273532962275, 19.699584559023535], [73.56273532962275, 19.699793272538518]]]}}, {"type": "Feature", "properties": {"id": 305, "area_m2": 4081.3, "perimeter_m": 292.4, "landuse": "Vacant / Unclassified", "building_count": 0, "building_ids": [], "has_unrecorded_building": false, "road_connected": true, "road_distance_m": 4.0, "gps_lat": 19.700302, "gps_lon": 73.563365}, "geometry": {"type": "Polygon", "coordinates": [[[73.56359405172346, 19.70075789660069], [73.56359405172346, 19.699949412844983], [73.56294481994753, 19.699949412844983], [73.56297455188495, 19.700033711632265], [73.56299539025429, 19.700064753020612], [73.56301965841782, 19.700095486789756], [73.56305037112148, 19.700121508504097], [73.56309973113669, 19.70015691894979], [73.5631029159254, 19.700159475298186], [73.56310578427302, 19.700162344585806], [73.56314588427301, 19.700207144585807], [73.56314769100382, 19.7002093285515], [73.56314931379772, 19.700211636986328], [73.56317991379773, 19.700259036986328], [73.56318136382454, 19.700261494890107], [73.56318260529646, 19.700264052009253], [73.56320410529646, 19.700313352009253], [73.56320519391913, 19.700316179652518], [73.56320602755919, 19.700319083105164], [73.56320660037598, 19.700322042025057], [73.56325250037598, 19.700632242025055], [73.56325273213334, 19.70063419950124], [73.56326374156664, 19.70075789660069], [73.56359405172346, 19.70075789660069]]]}}, {"type": "Feature", "properties": {"id": 306, "area_m2": 2269.6, "perimeter_m": 254.0, "landuse": "Vacant / Unclassified", "building_count": 0, "building_ids": [], "has_unrecorded_building": false, "road_connected": true, "road_distance_m": 4.0, "gps_lat": 19.700403, "gps_lon": 73.562896}, "geometry": {"type": "Polygon", "coordinates": [[[73.56273532962275, 19.70075789660069], [73.56292530064528, 19.70075789660069], [73.56293142948138, 19.700740585769566], [73.56287184285786, 19.70062838458828], [73.56302593072563, 19.70060765984964], [73.5630410390948, 19.700550761949778], [73.56303600283856, 19.70054839114125], [73.56309959096161, 19.700428655165283], [73.56314530781563, 19.700428655165283], [73.56313166449365, 19.70033645127695], [73.56311313157781, 19.70029395486991], [73.56308561675398, 19.7002513338683], [73.56305012489702, 19.700211682117867], [73.56300286886331, 19.700177781050208], [73.56300047008234, 19.70017590969165], [73.56296577008234, 19.700146509691653], [73.56296308148961, 19.70014399326001], [73.56296067133127, 19.700141238111463], [73.56293327133127, 19.700106538111463], [73.56293163820231, 19.700104297667853], [73.56290753820231, 19.700068397667852], [73.56290530438237, 19.70006457415342], [73.56290357931755, 19.700060523894845], [73.56288476979849, 19.70000719337608], [73.56282618891079, 19.70003477022308], [73.56282618891079, 19.700225141476693], [73.56273532962275, 19.70009682593985], [73.56273532962275, 19.70075789660069]]]}}, {"type": "Feature", "properties": {"id": 307, "area_m2": 7621.2, "perimeter_m": 418.3, "landuse": "Vacant / Unclassified", "building_count": 0, "building_ids": [], "has_unrecorded_building": false, "road_connected": true, "road_distance_m": 4.0, "gps_lat": 19.701183, "gps_lon": 73.563168}, "geometry": {"type": "Polygon", "coordinates": [[[73.56273532962275, 19.70075789660069], [73.56273532962275, 19.7015663803564], [73.56359405172346, 19.7015663803564], [73.56359405172346, 19.70075789660069], [73.56326374156664, 19.70075789660069], [73.56327523213334, 19.700886999501243], [73.56327536137361, 19.700890523660593], [73.563275123099, 19.700894042776802], [73.56327451960422, 19.700897522958865], [73.56327355670125, 19.70090093069072], [73.56327224366338, 19.70090423315405], [73.56327059313585, 19.700907398544324], [73.56326862101419, 19.700910396377104], [73.56326634629097, 19.700913197781624], [73.56326379087305, 19.700915775778824], [73.56326097937048, 19.700918105541184], [73.56325793885958, 19.70092016463182], [73.5632546986221, 19.700921933220563], [73.56325128986335, 19.700923394274934], [73.5632477454115, 19.70092453372418], [73.56324409940159, 19.70092534059479], [73.56324038694666, 19.700925807116146], [73.56323664379968, 19.700925928795403], [73.56323290600923, 19.70092570446072], [73.56322920957226, 19.700925136272563], [73.56322559008746, 19.700924229702892], [73.56322208241248, 19.700922993482468], [73.56321872032812, 19.700921439516776], [73.56321553621311, 19.70091958277135], [73.56321256073221, 19.70091744112766], [73.56320982254093, 19.700915035210915], [73.56320734800954, 19.7009123881914], [73.56320516096913, 19.700909525561368], [73.56320328248212, 19.7009064748895], [73.56320173063934, 19.700903265555446], [73.56320052038589, 19.700899928466836], [73.56319966337718, 19.700896495761665], [73.56319916786667, 19.70089300049876], [73.56319612916333, 19.700858858978577], [73.56310459722202, 19.700945035970427], [73.56310459722202, 19.700792837440236], [73.5630821967627, 19.700856107294644], [73.56297587492375, 19.700856107294644], [73.56291186586358, 19.700795842995888], [73.56292530064528, 19.70075789660069], [73.56273532962275, 19.70075789660069]]]}}, {"type": "Feature", "properties": {"id": 308, "area_m2": 5063.8, "perimeter_m": 292.5, "landuse": "Vacant / Unclassified", "building_count": 0, "building_ids": [], "has_unrecorded_building": false, "road_connected": true, "road_distance_m": 75.3, "gps_lat": 19.701819, "gps_lon": 73.563165}, "geometry": {"type": "Polygon", "coordinates": [[[73.56359405172346, 19.7015663803564], [73.56273532962275, 19.7015663803564], [73.56273532962275, 19.702071807656814], [73.56359405172346, 19.702071807656814], [73.56359405172346, 19.7015663803564]]]}}, {"type": "Feature", "properties": {"id": 309, "area_m2": 3209.8, "perimeter_m": 261.3, "landuse": "Vacant / Unclassified", "building_count": 0, "building_ids": [], "has_unrecorded_building": false, "road_connected": true, "road_distance_m": 4.0, "gps_lat": 19.695741, "gps_lon": 73.564064}, "geometry": {"type": "Polygon", "coordinates": [[[73.56445277382416, 19.695491071313104], [73.56388421521811, 19.69561394040449], [73.56359405172346, 19.695682502982766], [73.56359405172346, 19.69589849617685], [73.56362112954254, 19.695906994066448], [73.56445277382416, 19.695906994066448], [73.56445277382416, 19.695708769408306], [73.56439416828003, 19.69567184112717], [73.56445277382416, 19.695660805745582], [73.56445277382416, 19.695491071313104]]]}}, {"type": "Feature", "properties": {"id": 310, "area_m2": 2227.2, "perimeter_m": 251.5, "landuse": "Vacant / Unclassified", "building_count": 0, "building_ids": [], "has_unrecorded_building": false, "road_connected": true, "road_distance_m": 4.0, "gps_lat": 19.696025, "gps_lon": 73.564026}, "geometry": {"type": "Polygon", "coordinates": [[[73.56445277382416, 19.695906994066448], [73.56362112954254, 19.695906994066448], [73.5636811703648, 19.695925836805483], [73.56359539077704, 19.69596621739137], [73.56368553344811, 19.696008651890843], [73.56360930446041, 19.696086563840225], [73.56359405172346, 19.696086563840225], [73.56359405172346, 19.696168974548605], [73.56371931326953, 19.696159092866797], [73.56371967871945, 19.696159065700424], [73.56426847871946, 19.696120765700424], [73.56427227128879, 19.69612067902683], [73.56445277382416, 19.69612500536938], [73.56445277382416, 19.695906994066448]]]}}, {"type": "Feature", "properties": {"id": 311, "area_m2": 1672.5, "perimeter_m": 197.6, "landuse": "Vacant / Unclassified", "building_count": 0, "building_ids": [], "has_unrecorded_building": false, "road_connected": true, "road_distance_m": 4.0, "gps_lat": 19.696466, "gps_lon": 73.564293}, "geometry": {"type": "Polygon", "coordinates": [[[73.56445277382416, 19.696715477822153], [73.56445277382416, 19.696437336443307], [73.56443146990149, 19.696429136917793], [73.56438177352382, 19.696195192118115], [73.56427222728642, 19.696192566478828], [73.56411455314564, 19.696203570341055], [73.56413844477017, 19.696221680217924], [73.56413844477017, 19.696323145212467], [73.56418422113735, 19.69633751130721], [73.56418422113735, 19.696502684169904], [73.56409187750586, 19.69656064496672], [73.56406215082485, 19.69656064496672], [73.56406215082485, 19.696582500399735], [73.56405792264576, 19.69659178896884], [73.56408361759664, 19.69657812374709], [73.56412983796687, 19.696621640058595], [73.56418422113735, 19.696621640058595], [73.56418422113735, 19.696701573806482], [73.56419898913423, 19.696715477822153], [73.56445277382416, 19.696715477822153]]]}}, {"type": "Feature", "properties": {"id": 312, "area_m2": 703.9, "perimeter_m": 201.7, "landuse": "Vacant / Unclassified", "building_count": 0, "building_ids": [], "has_unrecorded_building": false, "road_connected": true, "road_distance_m": 4.0, "gps_lat": 19.696417, "gps_lon": 73.563763}, "geometry": {"type": "Polygon", "coordinates": [[[73.56359405172346, 19.696715477822153], [73.56365391362827, 19.696715477822153], [73.56365391362827, 19.696561245496017], [73.56366540626601, 19.696549809584884], [73.56373881437688, 19.696549809584884], [73.56375072927565, 19.69653859175076], [73.56376962351219, 19.696449647473738], [73.5637980278115, 19.696440733292032], [73.56379458252269, 19.696421270930262], [73.5639225657034, 19.69629391946271], [73.56403777208868, 19.69626292906406], [73.56406755377571, 19.69620685036268], [73.56378749262173, 19.69622639544686], [73.56378749262173, 19.696284957058957], [73.56383041652627, 19.696325369759926], [73.56374836824031, 19.696402617924555], [73.56371785066219, 19.696402617924555], [73.56367492675781, 19.696443030625357], [73.56363200285344, 19.696402617924555], [73.56361674406438, 19.696402617924555], [73.56359405172346, 19.696381253167612], [73.56359405172346, 19.696715477822153]]]}}, {"type": "Feature", "properties": {"id": 313, "area_m2": 7547.7, "perimeter_m": 401.6, "landuse": "Vacant / Unclassified", "building_count": 0, "building_ids": [], "has_unrecorded_building": false, "road_connected": true, "road_distance_m": 46.1, "gps_lat": 19.697144, "gps_lon": 73.564022}, "geometry": {"type": "Polygon", "coordinates": [[[73.56359405172346, 19.696715477822153], [73.56359405172346, 19.69752396157786], [73.56445277382416, 19.69752396157786], [73.56445277382416, 19.696715477822153], [73.56419898913423, 19.696715477822153], [73.56421473871548, 19.696730305995967], [73.56421473871548, 19.696796765303162], [73.56419947992642, 19.696811131397904], [73.56419947992642, 19.696862332956307], [73.56413844477017, 19.696862332956307], [73.56413844477017, 19.696891065145792], [73.56398960698765, 19.696891065145792], [73.56398960698765, 19.696825497492647], [73.56398295500188, 19.69681923467208], [73.56396769621281, 19.69681923467208], [73.56391331304233, 19.696768033113678], [73.56391331304233, 19.696715477822153], [73.56382534837296, 19.696715477822153], [73.56381934228884, 19.696718672008885], [73.5638077576712, 19.696718672008885], [73.56380319791761, 19.69672725799194], [73.56376531666005, 19.69674740419837], [73.56365391362827, 19.69674740419837], [73.56365391362827, 19.696715477822153], [73.56359405172346, 19.696715477822153]]]}}, {"type": "Feature", "properties": {"id": 314, "area_m2": 6486.8, "perimeter_m": 473.1, "landuse": "Vacant / Unclassified", "building_count": 0, "building_ids": [], "has_unrecorded_building": false, "road_connected": true, "road_distance_m": 46.0, "gps_lat": 19.697882, "gps_lon": 73.563973}, "geometry": {"type": "Polygon", "coordinates": [[[73.56445277382416, 19.69752396157786], [73.56359405172346, 19.69752396157786], [73.56359405172346, 19.69833244533357], [73.56416976361614, 19.69833244533357], [73.56409900659922, 19.69821824394675], [73.56418486722634, 19.698105071488662], [73.56384763412612, 19.69797806999075], [73.5638550415922, 19.69794332077488], [73.56413032765136, 19.69794332077488], [73.56414992192566, 19.697887976959574], [73.56432155023892, 19.697928373818694], [73.56432155023892, 19.697989612202566], [73.56440461463062, 19.698015680477404], [73.56435955812553, 19.69807931128241], [73.56445277382416, 19.69814952107704], [73.56445277382416, 19.69752396157786]]]}}, {"type": "Feature", "properties": {"id": 315, "area_m2": 5729.3, "perimeter_m": 519.5, "landuse": "Vacant / Unclassified", "building_count": 0, "building_ids": [], "has_unrecorded_building": false, "road_connected": true, "road_distance_m": 66.5, "gps_lat": 19.698753, "gps_lon": 73.564024}, "geometry": {"type": "Polygon", "coordinates": [[[73.56445277382416, 19.698555177183252], [73.56443017872002, 19.698576450392117], [73.5643011135243, 19.698629406715053], [73.5642468428547, 19.69850166761695], [73.56425579148338, 19.698451117007608], [73.56424027282061, 19.698446246752642], [73.56416976361614, 19.69833244533357], [73.56359405172346, 19.69833244533357], [73.56359405172346, 19.69855894673898], [73.56370942181412, 19.698493774424996], [73.5637365922127, 19.698647259417246], [73.56405728917005, 19.698647259417246], [73.56406651062782, 19.698658489004117], [73.56407201957329, 19.698721158091665], [73.56374354381538, 19.69877270121477], [73.56395785160679, 19.698873586220216], [73.56371432988294, 19.698873586220216], [73.56373923869846, 19.69892048933975], [73.56359405172346, 19.699079964520564], [73.56359405172346, 19.69914092908928], [73.56445277382416, 19.69914092908928], [73.56445277382416, 19.699072356593973], [73.56443337806688, 19.69909061762933], [73.56424761736969, 19.69888074599946], [73.56435144558597, 19.69884816136936], [73.56436940934204, 19.698780510123814], [73.56445277382416, 19.6987739695106], [73.56445277382416, 19.698555177183252]]]}}, {"type": "Feature", "properties": {"id": 316, "area_m2": 8100.0, "perimeter_m": 360.0, "landuse": "Vacant / Unclassified", "building_count": 0, "building_ids": [], "has_unrecorded_building": false, "road_connected": true, "road_distance_m": 59.0, "gps_lat": 19.699545, "gps_lon": 73.564023}, "geometry": {"type": "Polygon", "coordinates": [[[73.56359405172346, 19.69914092908928], [73.56359405172346, 19.699949412844983], [73.56445277382416, 19.699949412844983], [73.56445277382416, 19.69914092908928], [73.56359405172346, 19.69914092908928]]]}}, {"type": "Feature", "properties": {"id": 317, "area_m2": 6426.5, "perimeter_m": 601.6, "landuse": "Vacant / Unclassified", "building_count": 0, "building_ids": [], "has_unrecorded_building": false, "road_connected": true, "road_distance_m": 38.5, "gps_lat": 19.700388, "gps_lon": 73.563966}, "geometry": {"type": "Polygon", "coordinates": [[[73.56445277382416, 19.699949412844983], [73.56359405172346, 19.699949412844983], [73.56359405172346, 19.70075789660069], [73.56445277382416, 19.70075789660069], [73.56445277382416, 19.7005687853998], [73.56443501374812, 19.7005687853998], [73.56441975495906, 19.70058315149454], [73.56426426519077, 19.70058315149454], [73.56426426519077, 19.700385556881056], [73.56433390715031, 19.700385556881056], [73.56434916593938, 19.700371190786313], [73.56445277382416, 19.700371190786313], [73.56445277382416, 19.70025273131547], [73.56435871980281, 19.70025273131547], [73.56429227562589, 19.70031528826785], [73.56423374761265, 19.700328050304268], [73.56423374761265, 19.700243078596845], [73.56422217216475, 19.700237629475666], [73.56415745366733, 19.700298561707026], [73.56415745366733, 19.700207163359988], [73.56412067367609, 19.700189849245582], [73.56415745366733, 19.700172535131177], [73.56415745366733, 19.700159932561085], [73.5637980459193, 19.700075337287203], [73.56380444413803, 19.7000264045125], [73.56418131925969, 19.7000264045125], [73.56422424316406, 19.699985991811698], [73.56425476074219, 19.700014724001182], [73.56430357540121, 19.699968765176166], [73.56434181528839, 19.70004077060724], [73.56439784418423, 19.70004077060724], [73.56439784418423, 19.70007915551535], [73.56441891718623, 19.700089075592956], [73.56445277382416, 19.70021657920181], [73.56445277382416, 19.699949412844983]]]}}, {"type": "Feature", "properties": {"id": 318, "area_m2": 8100.0, "perimeter_m": 360.0, "landuse": "Vacant / Unclassified", "building_count": 0, "building_ids": [], "has_unrecorded_building": false, "road_connected": true, "road_distance_m": 37.4, "gps_lat": 19.701162, "gps_lon": 73.564023}, "geometry": {"type": "Polygon", "coordinates": [[[73.56359405172346, 19.70075789660069], [73.56359405172346, 19.7015663803564], [73.56445277382416, 19.7015663803564], [73.56445277382416, 19.70075789660069], [73.56359405172346, 19.70075789660069]]]}}, {"type": "Feature", "properties": {"id": 319, "area_m2": 5063.8, "perimeter_m": 292.5, "landuse": "Vacant / Unclassified", "building_count": 0, "building_ids": [], "has_unrecorded_building": false, "road_connected": true, "road_distance_m": 84.1, "gps_lat": 19.701819, "gps_lon": 73.564023}, "geometry": {"type": "Polygon", "coordinates": [[[73.56445277382416, 19.7015663803564], [73.56359405172346, 19.7015663803564], [73.56359405172346, 19.702071807656814], [73.56445277382416, 19.702071807656814], [73.56445277382416, 19.7015663803564]]]}}, {"type": "Feature", "properties": {"id": 320, "area_m2": 3698.2, "perimeter_m": 333.3, "landuse": "Vacant / Unclassified", "building_count": 0, "building_ids": [], "has_unrecorded_building": false, "road_connected": true, "road_distance_m": 4.0, "gps_lat": 19.695654, "gps_lon": 73.56501}, "geometry": {"type": "Polygon", "coordinates": [[[73.56445277382416, 19.695906994066448], [73.56531149592486, 19.695906994066448], [73.56531149592486, 19.695294157025003], [73.56505032921889, 19.695356142560023], [73.56505004301268, 19.695356209382414], [73.564791337931, 19.69541561304868], [73.56477245571644, 19.69542983507808], [73.56482908844869, 19.695643113128835], [73.5648090500255, 19.695680845334813], [73.56488127449585, 19.695748844412552], [73.56468886660973, 19.69585753521009], [73.56466298281632, 19.69584122542209], [73.56461465672972, 19.695780560307643], [73.56455369408717, 19.695772360863703], [73.56445277382416, 19.695708769408306], [73.56445277382416, 19.695906994066448]]]}}, {"type": "Feature", "properties": {"id": 321, "area_m2": 217.1, "perimeter_m": 61.2, "landuse": "Vacant / Unclassified", "building_count": 0, "building_ids": [], "has_unrecorded_building": false, "road_connected": true, "road_distance_m": 4.0, "gps_lat": 19.695567, "gps_lon": 73.564507}, "geometry": {"type": "Polygon", "coordinates": [[[73.56445277382416, 19.695660805745582], [73.5645615362575, 19.695640325858015], [73.56456876288868, 19.695592698928074], [73.56455323551239, 19.69549036614752], [73.56455791230607, 19.69546835022577], [73.56445277382416, 19.695491071313104], [73.56445277382416, 19.695660805745582]]]}}, {"type": "Feature", "properties": {"id": 322, "area_m2": 1995.6, "perimeter_m": 222.5, "landuse": "Vacant / Unclassified", "building_count": 0, "building_ids": [], "has_unrecorded_building": false, "road_connected": true, "road_distance_m": 4.0, "gps_lat": 19.696008, "gps_lon": 73.564854}, "geometry": {"type": "Polygon", "coordinates": [[[73.56531149592486, 19.695906994066448], [73.56445277382416, 19.695906994066448], [73.56445277382416, 19.69612500536938], [73.56474887225679, 19.69613210235141], [73.56528640432983, 19.69605982829609], [73.56529013360415, 19.696059501656105], [73.56529387892677, 19.696059520736796], [73.56529760422819, 19.696059885354405], [73.56530127363173, 19.696060591997465], [73.56530485179901, 19.696061633860616], [73.56530830427033, 19.69606300091015], [73.56531149592486, 19.69606462804551], [73.56531149592486, 19.695906994066448]]]}}, {"type": "Feature", "properties": {"id": 323, "area_m2": 5230.3, "perimeter_m": 305.4, "landuse": "Vacant / Unclassified", "building_count": 0, "building_ids": [], "has_unrecorded_building": false, "road_connected": true, "road_distance_m": 4.0, "gps_lat": 19.69645, "gps_lon": 73.564904}, "geometry": {"type": "Polygon", "coordinates": [[[73.56445277382416, 19.696715477822153], [73.56531149592486, 19.696715477822153], [73.56531149592486, 19.69612616301064], [73.5653112435302, 19.696126319935825], [73.56530793089705, 19.69612796535097], [73.56530446291454, 19.696129297143983], [73.56530087298124, 19.69613030248897], [73.56529719567017, 19.696130971703912], [73.56475649567017, 19.696203671703913], [73.56475331995333, 19.69620397177349], [73.56475012871121, 19.69620402097317], [73.56450465570767, 19.696198137397637], [73.56450465570767, 19.696448331941273], [73.5644858881054, 19.696450081579417], [73.56445277382416, 19.696437336443307], [73.56445277382416, 19.696715477822153]]]}}, {"type": "Feature", "properties": {"id": 324, "area_m2": 8024.3, "perimeter_m": 384.2, "landuse": "Vacant / Unclassified", "building_count": 0, "building_ids": [], "has_unrecorded_building": false, "road_connected": true, "road_distance_m": 60.9, "gps_lat": 19.697116, "gps_lon": 73.564884}, "geometry": {"type": "Polygon", "coordinates": [[[73.56531149592486, 19.69752396157786], [73.56531149592486, 19.696715477822153], [73.56445277382416, 19.696715477822153], [73.56445277382416, 19.69752396157786], [73.56467044248572, 19.69752396157786], [73.56472169201638, 19.6973792078343], [73.56476012916438, 19.69752396157786], [73.56531149592486, 19.69752396157786]]]}}, {"type": "Feature", "properties": {"id": 325, "area_m2": 6922.4, "perimeter_m": 500.0, "landuse": "Vacant / Unclassified", "building_count": 0, "building_ids": [], "has_unrecorded_building": false, "road_connected": true, "road_distance_m": 136.0, "gps_lat": 19.697955, "gps_lon": 73.564905}, "geometry": {"type": "Polygon", "coordinates": [[[73.56531149592486, 19.69833244533357], [73.56531149592486, 19.69752396157786], [73.56476012916438, 19.69752396157786], [73.56478809171563, 19.697629268141508], [73.56478932403252, 19.697630428363407], [73.56490000752102, 19.697643454376443], [73.56496067062344, 19.69767201142226], [73.56503421513685, 19.697810495209293], [73.56490803620906, 19.697810495209293], [73.56486304130537, 19.697852857748458], [73.56480356907613, 19.697824861304035], [73.56480122468562, 19.697824861304035], [73.5647707071075, 19.69785359349352], [73.56461521733921, 19.69785359349352], [73.56461521733921, 19.6977624575825], [73.56455868037096, 19.697655998880034], [73.56462369516437, 19.697655998880034], [73.56467044248572, 19.69752396157786], [73.56445277382416, 19.69752396157786], [73.56445277382416, 19.69814952107704], [73.56451154759175, 19.698193789308817], [73.56445277382416, 19.698200706220035], [73.56445277382416, 19.698203899608178], [73.56455505628406, 19.698276123532867], [73.5645218220733, 19.69833244533357], [73.56531149592486, 19.69833244533357]]]}}, {"type": "Feature", "properties": {"id": 326, "area_m2": 6489.1, "perimeter_m": 501.4, "landuse": "Vacant / Unclassified", "building_count": 0, "building_ids": [], "has_unrecorded_building": false, "road_connected": true, "road_distance_m": 153.3, "gps_lat": 19.698718, "gps_lon": 73.564941}, "geometry": {"type": "Polygon", "coordinates": [[[73.56445277382416, 19.69914092908928], [73.56531149592486, 19.69914092908928], [73.56531149592486, 19.69833244533357], [73.5645218220733, 19.69833244533357], [73.56445887934048, 19.698439113973343], [73.56445887934048, 19.69854942886171], [73.56445277382416, 19.698555177183252], [73.56445277382416, 19.6987739695106], [73.5645389233939, 19.698767210384894], [73.5645389233939, 19.69866162551199], [73.56470802622589, 19.69866162551199], [73.5647123592296, 19.69866978452665], [73.56479368687367, 19.698440075477993], [73.56484459757625, 19.69891939790252], [73.5646735146981, 19.698999934858186], [73.56466674804688, 19.6989808225252], [73.5646258907697, 19.699096223461495], [73.56458014076284, 19.69903161326238], [73.56449604890437, 19.69903161326238], [73.56445277382416, 19.699072356593973], [73.56445277382416, 19.69914092908928]]]}}, {"type": "Feature", "properties": {"id": 327, "area_m2": 7836.8, "perimeter_m": 379.2, "landuse": "Vacant / Unclassified", "building_count": 0, "building_ids": [], "has_unrecorded_building": false, "road_connected": true, "road_distance_m": 141.0, "gps_lat": 19.699533, "gps_lon": 73.564873}, "geometry": {"type": "Polygon", "coordinates": [[[73.56531149592486, 19.699949412844983], [73.56531149592486, 19.69914092908928], [73.56445277382416, 19.69914092908928], [73.56445277382416, 19.699949412844983], [73.56501194585483, 19.699949412844983], [73.56501194585483, 19.699919579028737], [73.56506632902531, 19.699868377470334], [73.56508158781438, 19.699868377470334], [73.5651121053925, 19.699839645280854], [73.56525233637173, 19.699839645280854], [73.56525233637173, 19.699949412844983], [73.56531149592486, 19.699949412844983]]]}}, {"type": "Feature", "properties": {"id": 328, "area_m2": 7744.9, "perimeter_m": 398.3, "landuse": "Vacant / Unclassified", "building_count": 0, "building_ids": [], "has_unrecorded_building": false, "road_connected": true, "road_distance_m": 128.2, "gps_lat": 19.700362, "gps_lon": 73.564882}, "geometry": {"type": "Polygon", "coordinates": [[[73.56445277382416, 19.70075789660069], [73.56531149592486, 19.70075789660069], [73.56531149592486, 19.699949412844983], [73.56525233637173, 19.699949412844983], [73.56525233637173, 19.69997167224119], [73.56518269441219, 19.700037239894336], [73.56501194585483, 19.700037239894336], [73.56501194585483, 19.699949412844983], [73.56445277382416, 19.699949412844983], [73.56445277382416, 19.70021657920181], [73.56446237346634, 19.70025273131547], [73.56445277382416, 19.70025273131547], [73.56445277382416, 19.700371190786313], [73.5644893969186, 19.700371190786313], [73.5644893969186, 19.70047448555717], [73.56448654445596, 19.700477171140427], [73.56458385153098, 19.7005687853998], [73.56445277382416, 19.7005687853998], [73.56445277382416, 19.70075789660069]]]}}, {"type": "Feature", "properties": {"id": 329, "area_m2": 8100.0, "perimeter_m": 360.0, "landuse": "Vacant / Unclassified", "building_count": 0, "building_ids": [], "has_unrecorded_building": false, "road_connected": true, "road_distance_m": 127.4, "gps_lat": 19.701162, "gps_lon": 73.564882}, "geometry": {"type": "Polygon", "coordinates": [[[73.56445277382416, 19.70075789660069], [73.56445277382416, 19.7015663803564], [73.56531149592486, 19.7015663803564], [73.56531149592486, 19.70075789660069], [73.56445277382416, 19.70075789660069]]]}}, {"type": "Feature", "properties": {"id": 330, "area_m2": 5063.8, "perimeter_m": 292.5, "landuse": "Vacant / Unclassified", "building_count": 0, "building_ids": [], "has_unrecorded_building": false, "road_connected": true, "road_distance_m": 148.0, "gps_lat": 19.701819, "gps_lon": 73.564882}, "geometry": {"type": "Polygon", "coordinates": [[[73.56531149592486, 19.7015663803564], [73.56445277382416, 19.7015663803564], [73.56445277382416, 19.702071807656814], [73.56531149592486, 19.702071807656814], [73.56531149592486, 19.7015663803564]]]}}, {"type": "Feature", "properties": {"id": 331, "area_m2": 1104.9, "perimeter_m": 166.7, "landuse": "Vacant / Unclassified", "building_count": 0, "building_ids": [], "has_unrecorded_building": false, "road_connected": true, "road_distance_m": 4.0, "gps_lat": 19.694801, "gps_lon": 73.566081}, "geometry": {"type": "Polygon", "coordinates": [[[73.56617021802556, 19.69509851031074], [73.56617021802556, 19.694498704022017], [73.56603588163645, 19.694596072525712], [73.56603263113972, 19.69459818564061], [73.56602916606857, 19.694599971120855], [73.56602552354103, 19.694601409840306], [73.5659207356623, 19.69463691461316], [73.56601639483974, 19.694913888571307], [73.56601654345138, 19.694914328453205], [73.56604604345138, 19.695003628453204], [73.56604695730573, 19.695006944779553], [73.56604753153252, 19.695010327974632], [73.56604776091129, 19.6950137472807], [73.56604826091129, 19.6950443472807], [73.5660481196082, 19.695048038049688], [73.56604757667365, 19.69505169566895], [73.56604663784312, 19.695055281500146], [73.5660453130342, 19.695058757663272], [73.5660350130342, 19.695081957663273], [73.56603368392089, 19.69508463605672], [73.56603212545073, 19.69508720251926], [73.56602458692308, 19.69509851031074], [73.56617021802556, 19.69509851031074]]]}}, {"type": "Feature", "properties": {"id": 332, "area_m2": 6631.0, "perimeter_m": 395.1, "landuse": "Vacant / Unclassified", "building_count": 0, "building_ids": [], "has_unrecorded_building": false, "road_connected": true, "road_distance_m": 4.0, "gps_lat": 19.695566, "gps_lon": 73.56577}, "geometry": {"type": "Polygon", "coordinates": [[[73.56531149592486, 19.695906994066448], [73.56617021802556, 19.695906994066448], [73.56617021802556, 19.69509851031074], [73.56602458692308, 19.69509851031074], [73.56601692545073, 19.69511000251926], [73.56601474572855, 19.695112936543946], [73.56601226668538, 19.69511565176481], [73.56600951293596, 19.695118121222063], [73.56600651182264, 19.695120320396132], [73.56600329314388, 19.69512222745112], [73.56597909314388, 19.69513502745112], [73.56597607342265, 19.695136462770467], [73.56597293057322, 19.695137640710108], [73.5659696892854, 19.69513855201631], [73.56572802820432, 19.695195647062324], [73.5658808486013, 19.69533952691363], [73.56575587641079, 19.69533952691363], [73.56575587641079, 19.695345789734198], [73.565673828125, 19.69542303789866], [73.56563090422063, 19.69538262519786], [73.56554600347202, 19.69538262519786], [73.56554600347202, 19.695331423639455], [73.56546723404203, 19.695257262505862], [73.56540380925486, 19.69527224729831], [73.56531149592486, 19.695294157025003], [73.56531149592486, 19.695906994066448]]]}}, {"type": "Feature", "properties": {"id": 333, "area_m2": 8090.6, "perimeter_m": 361.4, "landuse": "Vacant / Unclassified", "building_count": 0, "building_ids": [], "has_unrecorded_building": false, "road_connected": true, "road_distance_m": 4.0, "gps_lat": 19.696311, "gps_lon": 73.565741}, "geometry": {"type": "Polygon", "coordinates": [[[73.56531149592486, 19.696715477822153], [73.56617021802556, 19.696715477822153], [73.56617021802556, 19.695906994066448], [73.56531149592486, 19.695906994066448], [73.56531149592486, 19.69606462804551], [73.56531159779651, 19.69606467998063], [73.56531470065907, 19.69606665490169], [73.56531758297578, 19.69606890665376], [73.56532021698834, 19.696071413551234], [73.56532257732977, 19.696074151451327], [73.56532464126867, 19.696077093986556], [73.56532638892821, 19.696080212818703], [73.56532780347747, 19.69608347791171], [73.56532887129356, 19.69608685782094], [73.56532958209283, 19.696090319996028], [73.56532992902989, 19.696093831094327], [73.56532990876353, 19.69609735730205], [73.56532952148896, 19.696100864659883], [73.56532877093584, 19.696104319390052], [73.56532766433239, 19.69610768822162], [73.5653262123358, 19.6961109387109], [73.56532442892963, 19.696114039553894], [73.56532233128901, 19.696116960887796], [73.56531993961539, 19.696119674578565], [73.5653172769419, 19.69612215449187], [73.56531436891153, 19.69612437674479], [73.56531149592486, 19.69612616301064], [73.56531149592486, 19.696715477822153]]]}}, {"type": "Feature", "properties": {"id": 334, "area_m2": 8067.1, "perimeter_m": 356.9, "landuse": "Vacant / Unclassified", "building_count": 0, "building_ids": [], "has_unrecorded_building": false, "road_connected": true, "road_distance_m": 58.9, "gps_lat": 19.697118, "gps_lon": 73.565739}, "geometry": {"type": "Polygon", "coordinates": [[[73.56617021802556, 19.696715477822153], [73.56531149592486, 19.696715477822153], [73.56531149592486, 19.69752396157786], [73.56612322036646, 19.69752396157786], [73.56614109624546, 19.697498716464676], [73.56614109624546, 19.697448610733076], [73.56617021802556, 19.697421192682395], [73.56617021802556, 19.696715477822153]]]}}, {"type": "Feature", "properties": {"id": 335, "area_m2": 7989.7, "perimeter_m": 362.8, "landuse": "Vacant / Unclassified", "building_count": 0, "building_ids": [], "has_unrecorded_building": false, "road_connected": true, "road_distance_m": 71.4, "gps_lat": 19.697932, "gps_lon": 73.565735}, "geometry": {"type": "Polygon", "coordinates": [[[73.56531149592486, 19.69752396157786], [73.56531149592486, 19.69833244533357], [73.56617021802556, 19.69833244533357], [73.56617021802556, 19.697800175360683], [73.56615635503452, 19.697813227316622], [73.56615635503452, 19.697673097082436], [73.56614109624546, 19.697658730987694], [73.56614109624546, 19.697638102072386], [73.56611057866733, 19.697638102072386], [73.56611057866733, 19.697541814748902], [73.56612322036646, 19.69752396157786], [73.56531149592486, 19.69752396157786]]]}}, {"type": "Feature", "properties": {"id": 336, "area_m2": 8100.0, "perimeter_m": 360.0, "landuse": "Vacant / Unclassified", "building_count": 0, "building_ids": [], "has_unrecorded_building": false, "road_connected": true, "road_distance_m": 104.8, "gps_lat": 19.698737, "gps_lon": 73.565741}, "geometry": {"type": "Polygon", "coordinates": [[[73.56531149592486, 19.69833244533357], [73.56531149592486, 19.69914092908928], [73.56617021802556, 19.69914092908928], [73.56617021802556, 19.69833244533357], [73.56531149592486, 19.69833244533357]]]}}, {"type": "Feature", "properties": {"id": 337, "area_m2": 8100.0, "perimeter_m": 360.0, "landuse": "Vacant / Unclassified", "building_count": 0, "building_ids": [], "has_unrecorded_building": false, "road_connected": true, "road_distance_m": 98.5, "gps_lat": 19.699545, "gps_lon": 73.565741}, "geometry": {"type": "Polygon", "coordinates": [[[73.56531149592486, 19.69914092908928], [73.56531149592486, 19.699949412844983], [73.56617021802556, 19.699949412844983], [73.56617021802556, 19.69914092908928], [73.56531149592486, 19.69914092908928]]]}}, {"type": "Feature", "properties": {"id": 338, "area_m2": 8100.0, "perimeter_m": 360.0, "landuse": "Vacant / Unclassified", "building_count": 0, "building_ids": [], "has_unrecorded_building": false, "road_connected": true, "road_distance_m": 94.6, "gps_lat": 19.700354, "gps_lon": 73.565741}, "geometry": {"type": "Polygon", "coordinates": [[[73.56531149592486, 19.699949412844983], [73.56531149592486, 19.70075789660069], [73.56617021802556, 19.70075789660069], [73.56617021802556, 19.699949412844983], [73.56531149592486, 19.699949412844983]]]}}, {"type": "Feature", "properties": {"id": 339, "area_m2": 6323.5, "perimeter_m": 617.2, "landuse": "Vacant / Unclassified", "building_count": 0, "building_ids": [], "has_unrecorded_building": false, "road_connected": true, "road_distance_m": 110.1, "gps_lat": 19.701156, "gps_lon": 73.565708}, "geometry": {"type": "Polygon", "coordinates": [[[73.56617021802556, 19.70075789660069], [73.56531149592486, 19.70075789660069], [73.56531149592486, 19.7015663803564], [73.56617021802556, 19.7015663803564], [73.56617021802556, 19.701190132562616], [73.56600020286507, 19.701270166892115], [73.56601449436144, 19.701283622284283], [73.56596974278966, 19.70136788917041], [73.56604700673877, 19.70141638498959], [73.56587270045513, 19.70141638498959], [73.56582066167515, 19.701440882151203], [73.56582066167515, 19.70141638498959], [73.56575297453313, 19.70141638498959], [73.56569859136265, 19.701365183431193], [73.56569859136265, 19.701329443794332], [73.56563078576, 19.701233685699663], [73.56574456119708, 19.70119797931209], [73.56575201487793, 19.70119096169852], [73.56573479325779, 19.701192291658984], [73.56569859136265, 19.70112412375218], [73.56569859136265, 19.70110504428138], [73.56566807378452, 19.701090678186638], [73.56566807378452, 19.70097456676549], [73.56573771574406, 19.70097456676549], [73.56584742914517, 19.700871271994963], [73.56584742914517, 19.70098893286023], [73.56598475824673, 19.70098893286023], [73.56598475824673, 19.70102731776834], [73.56606123802132, 19.701063320483996], [73.56596089265437, 19.70115779528423], [73.56591347056182, 19.70115779528423], [73.56590671554531, 19.70117051493149], [73.56589320551235, 19.70117687475509], [73.56589320551235, 19.70118005808083], [73.56617021802556, 19.701158665454102], [73.56617021802556, 19.70075789660069]]]}}, {"type": "Feature", "properties": {"id": 340, "area_m2": 5063.8, "perimeter_m": 292.5, "landuse": "Vacant / Unclassified", "building_count": 0, "building_ids": [], "has_unrecorded_building": false, "road_connected": true, "road_distance_m": 159.9, "gps_lat": 19.701819, "gps_lon": 73.565741}, "geometry": {"type": "Polygon", "coordinates": [[[73.56617021802556, 19.7015663803564], [73.56531149592486, 19.7015663803564], [73.56531149592486, 19.702071807656814], [73.56617021802556, 19.702071807656814], [73.56617021802556, 19.7015663803564]]]}}, {"type": "Feature", "properties": {"id": 341, "area_m2": 7554.0, "perimeter_m": 341.2, "landuse": "Vacant / Unclassified", "building_count": 0, "building_ids": [], "has_unrecorded_building": false, "road_connected": true, "road_distance_m": 4.0, "gps_lat": 19.69472, "gps_lon": 73.566616}, "geometry": {"type": "Polygon", "coordinates": [[[73.56617021802556, 19.69509851031074], [73.56702894012626, 19.69509851031074], [73.56702894012626, 19.694300854529413], [73.56684607635675, 19.69429002655503], [73.5663459982857, 19.694371296541277], [73.56617021802556, 19.694498704022017], [73.56617021802556, 19.69509851031074]]]}}, {"type": "Feature", "properties": {"id": 342, "area_m2": 7744.5, "perimeter_m": 391.7, "landuse": "Vacant / Unclassified", "building_count": 0, "building_ids": [], "has_unrecorded_building": false, "road_connected": true, "road_distance_m": 4.0, "gps_lat": 19.695487, "gps_lon": 73.566601}, "geometry": {"type": "Polygon", "coordinates": [[[73.56702894012626, 19.69509851031074], [73.56617021802556, 19.69509851031074], [73.56617021802556, 19.695906994066448], [73.56646251503336, 19.695906994066448], [73.56644627202671, 19.6958917013344], [73.56644627202671, 19.695810875932462], [73.5665283203125, 19.695733627768], [73.56657124421687, 19.6957740404688], [73.566601761795, 19.6957740404688], [73.56669906887002, 19.695865654728173], [73.56665614496548, 19.695906067429142], [73.56665614496548, 19.695906994066448], [73.5670066345733, 19.695906994066448], [73.5670066345733, 19.6958926], [73.56700676879488, 19.695889589090374], [73.56700717051557, 19.695886599358502], [73.56700783690975, 19.695883651833185], [73.56702894012626, 19.69580638018575], [73.56702894012626, 19.69509851031074]]]}}, {"type": "Feature", "properties": {"id": 343, "area_m2": 6370.6, "perimeter_m": 528.5, "landuse": "Vacant / Unclassified", "building_count": 0, "building_ids": [], "has_unrecorded_building": false, "road_connected": true, "road_distance_m": 4.0, "gps_lat": 19.69633, "gps_lon": 73.566565}, "geometry": {"type": "Polygon", "coordinates": [[[73.56617021802556, 19.695906994066448], [73.56617021802556, 19.696715477822153], [73.56691470508117, 19.696715477822153], [73.56697650055658, 19.696541067388985], [73.5670066345733, 19.69623334705546], [73.5670066345733, 19.695906994066448], [73.56665614496548, 19.695906994066448], [73.56665614496548, 19.695934799618627], [73.56652099677088, 19.696062041155287], [73.56650730718296, 19.69606509244355], [73.56650730718296, 19.695942902892803], [73.56650065519719, 19.695942902892803], [73.56646251503336, 19.695906994066448], [73.56617021802556, 19.695906994066448]], [[73.56663063364776, 19.6963164213561], [73.5666153748587, 19.696345153545586], [73.56646153081577, 19.696345153545586], [73.56646153081577, 19.69611737339999], [73.56658456294699, 19.696047872815925], [73.56667140375454, 19.696028516766734], [73.56667140375454, 19.6961475589321], [73.56669331452937, 19.6961475589321], [73.56670857331844, 19.696161925026843], [73.56688564375695, 19.696161925026843], [73.5669227218352, 19.696301560533367], [73.56685153531943, 19.69636858238062], [73.5667403536004, 19.696333689985103], [73.56673118275849, 19.6963164213561], [73.56663063364776, 19.6963164213561]]]}}, {"type": "Feature", "properties": {"id": 344, "area_m2": 5453.1, "perimeter_m": 349.8, "landuse": "Vacant / Unclassified", "building_count": 0, "building_ids": [], "has_unrecorded_building": false, "road_connected": true, "road_distance_m": 4.0, "gps_lat": 19.697091, "gps_lon": 73.566486}, "geometry": {"type": "Polygon", "coordinates": [[[73.5668203851689, 19.69752396157786], [73.56672271221221, 19.697305014392445], [73.56672118205007, 19.697300902055755], [73.56672019183574, 19.697296645577072], [73.56669459183574, 19.69714234557707], [73.56669420364196, 19.697138960790422], [73.5666941574298, 19.697135556606888], [73.56669445361408, 19.69713216358499], [73.56669508953605, 19.69712881218305], [73.5666960594872, 19.69712553248577], [73.5666973547605, 19.697122353934194], [73.5667895547605, 19.696924653934197], [73.56679154561877, 19.69692097506837], [73.5667939715811, 19.69691753551007], [73.56688245531423, 19.69680649898163], [73.56691470508117, 19.696715477822153], [73.56617021802556, 19.696715477822153], [73.56617021802556, 19.697421192682395], [73.56628993402798, 19.69730848049889], [73.56628993402798, 19.69745561818045], [73.5663204516061, 19.697498716464676], [73.5663204516061, 19.69752396157786], [73.5668203851689, 19.69752396157786]]]}}, {"type": "Feature", "properties": {"id": 345, "area_m2": 7317.2, "perimeter_m": 334.5, "landuse": "Vacant / Unclassified", "building_count": 0, "building_ids": [], "has_unrecorded_building": false, "road_connected": true, "road_distance_m": 4.0, "gps_lat": 19.697959, "gps_lon": 73.566595}, "geometry": {"type": "Polygon", "coordinates": [[[73.56617021802556, 19.69833244533357], [73.56702894012626, 19.69833244533357], [73.56702894012626, 19.697891296751838], [73.56701740638037, 19.697858071874506], [73.56683228210714, 19.697549993404824], [73.56683031221222, 19.697546214392442], [73.5668203851689, 19.69752396157786], [73.5663204516061, 19.69752396157786], [73.5663204516061, 19.69757253441924], [73.56630519281704, 19.697586900513983], [73.56630519281704, 19.697673097082436], [73.56617021802556, 19.697800175360683], [73.56617021802556, 19.69833244533357]]]}}, {"type": "Feature", "properties": {"id": 346, "area_m2": 8100.0, "perimeter_m": 360.0, "landuse": "Vacant / Unclassified", "building_count": 0, "building_ids": [], "has_unrecorded_building": false, "road_connected": true, "road_distance_m": 19.1, "gps_lat": 19.698737, "gps_lon": 73.5666}, "geometry": {"type": "Polygon", "coordinates": [[[73.56617021802556, 19.69833244533357], [73.56617021802556, 19.69914092908928], [73.56702894012626, 19.69914092908928], [73.56702894012626, 19.69833244533357], [73.56617021802556, 19.69833244533357]]]}}, {"type": "Feature", "properties": {"id": 347, "area_m2": 7682.6, "perimeter_m": 396.0, "landuse": "Vacant / Unclassified", "building_count": 0, "building_ids": [], "has_unrecorded_building": false, "road_connected": true, "road_distance_m": 19.5, "gps_lat": 19.699526, "gps_lon": 73.566588}, "geometry": {"type": "Polygon", "coordinates": [[[73.56702894012626, 19.699949412844983], [73.56702894012626, 19.69914092908928], [73.56617021802556, 19.69914092908928], [73.56617021802556, 19.699949412844983], [73.56668202886864, 19.699949412844983], [73.56659595803933, 19.699868377470334], [73.5667361890189, 19.699868377470334], [73.5667361890189, 19.69983906441941], [73.56688450133157, 19.699804155542854], [73.56696132074673, 19.699876480744514], [73.56696132074673, 19.699905212933995], [73.56697657953579, 19.699919579028737], [73.56697657953579, 19.699949412844983], [73.56702894012626, 19.699949412844983]]]}}, {"type": "Feature", "properties": {"id": 348, "area_m2": 7121.8, "perimeter_m": 472.7, "landuse": "Vacant / Unclassified", "building_count": 0, "building_ids": [], "has_unrecorded_building": false, "road_connected": true, "road_distance_m": 4.6, "gps_lat": 19.700392, "gps_lon": 73.566576}, "geometry": {"type": "Polygon", "coordinates": [[[73.56617021802556, 19.699949412844983], [73.56617021802556, 19.70075789660069], [73.56702894012626, 19.70075789660069], [73.56702894012626, 19.699949412844983], [73.56697657953579, 19.699949412844983], [73.56697657953579, 19.700000404430675], [73.56694606195767, 19.70002913662016], [73.56694606195767, 19.700099417649422], [73.56691554437954, 19.700113783744165], [73.56691554437954, 19.70014251593365], [73.56688502680142, 19.70015688202839], [73.56688502680142, 19.700298561707026], [73.56677531340031, 19.7001952669365], [73.56670066518036, 19.7001952669365], [73.56667690261875, 19.70015052220479], [73.56641324214321, 19.7000264045125], [73.56668376066594, 19.7000264045125], [73.56670567144077, 19.70000577559719], [73.56670567144077, 19.69997167224119], [73.56668202886864, 19.699949412844983], [73.56617021802556, 19.699949412844983]]]}}, {"type": "Feature", "properties": {"id": 349, "area_m2": 8085.3, "perimeter_m": 374.3, "landuse": "Vacant / Unclassified", "building_count": 0, "building_ids": [], "has_unrecorded_building": false, "road_connected": true, "road_distance_m": 33.4, "gps_lat": 19.701162, "gps_lon": 73.5666}, "geometry": {"type": "Polygon", "coordinates": [[[73.56617021802556, 19.7015663803564], [73.56702894012626, 19.7015663803564], [73.56702894012626, 19.70075789660069], [73.56617021802556, 19.70075789660069], [73.56617021802556, 19.701158665454102], [73.56625018079758, 19.701152490232218], [73.56617021802556, 19.701190132562616], [73.56617021802556, 19.7015663803564]]]}}, {"type": "Feature", "properties": {"id": 350, "area_m2": 5063.8, "perimeter_m": 292.5, "landuse": "Vacant / Unclassified", "building_count": 0, "building_ids": [], "has_unrecorded_building": false, "road_connected": true, "road_distance_m": 106.2, "gps_lat": 19.701819, "gps_lon": 73.5666}, "geometry": {"type": "Polygon", "coordinates": [[[73.56702894012626, 19.7015663803564], [73.56617021802556, 19.7015663803564], [73.56617021802556, 19.702071807656814], [73.56702894012626, 19.702071807656814], [73.56702894012626, 19.7015663803564]]]}}, {"type": "Feature", "properties": {"id": 351, "area_m2": 1579.1, "perimeter_m": 212.3, "landuse": "Vacant / Unclassified", "building_count": 0, "building_ids": [], "has_unrecorded_building": false, "road_connected": true, "road_distance_m": 4.0, "gps_lat": 19.694702, "gps_lon": 73.567114}, "geometry": {"type": "Polygon", "coordinates": [[[73.56702894012626, 19.69509851031074], [73.56719970703125, 19.69509851031074], [73.56719970703125, 19.694310966208054], [73.56702894012626, 19.694300854529413], [73.56702894012626, 19.69509851031074]]]}}, {"type": "Feature", "properties": {"id": 352, "area_m2": 1074.8, "perimeter_m": 180.8, "landuse": "Vacant / Unclassified", "building_count": 0, "building_ids": [], "has_unrecorded_building": false, "road_connected": true, "road_distance_m": 4.0, "gps_lat": 19.695373, "gps_lon": 73.567108}, "geometry": {"type": "Polygon", "coordinates": [[[73.56702894012626, 19.69509851031074], [73.56702894012626, 19.69580638018575], [73.56705393690974, 19.695714851833184], [73.5670550084059, 19.695711582537307], [73.56705640530647, 19.695708424008764], [73.56705811494673, 19.69570540488376], [73.56706012182651, 19.695702552534634], [73.56719970703125, 19.695523321827963], [73.56719970703125, 19.69509851031074], [73.56702894012626, 19.69509851031074]]]}}, {"type": "Feature", "properties": {"id": 353, "area_m2": 392.5, "perimeter_m": 116.1, "landuse": "Vacant / Unclassified", "building_count": 0, "building_ids": [], "has_unrecorded_building": false, "road_connected": true, "road_distance_m": 4.0, "gps_lat": 19.698185, "gps_lon": 73.56708}, "geometry": {"type": "Polygon", "coordinates": [[[73.56702894012626, 19.69833244533357], [73.56717628950977, 19.69833244533357], [73.56716558848838, 19.698284935133692], [73.56702894012626, 19.697891296751838], [73.56702894012626, 19.69833244533357]]]}}, {"type": "Feature", "properties": {"id": 354, "area_m2": 1596.6, "perimeter_m": 213.6, "landuse": "Vacant / Unclassified", "building_count": 0, "building_ids": [], "has_unrecorded_building": false, "road_connected": true, "road_distance_m": 4.0, "gps_lat": 19.69874, "gps_lon": 73.567114}, "geometry": {"type": "Polygon", "coordinates": [[[73.56702894012626, 19.69833244533357], [73.56702894012626, 19.69914092908928], [73.56719970703125, 19.69914092908928], [73.56719970703125, 19.69843641401893], [73.56717628950977, 19.69833244533357], [73.56702894012626, 19.69833244533357]]]}}, {"type": "Feature", "properties": {"id": 355, "area_m2": 1610.8, "perimeter_m": 215.8, "landuse": "Vacant / Unclassified", "building_count": 0, "building_ids": [], "has_unrecorded_building": false, "road_connected": true, "road_distance_m": 5.6, "gps_lat": 19.699545, "gps_lon": 73.567114}, "geometry": {"type": "Polygon", "coordinates": [[[73.56702894012626, 19.69914092908928], [73.56702894012626, 19.699949412844983], [73.56719970703125, 19.699949412844983], [73.56719970703125, 19.69914092908928], [73.56702894012626, 19.69914092908928]]]}}, {"type": "Feature", "properties": {"id": 356, "area_m2": 972.0, "perimeter_m": 225.9, "landuse": "Vacant / Unclassified", "building_count": 0, "building_ids": [], "has_unrecorded_building": false, "road_connected": true, "road_distance_m": 4.0, "gps_lat": 19.700426, "gps_lon": 73.567099}, "geometry": {"type": "Polygon", "coordinates": [[[73.56702894012626, 19.699949412844983], [73.56702894012626, 19.70075789660069], [73.56719970703125, 19.70075789660069], [73.56719970703125, 19.700532105764797], [73.567133674944, 19.700449268709317], [73.56713127331716, 19.70044586949853], [73.56712929673634, 19.70044223574018], [73.56704989673635, 19.70027323574018], [73.56704827842357, 19.70026913211348], [73.56704720210551, 19.700264873670065], [73.5670354021055, 19.700201173670067], [73.56703494322316, 19.70019770940552], [73.56703484357628, 19.700194219565645], [73.56703510410547, 19.70019073709265], [73.56703572235146, 19.7001872948592], [73.56703669247835, 19.70018392535813], [73.56703800532868, 19.700180660395702], [73.56703964850985, 19.70017753079141], [73.56708384850985, 19.70010273079141], [73.56708601205025, 19.700099488971414], [73.56708852967157, 19.700096482286458], [73.56717302023638, 19.70000594960621], [73.56719970703125, 19.699973351490062], [73.56719970703125, 19.699949412844983], [73.56702894012626, 19.699949412844983]]]}}, {"type": "Feature", "properties": {"id": 357, "area_m2": 1610.8, "perimeter_m": 215.8, "landuse": "Vacant / Unclassified", "building_count": 0, "building_ids": [], "has_unrecorded_building": false, "road_connected": true, "road_distance_m": 19.8, "gps_lat": 19.701162, "gps_lon": 73.567114}, "geometry": {"type": "Polygon", "coordinates": [[[73.56702894012626, 19.70075789660069], [73.56702894012626, 19.7015663803564], [73.56719970703125, 19.7015663803564], [73.56719970703125, 19.70075789660069], [73.56702894012626, 19.70075789660069]]]}}, {"type": "Feature", "properties": {"id": 358, "area_m2": 1007.0, "perimeter_m": 148.3, "landuse": "Vacant / Unclassified", "building_count": 0, "building_ids": [], "has_unrecorded_building": false, "road_connected": true, "road_distance_m": 91.2, "gps_lat": 19.701819, "gps_lon": 73.567114}, "geometry": {"type": "Polygon", "coordinates": [[[73.56702894012626, 19.7015663803564], [73.56702894012626, 19.702071807656814], [73.56719970703125, 19.702071807656814], [73.56719970703125, 19.7015663803564], [73.56702894012626, 19.7015663803564]]]}}, {"type": "Feature", "properties": {"id": 359, "area_m2": 398.0, "perimeter_m": 95.2, "landuse": "Vacant / Unclassified", "building_count": 0, "building_ids": [], "has_unrecorded_building": false, "road_connected": true, "road_distance_m": 4.0, "gps_lat": 19.695849, "gps_lon": 73.563295}, "geometry": {"type": "Polygon", "coordinates": [[[73.56324218976746, 19.695765644257758], [73.56316706845458, 19.695956289300163], [73.56322780335776, 19.695941993877213], [73.56331183516616, 19.695989463263516], [73.56333020920893, 19.69586836959969], [73.5633801313886, 19.69588403678359], [73.56341390016054, 19.695725070900032], [73.56324218976746, 19.695765644257758]]]}}, {"type": "Feature", "properties": {"id": 360, "area_m2": 124.4, "perimeter_m": 69.8, "landuse": "Vacant / Unclassified", "building_count": 0, "building_ids": [], "has_unrecorded_building": false, "road_connected": true, "road_distance_m": 4.0, "gps_lat": 19.696175, "gps_lon": 73.563223}, "geometry": {"type": "Polygon", "coordinates": [[[73.56310610079757, 19.696147196976238], [73.56309424198818, 19.696208403734357], [73.56335218220215, 19.696188055245937], [73.56333730429108, 19.69613202524799], [73.56316785288507, 19.696181113828363], [73.5631108527883, 19.69612744844331], [73.56310610079757, 19.696147196976238]]]}}, {"type": "Feature", "properties": {"id": 361, "area_m2": 33.7, "perimeter_m": 33.7, "landuse": "Vacant / Unclassified", "building_count": 0, "building_ids": [], "has_unrecorded_building": false, "road_connected": true, "road_distance_m": 4.0, "gps_lat": 19.700378, "gps_lon": 73.557806}, "geometry": {"type": "Polygon", "coordinates": [[[73.55774513852572, 19.70038738132915], [73.55787509124492, 19.700400975775302], [73.55781205123473, 19.700360379496956], [73.55781807252232, 19.700337703414935], [73.55774513852572, 19.70038738132915]]]}}, {"type": "Feature", "properties": {"id": 362, "area_m2": 2639.8, "perimeter_m": 237.7, "landuse": "Vacant / Unclassified", "building_count": 0, "building_ids": [], "has_unrecorded_building": false, "road_connected": true, "road_distance_m": 4.0, "gps_lat": 19.700603, "gps_lon": 73.554128}, "geometry": {"type": "Polygon", "coordinates": [[[73.5543255189757, 19.70085969561366], [73.5543255189757, 19.700178005866288], [73.55430763281156, 19.700190751351425], [73.55430498863102, 19.70019247553226], [73.55430219964131, 19.700193983972493], [73.55415661033942, 19.700265219750317], [73.55403052204188, 19.700439078859468], [73.55388968420641, 19.700678413727356], [73.55388756701348, 19.70068160508808], [73.55377976701347, 19.70082660508808], [73.55377732252516, 19.70082955363244], [73.55377456572089, 19.70083224695364], [73.55377152647289, 19.70083465586731], [73.5537363721492, 19.70085969561366], [73.5543255189757, 19.70085969561366]]]}}, {"type": "Feature", "properties": {"id": 363, "area_m2": 7865.2, "perimeter_m": 349.2, "landuse": "Vacant / Unclassified", "building_count": 0, "building_ids": [], "has_unrecorded_building": false, "road_connected": true, "road_distance_m": 4.0, "gps_lat": 19.701275, "gps_lon": 73.553906}, "geometry": {"type": "Polygon", "coordinates": [[[73.5543255189757, 19.701668179369367], [73.5543255189757, 19.70085969561366], [73.5537363721492, 19.70085969561366], [73.55365752647289, 19.70091585586731], [73.55365478548393, 19.700917636685794], [73.55365189003913, 19.700919185756142], [73.55364886218476, 19.70092049128356], [73.553466796875, 19.700990114565233], [73.553466796875, 19.701668179369367], [73.5543255189757, 19.701668179369367]]]}}, {"type": "Feature", "properties": {"id": 364, "area_m2": 4043.9, "perimeter_m": 269.9, "landuse": "Vacant / Unclassified", "building_count": 0, "building_ids": [], "has_unrecorded_building": false, "road_connected": true, "road_distance_m": 74.5, "gps_lat": 19.70187, "gps_lon": 73.553896}, "geometry": {"type": "Polygon", "coordinates": [[[73.5543255189757, 19.701668179369367], [73.553466796875, 19.701668179369367], [73.553466796875, 19.702071807656814], [73.5543255189757, 19.702071807656814], [73.5543255189757, 19.701668179369367]]]}}, {"type": "Feature", "properties": {"id": 365, "area_m2": 4172.8, "perimeter_m": 308.2, "landuse": "Vacant / Unclassified", "building_count": 0, "building_ids": [], "has_unrecorded_building": false, "road_connected": true, "road_distance_m": 4.0, "gps_lat": 19.699751, "gps_lon": 73.554881}, "geometry": {"type": "Polygon", "coordinates": [[[73.5551842410764, 19.699242728102245], [73.55517071481577, 19.699242728102245], [73.55507970854399, 19.699302388340264], [73.55507967250603, 19.69930241193642], [73.55476489553975, 19.699508261985283], [73.55459445395374, 19.699663156856946], [73.55452579486318, 19.69983007267305], [73.55451993777879, 19.699974867480694], [73.55451963887177, 19.699978190464606], [73.55451901403737, 19.699981473046925], [73.55451806865764, 19.699984686952927], [73.5545168108757, 19.699987804499447], [73.55451525152549, 19.699990798833312], [73.55451340403857, 19.69999364416265], [73.55447200901223, 19.700051211857954], [73.55513702607541, 19.700051211857954], [73.5551842410764, 19.700006759105204], [73.5551842410764, 19.699749917999494], [73.55514811613469, 19.699749917999494], [73.55507847417515, 19.69968435034635], [73.55507847417515, 19.699655618156864], [73.55504795659702, 19.69962688596738], [73.55504795659702, 19.69949485900704], [73.5551842410764, 19.69949485900704], [73.5551842410764, 19.699242728102245]]]}}, {"type": "Feature", "properties": {"id": 366, "area_m2": 7924.2, "perimeter_m": 360.7, "landuse": "Vacant / Unclassified", "building_count": 0, "building_ids": [], "has_unrecorded_building": false, "road_connected": true, "road_distance_m": 4.0, "gps_lat": 19.700464, "gps_lon": 73.554758}, "geometry": {"type": "Polygon", "coordinates": [[[73.5543255189757, 19.70085969561366], [73.5551842410764, 19.70085969561366], [73.5551842410764, 19.700109070368047], [73.55507557229714, 19.700109070368047], [73.55513702607541, 19.700051211857954], [73.55447200901223, 19.700051211857954], [73.55444250403856, 19.70009224416265], [73.55443998241799, 19.70009536873148], [73.55443711393843, 19.700098215779757], [73.55443393281155, 19.700100751351425], [73.5543255189757, 19.700178005866288], [73.5543255189757, 19.70085969561366]]]}}, {"type": "Feature", "properties": {"id": 367, "area_m2": 7239.6, "perimeter_m": 386.5, "landuse": "Vacant / Unclassified", "building_count": 0, "building_ids": [], "has_unrecorded_building": false, "road_connected": true, "road_distance_m": 24.7, "gps_lat": 19.701227, "gps_lon": 73.554727}, "geometry": {"type": "Polygon", "coordinates": [[[73.5551842410764, 19.70085969561366], [73.5543255189757, 19.70085969561366], [73.5543255189757, 19.701668179369367], [73.55481306236611, 19.701668179369367], [73.55482378022508, 19.701656827190707], [73.55478750624258, 19.70157144763221], [73.55472061903501, 19.701539960600147], [73.55476839561184, 19.701526466157834], [73.5547551107603, 19.70149519705856], [73.5548138437882, 19.70151362936971], [73.55509303448814, 19.701434772259294], [73.55512944720634, 19.70152047836569], [73.5551842410764, 19.70152047836569], [73.5551842410764, 19.70085969561366]]]}}, {"type": "Feature", "properties": {"id": 368, "area_m2": 1607.2, "perimeter_m": 230.8, "landuse": "Vacant / Unclassified", "building_count": 0, "building_ids": [], "has_unrecorded_building": false, "road_connected": true, "road_distance_m": 36.8, "gps_lat": 19.701857, "gps_lon": 73.554504}, "geometry": {"type": "Polygon", "coordinates": [[[73.5543255189757, 19.701668179369367], [73.5543255189757, 19.702071807656814], [73.55465860343972, 19.702071807656814], [73.55460578505905, 19.70197235102789], [73.55470639641297, 19.70194866972139], [73.55450124977096, 19.701755524899543], [73.55471323423627, 19.701822052435467], [73.55469170668522, 19.701796717296087], [73.55481306236611, 19.701668179369367], [73.5543255189757, 19.701668179369367]]]}}, {"type": "Feature", "properties": {"id": 369, "area_m2": 2169.1, "perimeter_m": 231.0, "landuse": "Vacant / Unclassified", "building_count": 0, "building_ids": [], "has_unrecorded_building": false, "road_connected": true, "road_distance_m": 4.0, "gps_lat": 19.69911, "gps_lon": 73.55573}, "geometry": {"type": "Polygon", "coordinates": [[[73.5551842410764, 19.699242728102245], [73.5560429631771, 19.699242728102245], [73.5560429631771, 19.698875220693655], [73.55563604721281, 19.698993094056163], [73.5552550572308, 19.699187436434347], [73.5551842410764, 19.699233860802078], [73.5551842410764, 19.699242728102245]]]}}, {"type": "Feature", "properties": {"id": 370, "area_m2": 6695.9, "perimeter_m": 540.2, "landuse": "Vacant / Unclassified", "building_count": 0, "building_ids": [], "has_unrecorded_building": false, "road_connected": true, "road_distance_m": 4.8, "gps_lat": 19.699651, "gps_lon": 73.555644}, "geometry": {"type": "Polygon", "coordinates": [[[73.5560429631771, 19.700051211857954], [73.5560429631771, 19.699242728102245], [73.5551842410764, 19.699242728102245], [73.5551842410764, 19.69949485900704], [73.55523396394344, 19.69949485900704], [73.5553160122294, 19.69957210717167], [73.55529124899192, 19.699595421670235], [73.55531886469204, 19.699595421670235], [73.55531886469204, 19.69973555190475], [73.55523396394344, 19.69973555190475], [73.55521870515437, 19.699749917999494], [73.5551842410764, 19.699749917999494], [73.5551842410764, 19.700006759105204], [73.55518528569858, 19.70000577559719], [73.55518528569858, 19.699925841849304], [73.55541041742642, 19.699925841849304], [73.55541041742642, 19.7000435027149], [73.55540222924516, 19.700051211857954], [73.5560429631771, 19.700051211857954]], [[73.5557003344186, 19.699680819633112], [73.5555906210175, 19.699577524862587], [73.55553623784702, 19.699577524862587], [73.55553623784702, 19.699526323304184], [73.55549331394248, 19.699485910603215], [73.55553623784702, 19.699445497902246], [73.55553623784702, 19.699336831964875], [73.55562113859563, 19.699336831964875], [73.5556640625, 19.699296419264073], [73.55574611078579, 19.699373667428535], [73.55574611078579, 19.699416765712762], [73.55585582418723, 19.699520060483618], [73.55573085199673, 19.699520060483618], [73.55573085199673, 19.699548792673102], [73.5557003344186, 19.699548792673102], [73.5557003344186, 19.699680819633112]]]}}, {"type": "Feature", "properties": {"id": 371, "area_m2": 7794.9, "perimeter_m": 370.9, "landuse": "Vacant / Unclassified", "building_count": 0, "building_ids": [], "has_unrecorded_building": false, "road_connected": true, "road_distance_m": 24.3, "gps_lat": 19.700455, "gps_lon": 73.555618}, "geometry": {"type": "Polygon", "coordinates": [[[73.5560429631771, 19.70085969561366], [73.5560429631771, 19.700051211857954], [73.55540222924516, 19.700051211857954], [73.55539515863735, 19.700057868809644], [73.55539515863735, 19.700109070368047], [73.5551842410764, 19.700109070368047], [73.5551842410764, 19.70085969561366], [73.5555905598318, 19.70085969561366], [73.55561253179233, 19.700839009092242], [73.55561253179233, 19.70078780753384], [73.55576802156062, 19.70078780753384], [73.5558224047311, 19.700839009092242], [73.5558224047311, 19.70085969561366], [73.5560429631771, 19.70085969561366]]]}}, {"type": "Feature", "properties": {"id": 372, "area_m2": 5394.3, "perimeter_m": 358.3, "landuse": "Vacant / Unclassified", "building_count": 0, "building_ids": [], "has_unrecorded_building": false, "road_connected": true, "road_distance_m": 4.0, "gps_lat": 19.701187, "gps_lon": 73.555532}, "geometry": {"type": "Polygon", "coordinates": [[[73.5560429631771, 19.70085969561366], [73.5558224047311, 19.70085969561366], [73.5558224047311, 19.700971036052582], [73.55576802156062, 19.700971036052582], [73.55572509765625, 19.701011448753384], [73.55565165617375, 19.700942303863098], [73.55550281839089, 19.700942303863098], [73.5555905598318, 19.70085969561366], [73.5551842410764, 19.70085969561366], [73.5551842410764, 19.70152047836569], [73.55519633177744, 19.70152047836569], [73.5552120531686, 19.701564735060014], [73.5552120531686, 19.701668179369367], [73.55530454982323, 19.701668179369367], [73.55540754293584, 19.701594665945034], [73.55540778069215, 19.701594497611403], [73.55558682972632, 19.70146875477271], [73.55584630607132, 19.70126980961196], [73.5560429631771, 19.701117064027493], [73.5560429631771, 19.70085969561366]]]}}, {"type": "Feature", "properties": {"id": 373, "area_m2": 42.7, "perimeter_m": 36.0, "landuse": "Vacant / Unclassified", "building_count": 0, "building_ids": [], "has_unrecorded_building": false, "road_connected": true, "road_distance_m": 4.0, "gps_lat": 19.701697, "gps_lon": 73.555236}, "geometry": {"type": "Polygon", "coordinates": [[[73.5551842410764, 19.70175405217904], [73.55530454982323, 19.701668179369367], [73.5552120531686, 19.701668179369367], [73.5552120531686, 19.701704883788782], [73.5551842410764, 19.701739797101126], [73.5551842410764, 19.70175405217904]]]}}, {"type": "Feature", "properties": {"id": 374, "area_m2": 2615.0, "perimeter_m": 277.7, "landuse": "Vacant / Unclassified", "building_count": 0, "building_ids": [], "has_unrecorded_building": false, "road_connected": true, "road_distance_m": 4.0, "gps_lat": 19.698966, "gps_lon": 73.556379}, "geometry": {"type": "Polygon", "coordinates": [[[73.55690168527781, 19.69867442283764], [73.55657688430284, 19.698771837393124], [73.55657293089823, 19.69877280704545], [73.55604904941171, 19.698873457663932], [73.5560429631771, 19.698875220693655], [73.5560429631771, 19.699242728102245], [73.55641501208716, 19.699242728102245], [73.55640738953673, 19.699201105431484], [73.55640693957076, 19.69919766354001], [73.55640684410831, 19.699194196839716], [73.55640954410832, 19.699080496839716], [73.55640979016582, 19.699077148410133], [73.55641036699666, 19.699073836204274], [73.55641126956785, 19.699070589122005], [73.55645146956783, 19.698949389122006], [73.55645278870688, 19.69894601536224], [73.55645445931796, 19.6989427825929], [73.5564564646779, 19.698939723174753], [73.55645878471256, 19.698936867733266], [73.55646139619788, 19.698934244852058], [73.55650299619788, 19.698896444852057], [73.55650569410463, 19.698894214369922], [73.55650860269913, 19.69889223245221], [73.55651169623965, 19.698890516639356], [73.55651494734765, 19.698889082116708], [73.55651832725003, 19.69888794158013], [73.55652180603387, 19.69888710512363], [73.55652535291111, 19.69888658015006], [73.55652893649108, 19.698886371305548], [73.55653252505822, 19.698886480438418], [73.55653608685289, 19.69888690658282], [73.55653959035236, 19.69888764596728], [73.55654300454984, 19.69888869204806], [73.55659945854866, 19.698908800104274], [73.55666074557047, 19.6988960178663], [73.5566633153287, 19.698895568216876], [73.55684106182018, 19.698870360894933], [73.55689298334828, 19.69886125659921], [73.55690168527781, 19.698857292929628], [73.55690168527781, 19.69867442283764]]]}}, {"type": "Feature", "properties": {"id": 375, "area_m2": 4298.3, "perimeter_m": 342.1, "landuse": "Vacant / Unclassified", "building_count": 0, "building_ids": [], "has_unrecorded_building": false, "road_connected": true, "road_distance_m": 4.0, "gps_lat": 19.699647, "gps_lon": 73.556277}, "geometry": {"type": "Polygon", "coordinates": [[[73.5560429631771, 19.699242728102245], [73.5560429631771, 19.700051211857954], [73.55655091498619, 19.700051211857954], [73.5565489753545, 19.70004507227714], [73.55649823759914, 19.69997109152769], [73.55649638776356, 19.699968084524034], [73.55649485508651, 19.699964923351622], [73.5564936539021, 19.69996163757479], [73.55649279544419, 19.699958257923218], [73.55649228774136, 19.699954816004528], [73.55646818774136, 19.69970231600453], [73.55646804064742, 19.699698458948873], [73.5564683337988, 19.69969460928904], [73.55646906381345, 19.699690811438646], [73.55647022226914, 19.699687109213574], [73.55653192226914, 19.699523009213575], [73.55653338845549, 19.699519657563382], [73.55653520583986, 19.699516462041625], [73.55653735592811, 19.699513455166727], [73.5565398168404, 19.69951066753739], [73.5566873251877, 19.699359759000437], [73.5567275251877, 19.699318659000436], [73.5567303614472, 19.699316045972175], [73.55674647988285, 19.699302667670572], [73.55674288428456, 19.699299926839828], [73.55673993226455, 19.69929742634784], [73.55673727217723, 19.699294650609097], [73.5567349328187, 19.699291629671684], [73.55673293951313, 19.69928839623803], [73.55673131383857, 19.699284985310875], [73.55673007339335, 19.699281433814395], [73.55672923160563, 19.699277780194446], [73.5567263586212, 19.699261184124797], [73.55671339958516, 19.69927339636893], [73.55671115741387, 19.699275346706308], [73.5566417511142, 19.699331044303133], [73.55661509811968, 19.699363408653632], [73.5565942578845, 19.699410756205477], [73.55659265202128, 19.699413950628863], [73.55659072061842, 19.699416981076904], [73.55658848235971, 19.69941981823395], [73.55658595889744, 19.69942243465418], [73.5565831746428, 19.69942480502713], [73.55658015652986, 19.69942690642252], [73.55654395652986, 19.69944960642252], [73.55654069087157, 19.69945143997149], [73.55653724764069, 19.699452958491133], [73.55653366101237, 19.69945414690965], [73.55652996658503, 19.699454993431605], [73.55652620102705, 19.699455489655005], [73.5565224017128, 19.69945563065467], [73.55651860635166, 19.699455415031135], [73.55651485261383, 19.699454844924535], [73.55651117775635, 19.699453925993357], [73.55650761825332, 19.699452667358283], [73.55650420943398, 19.699451081511672], [73.55650098513193, 19.699449184193554], [73.55647018513194, 19.699428984193553], [73.5564671950493, 19.699426808495318], [73.55646444815983, 19.699424365058587], [73.55646197139467, 19.699421677839354], [73.55645978903657, 19.699418773183705], [73.55645792248183, 19.699415679569523], [73.55645639003058, 19.69941242732728], [73.55645520670728, 19.69940904834268], [73.55642970670728, 19.699321948342682], [73.55642888953673, 19.699318505431485], [73.55641501208716, 19.699242728102245], [73.5560429631771, 19.699242728102245]]]}}, {"type": "Feature", "properties": {"id": 376, "area_m2": 4218.3, "perimeter_m": 267.0, "landuse": "Vacant / Unclassified", "building_count": 0, "building_ids": [], "has_unrecorded_building": false, "road_connected": true, "road_distance_m": 4.0, "gps_lat": 19.700411, "gps_lon": 73.556276}, "geometry": {"type": "Polygon", "coordinates": [[[73.5560429631771, 19.700051211857954], [73.5560429631771, 19.70085969561366], [73.55628887188688, 19.70085969561366], [73.55643976299619, 19.700637312606517], [73.55653227960394, 19.70041089816071], [73.55653312345575, 19.700408997479986], [73.55658075795893, 19.700309797925204], [73.55658325101871, 19.70015356617956], [73.55655091498619, 19.700051211857954], [73.5560429631771, 19.700051211857954]]]}}, {"type": "Feature", "properties": {"id": 377, "area_m2": 404.0, "perimeter_m": 93.1, "landuse": "Vacant / Unclassified", "building_count": 0, "building_ids": [], "has_unrecorded_building": false, "road_connected": true, "road_distance_m": 4.0, "gps_lat": 19.70095, "gps_lon": 73.556129}, "geometry": {"type": "Polygon", "coordinates": [[[73.5560429631771, 19.70085969561366], [73.5560429631771, 19.701117064027493], [73.55610406865105, 19.701069602781207], [73.55625831858482, 19.700904725007486], [73.55628887188688, 19.70085969561366], [73.5560429631771, 19.70085969561366]]]}}, {"type": "Feature", "properties": {"id": 378, "area_m2": 3502.5, "perimeter_m": 292.3, "landuse": "Vacant / Unclassified", "building_count": 0, "building_ids": [], "has_unrecorded_building": false, "road_connected": true, "road_distance_m": 4.0, "gps_lat": 19.69877, "gps_lon": 73.557345}, "geometry": {"type": "Polygon", "coordinates": [[[73.55690168527781, 19.698857292929628], [73.55701307868883, 19.6988065539902], [73.5570164601388, 19.698805198823216], [73.55701996435249, 19.69880415614309], [73.55702355883788, 19.698803435617858], [73.55708935883789, 19.69879333561786], [73.55709301964052, 19.698792943352508], [73.55709670355935, 19.69879288526016], [73.55710037626137, 19.698793161882215], [73.55710400351813, 19.698793770640638], [73.55710755152471, 19.69879470586199], [73.55711098721474, 19.698795958830292], [73.55711427856868, 19.698797517868265], [73.55711739491208, 19.698799368446146], [73.55712030720159, 19.69880149331712], [73.55712298829556, 19.698803872678035], [73.55712541320702, 19.698806484353973], [73.55712755933652, 19.698809304004918], [73.55715705933652, 19.698852304004916], [73.55715874617577, 19.698855016115903], [73.5571601748448, 19.69885785662957], [73.55716133441373, 19.698860803814977], [73.55716221601149, 19.69886383512511], [73.55717561601149, 19.69891933512511], [73.55717624491483, 19.698922652953023], [73.55717654088743, 19.698926011662113], [73.55717650132554, 19.69892938170502], [73.55717612657725, 19.698932733434674], [73.55717541993926, 19.698936037365105], [73.55717438762804, 19.698939264430855], [73.5571730387251, 19.69894238624266], [73.55717138509704, 19.698945375337193], [73.55711908509704, 19.69902997533719], [73.5571167711624, 19.69903328419136], [73.55711408440351, 19.699036333109333], [73.55711105747933, 19.699039085029902], [73.55710772718378, 19.69904150650201], [73.55705127528046, 19.699078059985986], [73.55704653061603, 19.69908678470704], [73.55710924362401, 19.699068736864163], [73.55711329660909, 19.69906779524586], [73.55711743458005, 19.699067276018166], [73.55759442837491, 19.699032276473474], [73.55759933834702, 19.699031914686056], [73.55760800619997, 19.698898899596948], [73.557608460151, 19.698895157258523], [73.55760932770552, 19.698891480221597], [73.55761059933047, 19.698887908891102], [73.5576480015784, 19.69879868313049], [73.5576428409564, 19.69853305715271], [73.55764297623557, 19.698529306910874], [73.55765170011256, 19.698434244346537], [73.55764624094599, 19.69843464836428], [73.5571843126716, 19.698589647223866], [73.55718308016483, 19.698590038633952], [73.55708168223389, 19.69862043801365], [73.55690168527781, 19.69867442283764], [73.55690168527781, 19.698857292929628]]]}}, {"type": "Feature", "properties": {"id": 379, "area_m2": 5668.1, "perimeter_m": 577.7, "landuse": "Vacant / Unclassified", "building_count": 0, "building_ids": [], "has_unrecorded_building": false, "road_connected": true, "road_distance_m": 4.0, "gps_lat": 19.697007, "gps_lon": 73.567066}, "geometry": {"type": "Polygon", "coordinates": [[[73.5671260302534, 19.695739459291723], [73.5670829654267, 19.69589714568543], [73.5670829654267, 19.696235], [73.56708280424301, 19.69623829890822], [73.567052104243, 19.696551798908217], [73.56705145101144, 19.696555883501293], [73.5670503041989, 19.696559870523895], [73.5669529041989, 19.696834770523896], [73.5669514036692, 19.696838353355886], [73.56694950446996, 19.69684176440641], [73.56694722841888, 19.69684496448993], [73.56685767337899, 19.696957345380557], [73.56677172964412, 19.697141630373874], [73.56679488992356, 19.69728122533941], [73.56689982060016, 19.697516441688798], [73.56708571789287, 19.697825806595176], [73.56708742011078, 19.697829000171335], [73.5670887770267, 19.69783233712676], [73.56719970703125, 19.69815188949323], [73.56719970703125, 19.69564485656515], [73.5671260302534, 19.695739459291723]]]}}, {"type": "Feature", "properties": {"id": 380, "area_m2": 185.7, "perimeter_m": 77.4, "landuse": "Vacant / Unclassified", "building_count": 0, "building_ids": [], "has_unrecorded_building": false, "road_connected": true, "road_distance_m": 4.0, "gps_lat": 19.700235, "gps_lon": 73.567168}, "geometry": {"type": "Polygon", "coordinates": [[[73.56714856600091, 19.700141029267293], [73.56711291880193, 19.700201355296347], [73.56712159459968, 19.700248189899483], [73.56719734058647, 19.700409412465834], [73.56719970703125, 19.700412381163716], [73.56719970703125, 19.700086231023764], [73.56714856600091, 19.700141029267293]]]}}, {"type": "Feature", "properties": {"id": 381, "area_m2": 690.8, "perimeter_m": 122.7, "landuse": "Residential", "building_count": 1, "building_ids": [109], "has_unrecorded_building": true, "road_connected": true, "road_distance_m": 135.5, "gps_lat": 19.697086, "gps_lon": 73.55559}, "geometry": {"type": "Polygon", "coordinates": [[[73.55547520269077, 19.697250217514345], [73.55560017488094, 19.697250217514345], [73.55565455805142, 19.697199015955942], [73.55565455805142, 19.697141551576973], [73.55568507562954, 19.69711281938749], [73.55568507562954, 19.697084087198007], [73.5557003344186, 19.69706972110327], [73.5557003344186, 19.69684876546714], [73.55553623784702, 19.69700326179607], [73.55553623784702, 19.69703199398555], [73.55552958586125, 19.697038256806117], [73.55549046147983, 19.697038256806117], [73.55549046147983, 19.69708945836452], [73.55543227878623, 19.69714423716023], [73.55547520269077, 19.6971846498612], [73.55547520269077, 19.697250217514345]]]}}, {"type": "Feature", "properties": {"id": 382, "area_m2": 898.1, "perimeter_m": 160.6, "landuse": "Residential", "building_count": 1, "building_ids": [111], "has_unrecorded_building": true, "road_connected": true, "road_distance_m": 165.0, "gps_lat": 19.697145, "gps_lon": 73.555247}, "geometry": {"type": "Polygon", "coordinates": [[[73.55541829833909, 19.697130632971227], [73.55537989984829, 19.697112556951083], [73.55537989984829, 19.696949328130334], [73.55527018644719, 19.69705262290086], [73.55523231821807, 19.69705262290086], [73.55517866782336, 19.696951599595483], [73.55512255584145, 19.697110087279828], [73.55506321538608, 19.697110087279828], [73.55506321538608, 19.697226198700978], [73.55519039163188, 19.69728606668881], [73.55522468882354, 19.69722148532486], [73.55524632085483, 19.69722148532486], [73.55524632085483, 19.69731919776138], [73.5554292383401, 19.697204386993967], [73.55541829833909, 19.697130632971227]]]}}, {"type": "Feature", "properties": {"id": 383, "area_m2": 1129.9, "perimeter_m": 183.9, "landuse": "Residential", "building_count": 1, "building_ids": [117], "has_unrecorded_building": true, "road_connected": true, "road_distance_m": 105.2, "gps_lat": 19.697499, "gps_lon": 73.555874}, "geometry": {"type": "Polygon", "coordinates": [[[73.55595973383267, 19.697748319731087], [73.55595973383267, 19.69762491288199], [73.55601691920799, 19.69755312644978], [73.55599025141079, 19.697502911180436], [73.55599025141079, 19.697457605661302], [73.55600551019985, 19.69744323956656], [73.55600551019985, 19.69734044121355], [73.55591316656836, 19.697282480416735], [73.55578072388144, 19.697282480416735], [73.55574381677299, 19.697308254195885], [73.55580641952437, 19.697367194460014], [73.55562657724563, 19.69748007503022], [73.55584141362827, 19.69748007503022], [73.55584141362827, 19.697506075112045], [73.55581089605015, 19.69753480730153], [73.55581089605015, 19.697570298729428], [73.55574580286465, 19.697611155395325], [73.55579980184258, 19.697712835080356], [73.55594930440131, 19.697759753786556], [73.55595973383267, 19.697748319731087]]]}}, {"type": "Feature", "properties": {"id": 384, "area_m2": 799.5, "perimeter_m": 154.1, "landuse": "Residential", "building_count": 1, "building_ids": [120], "has_unrecorded_building": true, "road_connected": true, "road_distance_m": 69.8, "gps_lat": 19.697772, "gps_lon": 73.556234}, "geometry": {"type": "Polygon", "coordinates": [[[73.55610081304233, 19.697670364974776], [73.55610081304233, 19.697809750582486], [73.55626490961392, 19.698041495075877], [73.55626490961392, 19.69785359349352], [73.55635646234829, 19.69785359349352], [73.55635646234829, 19.697581436298993], [73.55626490961392, 19.697667632867446], [73.55626490961392, 19.69756707020425], [73.55615519621281, 19.697670364974776], [73.55610081304233, 19.697670364974776]]]}}, {"type": "Feature", "properties": {"id": 385, "area_m2": 2385.2, "perimeter_m": 228.4, "landuse": "Residential", "building_count": 1, "building_ids": [130], "has_unrecorded_building": true, "road_connected": true, "road_distance_m": 39.6, "gps_lat": 19.698239, "gps_lon": 73.556038}, "geometry": {"type": "Polygon", "coordinates": [[[73.55626957413426, 19.69843112450204], [73.55621463505872, 19.698327674620014], [73.5562462592627, 19.698327674620014], [73.55626448417192, 19.6982761985616], [73.55635646234829, 19.69825887913749], [73.55635646234829, 19.698111749998322], [73.55616662992828, 19.69807925426429], [73.55613630002921, 19.698022143283627], [73.55604577077844, 19.69799025865699], [73.55602235409312, 19.698078445555343], [73.55598886666255, 19.698082386592198], [73.55591117437866, 19.697960474918165], [73.55577910376516, 19.698146990925927], [73.55579505062843, 19.698387213551808], [73.55577156663735, 19.698464598876306], [73.55626957413426, 19.69843112450204]]]}}, {"type": "Feature", "properties": {"id": 386, "area_m2": 688.7, "perimeter_m": 118.6, "landuse": "Residential", "building_count": 1, "building_ids": [133], "has_unrecorded_building": true, "road_connected": true, "road_distance_m": 4.0, "gps_lat": 19.698631, "gps_lon": 73.556044}, "geometry": {"type": "Polygon", "coordinates": [[[73.55602316016014, 19.698805767288007], [73.55608845613094, 19.698744291367536], [73.55610371492, 19.698744291367536], [73.55615809809048, 19.698693089809133], [73.55615809809048, 19.69867872371439], [73.55621140274124, 19.69862853757838], [73.55612758051235, 19.698575925361382], [73.55612758051235, 19.69856916612297], [73.55611232172329, 19.698554800028226], [73.55611232172329, 19.69847486628034], [73.55596348394077, 19.69847486628034], [73.55596348394077, 19.698532330659308], [73.55593296636265, 19.698532330659308], [73.55593296636265, 19.698672460893825], [73.55596348394077, 19.698672460893825], [73.55596348394077, 19.698823053993998], [73.55602316016014, 19.698805767288007]]]}}, {"type": "Feature", "properties": {"id": 387, "area_m2": 504.0, "perimeter_m": 92.0, "landuse": "Residential", "building_count": 1, "building_ids": [135], "has_unrecorded_building": true, "road_connected": true, "road_distance_m": 47.8, "gps_lat": 19.698765, "gps_lon": 73.554786}, "geometry": {"type": "Polygon", "coordinates": [[[73.55466648687046, 19.698741559259876], [73.55466648687046, 19.69884485403073], [73.55473612883, 19.69884485403073], [73.55479431152344, 19.698899632826276], [73.55483723542781, 19.698859220125474], [73.55489161859829, 19.698859220125474], [73.55489161859829, 19.698690357701473], [73.55486110102017, 19.698690357701473], [73.55486110102017, 19.698647259417246], [73.55475138761906, 19.698647259417246], [73.55469700444858, 19.69869846097565], [73.55469700444858, 19.69871282707039], [73.55466648687046, 19.698741559259876]]]}}, {"type": "Feature", "properties": {"id": 388, "area_m2": 1368.1, "perimeter_m": 182.1, "landuse": "Residential", "building_count": 1, "building_ids": [140], "has_unrecorded_building": false, "road_connected": true, "road_distance_m": 4.0, "gps_lat": 19.699131, "gps_lon": 73.554832}, "geometry": {"type": "Polygon", "coordinates": [[[73.55485043979033, 19.698933800982612], [73.55474831105639, 19.698957839441064], [73.55474521978711, 19.698963660278764], [73.55472242738229, 19.698956507289846], [73.55466648687046, 19.698966429784612], [73.55466648687046, 19.69908789497814], [73.55466648687046, 19.699093791017468], [73.55466648687046, 19.69942186314612], [73.55476719083386, 19.699232238311147], [73.55477961041085, 19.699261470778257], [73.55481960202586, 19.699261470778257], [73.55484013070776, 19.69929046229795], [73.55491223762019, 19.699324406496643], [73.55501792250509, 19.69925529331159], [73.55500042262425, 19.699123484715173], [73.55504107719959, 19.699046932443714], [73.5549679125436, 19.699023971024005], [73.5549679125436, 19.698963313501576], [73.55491188364776, 19.698963313501576], [73.5548922700824, 19.6989263812998], [73.55485043979033, 19.698933800982612]]]}}, {"type": "Feature", "properties": {"id": 389, "area_m2": 2585.0, "perimeter_m": 250.1, "landuse": "Vacant / Unclassified", "building_count": 0, "building_ids": [], "has_unrecorded_building": false, "road_connected": false, "road_distance_m": 201.0, "gps_lat": 19.697402, "gps_lon": 73.554027}, "geometry": {"type": "Polygon", "coordinates": [[[73.5543255189757, 19.697567514761957], [73.5543255189757, 19.69708064684092], [73.5538990751881, 19.697300597939442], [73.553466796875, 19.6975529243173], [73.553466796875, 19.697567514761957], [73.5543255189757, 19.697567514761957]]]}}, {"type": "Feature", "properties": {"id": 390, "area_m2": 8100.0, "perimeter_m": 360.0, "landuse": "Vacant / Unclassified", "building_count": 0, "building_ids": [], "has_unrecorded_building": false, "road_connected": true, "road_distance_m": 125.8, "gps_lat": 19.697972, "gps_lon": 73.553896}, "geometry": {"type": "Polygon", "coordinates": [[[73.5543255189757, 19.698375998517665], [73.5543255189757, 19.697567514761957], [73.553466796875, 19.697567514761957], [73.553466796875, 19.698375998517665], [73.5543255189757, 19.698375998517665]]]}}, {"type": "Feature", "properties": {"id": 391, "area_m2": 8100.0, "perimeter_m": 360.0, "landuse": "Vacant / Unclassified", "building_count": 0, "building_ids": [], "has_unrecorded_building": false, "road_connected": true, "road_distance_m": 53.9, "gps_lat": 19.69878, "gps_lon": 73.553896}, "geometry": {"type": "Polygon", "coordinates": [[[73.5543255189757, 19.699184482273374], [73.5543255189757, 19.698375998517665], [73.553466796875, 19.698375998517665], [73.553466796875, 19.699184482273374], [73.5543255189757, 19.699184482273374]]]}}, {"type": "Feature", "properties": {"id": 392, "area_m2": 8100.0, "perimeter_m": 360.0, "landuse": "Agricultural", "building_count": 0, "building_ids": [], "has_unrecorded_building": false, "road_connected": true, "road_distance_m": 12.3, "gps_lat": 19.699589, "gps_lon": 73.553896}, "geometry": {"type": "Polygon", "coordinates": [[[73.5543255189757, 19.69999296602908], [73.5543255189757, 19.699184482273374], [73.553466796875, 19.699184482273374], [73.553466796875, 19.69999296602908], [73.5543255189757, 19.69999296602908]]]}}, {"type": "Feature", "properties": {"id": 393, "area_m2": 5051.2, "perimeter_m": 320.1, "landuse": "Vacant / Unclassified", "building_count": 0, "building_ids": [], "has_unrecorded_building": false, "road_connected": true, "road_distance_m": 4.0, "gps_lat": 19.700315, "gps_lon": 73.553769}, "geometry": {"type": "Polygon", "coordinates": [[[73.5543255189757, 19.69999296602908], [73.553466796875, 19.69999296602908], [73.553466796875, 19.700801449784787], [73.55369163061653, 19.700801449784787], [73.55372067987592, 19.700780758557922], [73.55382388552978, 19.70064193833707], [73.5539646157936, 19.700402786272644], [73.5539664811487, 19.70039993787323], [73.5540989811487, 19.70021723787323], [73.55410124996698, 19.7002144182533], [73.55410380225986, 19.70021182232846], [73.55410661329196, 19.700209475256926], [73.55410965582038, 19.70020739978518], [73.55411290035869, 19.700205616027507], [73.55426413870636, 19.700131616213007], [73.5543255189757, 19.700087877303734], [73.5543255189757, 19.69999296602908]]]}}, {"type": "Feature", "properties": {"id": 394, "area_m2": 167.5, "perimeter_m": 62.8, "landuse": "Vacant / Unclassified", "building_count": 0, "building_ids": [], "has_unrecorded_building": false, "road_connected": true, "road_distance_m": 4.0, "gps_lat": 19.700841, "gps_lon": 73.553548}, "geometry": {"type": "Polygon", "coordinates": [[[73.553466796875, 19.700912547561416], [73.55361548150306, 19.700855689328765], [73.55369163061653, 19.700801449784787], [73.553466796875, 19.700801449784787], [73.553466796875, 19.700912547561416]]]}}, {"type": "Feature", "properties": {"id": 395, "area_m2": 145.9, "perimeter_m": 62.3, "landuse": "Vacant / Unclassified", "building_count": 0, "building_ids": [], "has_unrecorded_building": false, "road_connected": true, "road_distance_m": 176.7, "gps_lat": 19.696722, "gps_lon": 73.55511}, "geometry": {"type": "Polygon", "coordinates": [[[73.5551842410764, 19.69675903100625], [73.5551842410764, 19.696646823897417], [73.55496140280128, 19.69675903100625], [73.5551842410764, 19.69675903100625]]]}}, {"type": "Feature", "properties": {"id": 396, "area_m2": 6645.3, "perimeter_m": 350.7, "landuse": "Vacant / Unclassified", "building_count": 0, "building_ids": [], "has_unrecorded_building": false, "road_connected": true, "road_distance_m": 161.6, "gps_lat": 19.697217, "gps_lon": 73.554779}, "geometry": {"type": "Polygon", "coordinates": [[[73.5551842410764, 19.69675903100625], [73.55496140280128, 19.69675903100625], [73.5544419370391, 19.697020600753536], [73.5543255189757, 19.69708064684092], [73.5543255189757, 19.697567514761957], [73.5551842410764, 19.697567514761957], [73.5551842410764, 19.69728317132594], [73.55506321538608, 19.697226198700978], [73.55506321538608, 19.697110087279828], [73.55512255584145, 19.697110087279828], [73.55517866782336, 19.696951599595483], [73.5551842410764, 19.696962093990678], [73.5551842410764, 19.69675903100625]]]}}, {"type": "Feature", "properties": {"id": 397, "area_m2": 8100.0, "perimeter_m": 360.0, "landuse": "Vacant / Unclassified", "building_count": 0, "building_ids": [], "has_unrecorded_building": false, "road_connected": true, "road_distance_m": 79.0, "gps_lat": 19.697972, "gps_lon": 73.554755}, "geometry": {"type": "Polygon", "coordinates": [[[73.5543255189757, 19.697567514761957], [73.5543255189757, 19.698375998517665], [73.5551842410764, 19.698375998517665], [73.5551842410764, 19.697567514761957], [73.5543255189757, 19.697567514761957]]]}}, {"type": "Feature", "properties": {"id": 398, "area_m2": 6678.8, "perimeter_m": 503.8, "landuse": "Vacant / Unclassified", "building_count": 0, "building_ids": [], "has_unrecorded_building": false, "road_connected": true, "road_distance_m": 4.0, "gps_lat": 19.698741, "gps_lon": 73.554741}, "geometry": {"type": "Polygon", "coordinates": [[[73.5551842410764, 19.698375998517665], [73.5543255189757, 19.698375998517665], [73.5543255189757, 19.699184482273374], [73.55466648687046, 19.699184482273374], [73.55466648687046, 19.699093791017468], [73.55466648687046, 19.69908789497814], [73.55466648687046, 19.698966429784612], [73.55472242738229, 19.698956507289846], [73.55474521978711, 19.698963660278764], [73.55474831105639, 19.698957839441064], [73.55485043979033, 19.698933800982612], [73.5548922700824, 19.6989263812998], [73.55491188364776, 19.698963313501576], [73.5549679125436, 19.698963313501576], [73.5549679125436, 19.699023971024005], [73.55504107719959, 19.699046932443714], [73.55500042262425, 19.699123484715173], [73.55500852110968, 19.699184482273374], [73.55512598287999, 19.699184482273374], [73.5551842410764, 19.69914629042355], [73.5551842410764, 19.698375998517665]], [[73.55466648687046, 19.69884485403073], [73.55466648687046, 19.698741559259876], [73.55469700444858, 19.69871282707039], [73.55469700444858, 19.69869846097565], [73.55475138761906, 19.698647259417246], [73.55486110102017, 19.698647259417246], [73.55486110102017, 19.698690357701473], [73.55489161859829, 19.698690357701473], [73.55489161859829, 19.698859220125474], [73.55483723542781, 19.698859220125474], [73.55479431152344, 19.698899632826276], [73.55473612883, 19.69884485403073], [73.55466648687046, 19.69884485403073]]]}}, {"type": "Feature", "properties": {"id": 399, "area_m2": 2556.2, "perimeter_m": 301.6, "landuse": "Agricultural", "building_count": 0, "building_ids": [], "has_unrecorded_building": false, "road_connected": true, "road_distance_m": 4.0, "gps_lat": 19.699484, "gps_lon": 73.5545}, "geometry": {"type": "Polygon", "coordinates": [[[73.5543255189757, 19.699184482273374], [73.5543255189757, 19.69999296602908], [73.55442171358219, 19.69999296602908], [73.55444407756669, 19.699961864634552], [73.55444976222121, 19.699821332519303], [73.55445015484409, 19.699817382170348], [73.55445100766082, 19.69981349665706], [73.55445231027376, 19.699809723352136], [73.55452631027376, 19.699629823352137], [73.5545280102633, 19.699626274511107], [73.55453010806193, 19.69962291965181], [73.55453257904499, 19.699619798154707], [73.55453539420726, 19.699616946660974], [73.55471409420727, 19.699454546660974], [73.55471638278168, 19.69945262783327], [73.55471882749397, 19.69945088806358], [73.55491223762019, 19.699324406496643], [73.55484013070776, 19.69929046229795], [73.55481960202586, 19.699261470778257], [73.55477961041085, 19.699261470778257], [73.55476719083386, 19.699232238311147], [73.55466648687046, 19.69942186314612], [73.55466648687046, 19.699184482273374], [73.5543255189757, 19.699184482273374]]]}}, {"type": "Feature", "properties": {"id": 400, "area_m2": 48.5, "perimeter_m": 42.2, "landuse": "Vacant / Unclassified", "building_count": 0, "building_ids": [], "has_unrecorded_building": false, "road_connected": true, "road_distance_m": 4.0, "gps_lat": 19.699208, "gps_lon": 73.555051}, "geometry": {"type": "Polygon", "coordinates": [[[73.55500852110968, 19.699184482273374], [73.55501792250509, 19.69925529331159], [73.55498613594551, 19.699276080299022], [73.55503610946778, 19.699243399851905], [73.55512598287999, 19.699184482273374], [73.55500852110968, 19.699184482273374]]]}}, {"type": "Feature", "properties": {"id": 401, "area_m2": 62.1, "perimeter_m": 35.4, "landuse": "Vacant / Unclassified", "building_count": 0, "building_ids": [], "has_unrecorded_building": false, "road_connected": true, "road_distance_m": 4.0, "gps_lat": 19.700027, "gps_lon": 73.55436}, "geometry": {"type": "Polygon", "coordinates": [[[73.5543255189757, 19.69999296602908], [73.5543255189757, 19.700087877303734], [73.55438283440536, 19.700047034954803], [73.55442171358219, 19.69999296602908], [73.5543255189757, 19.69999296602908]]]}}, {"type": "Feature", "properties": {"id": 402, "area_m2": 3165.9, "perimeter_m": 261.0, "landuse": "Vacant / Unclassified", "building_count": 0, "building_ids": [], "has_unrecorded_building": false, "road_connected": true, "road_distance_m": 75.9, "gps_lat": 19.696579, "gps_lon": 73.555705}, "geometry": {"type": "Polygon", "coordinates": [[[73.5551842410764, 19.69675903100625], [73.5560429631771, 19.69675903100625], [73.5560429631771, 19.696240270874533], [73.55521841526988, 19.696629615958408], [73.5551842410764, 19.696646823897417], [73.5551842410764, 19.69675903100625]]]}}, {"type": "Feature", "properties": {"id": 403, "area_m2": 6021.5, "perimeter_m": 656.8, "landuse": "Vacant / Unclassified", "building_count": 0, "building_ids": [], "has_unrecorded_building": false, "road_connected": true, "road_distance_m": 99.6, "gps_lat": 19.697141, "gps_lon": 73.555617}, "geometry": {"type": "Polygon", "coordinates": [[[73.5560429631771, 19.697567514761957], [73.5560429631771, 19.69675903100625], [73.5551842410764, 19.69675903100625], [73.5551842410764, 19.696962093990678], [73.55523231821807, 19.69705262290086], [73.55527018644719, 19.69705262290086], [73.55537989984829, 19.696949328130334], [73.55537989984829, 19.697112556951083], [73.55541829833909, 19.697130632971227], [73.5554292383401, 19.697204386993967], [73.55524632085483, 19.69731919776138], [73.55524632085483, 19.69722148532486], [73.55522468882354, 19.69722148532486], [73.55519039163188, 19.69728606668881], [73.5551842410764, 19.69728317132594], [73.5551842410764, 19.697567514761957], [73.55581089605015, 19.697567514761957], [73.55581089605015, 19.69753480730153], [73.55584141362827, 19.697506075112045], [73.55584141362827, 19.69748007503022], [73.55562657724563, 19.69748007503022], [73.55580641952437, 19.697367194460014], [73.55574381677299, 19.697308254195885], [73.55578072388144, 19.697282480416735], [73.55591316656836, 19.697282480416735], [73.55600551019985, 19.69734044121355], [73.55600551019985, 19.69744323956656], [73.55599025141079, 19.697457605661302], [73.55599025141079, 19.697502911180436], [73.55601691920799, 19.69755312644978], [73.5560054574177, 19.697567514761957], [73.5560429631771, 19.697567514761957]], [[73.55560017488094, 19.697250217514345], [73.55547520269077, 19.697250217514345], [73.55547520269077, 19.6971846498612], [73.55543227878623, 19.69714423716023], [73.55549046147983, 19.69708945836452], [73.55549046147983, 19.697038256806117], [73.55552958586125, 19.697038256806117], [73.55553623784702, 19.69703199398555], [73.55553623784702, 19.69700326179607], [73.5557003344186, 19.69684876546714], [73.5557003344186, 19.69706972110327], [73.55568507562954, 19.697084087198007], [73.55568507562954, 19.69711281938749], [73.55565455805142, 19.697141551576973], [73.55565455805142, 19.697199015955942], [73.55560017488094, 19.697250217514345]]]}}, {"type": "Feature", "properties": {"id": 404, "area_m2": 6731.7, "perimeter_m": 411.6, "landuse": "Vacant / Unclassified", "building_count": 0, "building_ids": [], "has_unrecorded_building": false, "road_connected": true, "road_distance_m": 56.8, "gps_lat": 19.697955, "gps_lon": 73.555554}, "geometry": {"type": "Polygon", "coordinates": [[[73.5560429631771, 19.697567514761957], [73.5560054574177, 19.697567514761957], [73.55595973383267, 19.69762491288199], [73.55595973383267, 19.697748319731087], [73.55594930440131, 19.697759753786556], [73.55579980184258, 19.697712835080356], [73.55574580286465, 19.697611155395325], [73.55581089605015, 19.697570298729428], [73.55581089605015, 19.697567514761957], [73.5551842410764, 19.697567514761957], [73.5551842410764, 19.698375998517665], [73.55579430613314, 19.698375998517665], [73.55577910376516, 19.698146990925927], [73.55591117437866, 19.697960474918165], [73.55598886666255, 19.698082386592198], [73.55602235409312, 19.698078445555343], [73.5560429631771, 19.69800083204304], [73.5560429631771, 19.697567514761957]]]}}, {"type": "Feature", "properties": {"id": 405, "area_m2": 5125.7, "perimeter_m": 354.5, "landuse": "Vacant / Unclassified", "building_count": 0, "building_ids": [], "has_unrecorded_building": false, "road_connected": true, "road_distance_m": 4.0, "gps_lat": 19.698684, "gps_lon": 73.555525}, "geometry": {"type": "Polygon", "coordinates": [[[73.5560429631771, 19.698446356521718], [73.55577156663735, 19.698464598876306], [73.55579505062843, 19.698387213551808], [73.55579430613314, 19.698375998517665], [73.5551842410764, 19.698375998517665], [73.5551842410764, 19.69914629042355], [73.555213191456, 19.699127311659737], [73.55521681911104, 19.69912520644669], [73.55560301911105, 19.69892820644669], [73.55560642551525, 19.698926669032478], [73.55560997666304, 19.69892545619778], [73.55602837666304, 19.69880425619778], [73.55603196910178, 19.69880339295455], [73.5560429631771, 19.69880128072018], [73.5560429631771, 19.698787122819116], [73.55602316016014, 19.698805767288007], [73.55596348394077, 19.698823053993998], [73.55596348394077, 19.698672460893825], [73.55593296636265, 19.698672460893825], [73.55593296636265, 19.698532330659308], [73.55596348394077, 19.698532330659308], [73.55596348394077, 19.69847486628034], [73.5560429631771, 19.69847486628034], [73.5560429631771, 19.698446356521718]]]}}, {"type": "Feature", "properties": {"id": 406, "area_m2": 6777.3, "perimeter_m": 329.8, "landuse": "Vacant / Unclassified", "building_count": 0, "building_ids": [], "has_unrecorded_building": false, "road_connected": true, "road_distance_m": 4.0, "gps_lat": 19.696417, "gps_lon": 73.556493}, "geometry": {"type": "Polygon", "coordinates": [[[73.5560429631771, 19.69675903100625], [73.55690168527781, 19.69675903100625], [73.55690168527781, 19.696061345709353], [73.55686106355395, 19.696075886883055], [73.55685718562401, 19.696077056247827], [73.5568531974393, 19.696077829970335], [73.55684914439867, 19.696078199243033], [73.5568450726393, 19.696078159862363], [73.55684102851141, 19.696077712276608], [73.55676262851141, 19.69606501227661], [73.55676197203748, 19.69606487440544], [73.55676130765231, 19.696064775684903], [73.55676014528468, 19.69606449075496], [73.55675897297833, 19.696064244549834], [73.55675833401897, 19.696064046761315], [73.55675768311058, 19.69606388720483], [73.55675655600349, 19.696063496380383], [73.556755414974, 19.69606314317711], [73.55675479968274, 19.696062887376048], [73.55675416851972, 19.69606266852023], [73.55675308752787, 19.69606217556513], [73.55675198876396, 19.696061718765254], [73.55675140306639, 19.69606140741515], [73.55675079772719, 19.696061131367706], [73.55674977326109, 19.696060541029382], [73.55674872734447, 19.69605998503213], [73.55674817688117, 19.696059621131457], [73.55674760319556, 19.696059290550874], [73.55674664512138, 19.696058608514605], [73.5567456621248, 19.696057958674533], [73.55674515219704, 19.696057545727857], [73.5567446156899, 19.696057163797803], [73.55670181568989, 19.696023463797804], [73.55669892586944, 19.696020938437005], [73.5566963282022, 19.69601814585092], [73.55669405041202, 19.69601511584372], [73.55667785041203, 19.69599101584372], [73.5566758290336, 19.69598761323432], [73.55665653457618, 19.695950547250543], [73.5560429631771, 19.696240270874533], [73.5560429631771, 19.69675903100625]]]}}, {"type": "Feature", "properties": {"id": 407, "area_m2": 8100.0, "perimeter_m": 360.1, "landuse": "Vacant / Unclassified", "building_count": 0, "building_ids": [], "has_unrecorded_building": false, "road_connected": true, "road_distance_m": 9.6, "gps_lat": 19.697163, "gps_lon": 73.556472}, "geometry": {"type": "Polygon", "coordinates": [[[73.55690168527781, 19.697567514761957], [73.55690168527781, 19.69675903100625], [73.5560429631771, 19.69675903100625], [73.5560429631771, 19.697567514761957], [73.55626443743185, 19.697567514761957], [73.55626490961392, 19.69756707020425], [73.55626490961392, 19.697567514761957], [73.55690168527781, 19.697567514761957]]]}}, {"type": "Feature", "properties": {"id": 408, "area_m2": 6303.9, "perimeter_m": 531.7, "landuse": "Vacant / Unclassified", "building_count": 0, "building_ids": [], "has_unrecorded_building": false, "road_connected": true, "road_distance_m": 12.6, "gps_lat": 19.697961, "gps_lon": 73.55655}, "geometry": {"type": "Polygon", "coordinates": [[[73.55690168527781, 19.698375998517665], [73.55690168527781, 19.697567514761957], [73.55626490961392, 19.697567514761957], [73.55626490961392, 19.697667632867446], [73.55635646234829, 19.697581436298993], [73.55635646234829, 19.69785359349352], [73.55626490961392, 19.69785359349352], [73.55626490961392, 19.698041495075877], [73.55610081304233, 19.697809750582486], [73.55610081304233, 19.697670364974776], [73.55615519621281, 19.697670364974776], [73.55626443743185, 19.697567514761957], [73.5560429631771, 19.697567514761957], [73.5560429631771, 19.69800083204304], [73.55604577077844, 19.69799025865699], [73.55613630002921, 19.698022143283627], [73.55616662992828, 19.69807925426429], [73.55635646234829, 19.698111749998322], [73.55635646234829, 19.69825887913749], [73.55626448417192, 19.6982761985616], [73.5562462592627, 19.698327674620014], [73.55621463505872, 19.698327674620014], [73.55624029840615, 19.698375998517665], [73.55690168527781, 19.698375998517665]]]}}, {"type": "Feature", "properties": {"id": 409, "area_m2": 2874.4, "perimeter_m": 278.1, "landuse": "Vacant / Unclassified", "building_count": 0, "building_ids": [], "has_unrecorded_building": false, "road_connected": true, "road_distance_m": 4.0, "gps_lat": 19.698548, "gps_lon": 73.556484}, "geometry": {"type": "Polygon", "coordinates": [[[73.55690168527781, 19.698375998517665], [73.55624029840615, 19.698375998517665], [73.55626957413426, 19.69843112450204], [73.5560429631771, 19.698446356521718], [73.5560429631771, 19.69847486628034], [73.55611232172329, 19.69847486628034], [73.55611232172329, 19.698554800028226], [73.55612758051235, 19.69856916612297], [73.55612758051235, 19.698575925361382], [73.55621140274124, 19.69862853757838], [73.55615809809048, 19.69867872371439], [73.55615809809048, 19.698693089809133], [73.55610371492, 19.698744291367536], [73.55608845613094, 19.698744291367536], [73.5560429631771, 19.698787122819116], [73.5560429631771, 19.69880128072018], [73.55655566479878, 19.698702778030835], [73.55690168527781, 19.69859899930572], [73.55690168527781, 19.698375998517665]]]}}, {"type": "Feature", "properties": {"id": 410, "area_m2": 602.0, "perimeter_m": 167.4, "landuse": "Vacant / Unclassified", "building_count": 0, "building_ids": [], "has_unrecorded_building": false, "road_connected": true, "road_distance_m": 4.0, "gps_lat": 19.69641, "gps_lon": 73.55694}, "geometry": {"type": "Polygon", "coordinates": [[[73.55690168527781, 19.69675903100625], [73.55696444785237, 19.69675903100625], [73.55699319297777, 19.696213393560928], [73.55693882387258, 19.696075614059676], [73.55693882167036, 19.6960756075111], [73.55693881879954, 19.696075601196256], [73.5569293033551, 19.696051459391853], [73.55690168527781, 19.696061345709353], [73.55690168527781, 19.69675903100625]]]}}, {"type": "Feature", "properties": {"id": 411, "area_m2": 618.2, "perimeter_m": 195.3, "landuse": "Vacant / Unclassified", "building_count": 0, "building_ids": [], "has_unrecorded_building": false, "road_connected": true, "road_distance_m": 4.0, "gps_lat": 19.697191, "gps_lon": 73.556935}, "geometry": {"type": "Polygon", "coordinates": [[[73.55690168527781, 19.69675903100625], [73.55690168527781, 19.697567514761957], [73.55698411745938, 19.697567514761957], [73.55695487173142, 19.696943985220948], [73.5569548805898, 19.69694230259218], [73.55695488143274, 19.696940619942936], [73.55696444785237, 19.69675903100625], [73.55690168527781, 19.69675903100625]]]}}, {"type": "Feature", "properties": {"id": 412, "area_m2": 956.4, "perimeter_m": 201.3, "landuse": "Vacant / Unclassified", "building_count": 0, "building_ids": [], "has_unrecorded_building": false, "road_connected": true, "road_distance_m": 4.0, "gps_lat": 19.697997, "gps_lon": 73.556953}, "geometry": {"type": "Polygon", "coordinates": [[[73.55690168527781, 19.697567514761957], [73.55690168527781, 19.698375998517665], [73.55702203819034, 19.698375998517665], [73.55698411745938, 19.697567514761957], [73.55690168527781, 19.697567514761957]]]}}, {"type": "Feature", "properties": {"id": 413, "area_m2": 297.2, "perimeter_m": 72.2, "landuse": "Vacant / Unclassified", "building_count": 0, "building_ids": [], "has_unrecorded_building": false, "road_connected": true, "road_distance_m": 4.0, "gps_lat": 19.698479, "gps_lon": 73.556962}, "geometry": {"type": "Polygon", "coordinates": [[[73.55690168527781, 19.698375998517665], [73.55690168527781, 19.69859899930572], [73.55703068305604, 19.698560310194004], [73.55702203819034, 19.698375998517665], [73.55690168527781, 19.698375998517665]]]}}, {"type": "Feature", "properties": {"id": 414, "area_m2": 634.7, "perimeter_m": 197.2, "landuse": "Vacant / Unclassified", "building_count": 0, "building_ids": [], "has_unrecorded_building": false, "road_connected": false, "road_distance_m": 264.5, "gps_lat": 19.697196, "gps_lon": 73.553705}, "geometry": {"type": "Polygon", "coordinates": [[[73.55382037899076, 19.697177421118667], [73.55382392631964, 19.69717547287922], [73.55423758377692, 19.696962116711802], [73.55394713458739, 19.69706699917018], [73.55394469524882, 19.697067835509937], [73.553466796875, 19.69722307153012], [73.553466796875, 19.69738381152004], [73.55382037899076, 19.697177421118667]]]}}, {"type": "Feature", "properties": {"id": 415, "area_m2": 600.3, "perimeter_m": 123.5, "landuse": "Residential", "building_count": 1, "building_ids": [64], "has_unrecorded_building": true, "road_connected": true, "road_distance_m": 4.0, "gps_lat": 19.694658, "gps_lon": 73.555429}, "geometry": {"type": "Polygon", "coordinates": [[[73.55541416753452, 19.694540529566833], [73.55541416753452, 19.694552922415713], [73.55524341897683, 19.694552922415713], [73.55535313237827, 19.69465621718657], [73.55535313237827, 19.694868177894467], [73.55550197016079, 19.69472804766028], [73.55550197016079, 19.69469305265023], [73.55556300531704, 19.69469305265023], [73.55556300531704, 19.694627484997085], [73.5555782641061, 19.694613118902343], [73.5555782641061, 19.694568869682854], [73.55541416753452, 19.694540529566833]]]}}, {"type": "Feature", "properties": {"id": 416, "area_m2": 3268.3, "perimeter_m": 318.4, "landuse": "Residential", "building_count": 1, "building_ids": [66], "has_unrecorded_building": true, "road_connected": true, "road_distance_m": 4.0, "gps_lat": 19.694649, "gps_lon": 73.554705}, "geometry": {"type": "Polygon", "coordinates": [[[73.55510977031248, 19.694509824131487], [73.55510840964854, 19.694509824131487], [73.55507229101514, 19.6944814861625], [73.55494270608463, 19.694459106341096], [73.55493044975024, 19.694472953494515], [73.5549211157306, 19.694455377602996], [73.55475328816773, 19.694426393130268], [73.55472988092457, 19.69452005392825], [73.55453906186315, 19.69438939541442], [73.55448493882808, 19.694380048155796], [73.55432580909599, 19.69447992820081], [73.55445286382358, 19.694539738984183], [73.55445286382358, 19.694565496970547], [73.55427628136275, 19.694779249218684], [73.5544070874564, 19.694779249218684], [73.5544070874564, 19.694884892091494], [73.55462652551832, 19.694828546598213], [73.55486928809697, 19.695011394670388], [73.5548546237075, 19.694762878216224], [73.55493319885286, 19.6946889000009], [73.55511241132999, 19.69475217296316], [73.55510977031248, 19.694509824131487]]]}}, {"type": "Feature", "properties": {"id": 417, "area_m2": 1364.6, "perimeter_m": 169.0, "landuse": "Residential", "building_count": 1, "building_ids": [67], "has_unrecorded_building": true, "road_connected": true, "road_distance_m": 4.0, "gps_lat": 19.694801, "gps_lon": 73.555946}, "geometry": {"type": "Polygon", "coordinates": [[[73.55617044808552, 19.694817425836554], [73.55611033292095, 19.694729107632018], [73.55603179578605, 19.69474389611774], [73.55601145471077, 19.69467686744678], [73.55593851635327, 19.694631086646833], [73.55590184226644, 19.694624752889425], [73.55585461701011, 19.694624752889425], [73.55585154135179, 19.694616065725864], [73.55576044435553, 19.694600332920366], [73.55570484372876, 19.694731202393136], [73.55568440760436, 19.694784246919546], [73.5557498608939, 19.694804788264708], [73.5557498608939, 19.694860701258225], [73.55588995921845, 19.694841858105924], [73.55588446705174, 19.69486254152637], [73.55591747031912, 19.69495575889716], [73.555996127338, 19.694974272721893], [73.55606079101562, 19.69503515334062], [73.55618298276923, 19.69492011024632], [73.55616438481826, 19.694867580535487], [73.55618308813196, 19.69483823203177], [73.55617044808552, 19.694817425836554]]]}}, {"type": "Feature", "properties": {"id": 418, "area_m2": 1275.8, "perimeter_m": 176.6, "landuse": "Residential", "building_count": 1, "building_ids": [76], "has_unrecorded_building": true, "road_connected": true, "road_distance_m": 76.9, "gps_lat": 19.695406, "gps_lon": 73.555297}, "geometry": {"type": "Polygon", "coordinates": [[[73.5551395093314, 19.695565014381636], [73.55523403596963, 19.695535348885574], [73.55523966886906, 19.695540652240023], [73.55529461073199, 19.695540652240023], [73.55539975763661, 19.69560004949838], [73.55548107847235, 19.695523486225493], [73.55545099888671, 19.695438526762054], [73.5555392581853, 19.69541082815853], [73.55544488946136, 19.695277556439844], [73.5552615796439, 19.69524303933375], [73.5552615796439, 19.69528559324757], [73.55517891245636, 19.69528559324757], [73.55510899175327, 19.69515393306919], [73.55510899175327, 19.695487901237172], [73.5551395093314, 19.695502267331914], [73.5551395093314, 19.695565014381636]]]}}, {"type": "Feature", "properties": {"id": 419, "area_m2": 2535.3, "perimeter_m": 307.1, "landuse": "Residential", "building_count": 1, "building_ids": [79], "has_unrecorded_building": true, "road_connected": true, "road_distance_m": 4.0, "gps_lat": 19.695452, "gps_lon": 73.556153}, "geometry": {"type": "Polygon", "coordinates": [[[73.55574937334106, 19.69525477289022], [73.55597823025751, 19.695326595543392], [73.55599742431333, 19.6956699470927], [73.5561508937861, 19.6956699470927], [73.55616776562826, 19.69590821876867], [73.55628016840298, 19.695854918955263], [73.55628016840298, 19.695569565091464], [73.55644423476163, 19.69547026430916], [73.55637648804577, 19.695269452359312], [73.55635203750562, 19.69524643226415], [73.55632307700304, 19.695328230889615], [73.55619236577671, 19.695082102595478], [73.55619236577671, 19.69522871008077], [73.5558091480958, 19.695192630274644], [73.55574943833608, 19.69521111236111], [73.55574937334106, 19.69525477289022]]]}}, {"type": "Feature", "properties": {"id": 420, "area_m2": 1672.6, "perimeter_m": 248.9, "landuse": "Residential", "building_count": 1, "building_ids": [83], "has_unrecorded_building": true, "road_connected": true, "road_distance_m": 73.2, "gps_lat": 19.695502, "gps_lon": 73.554883}, "geometry": {"type": "Polygon", "coordinates": [[[73.55493281998409, 19.69509071725235], [73.55481766895042, 19.695307545816203], [73.55472611621605, 19.69529317972146], [73.55465435737072, 19.6954283011084], [73.5547145155709, 19.6954471806844], [73.5546872593511, 19.69554982721404], [73.5548294476188, 19.695516359779035], [73.55484959233921, 19.695527739487908], [73.55484959233921, 19.69557291514241], [73.55481406850068, 19.69557291514241], [73.55478030087606, 19.695636499335404], [73.55469265043936, 19.695650253096954], [73.55486379005109, 19.695777192025226], [73.55507639078789, 19.695702130965792], [73.55504664097656, 19.69561810294633], [73.55513157726296, 19.6955914472108], [73.55502368478685, 19.695489866834578], [73.55500295104068, 19.695392263099237], [73.55493739496548, 19.695384547998255], [73.55493739496548, 19.695090212599307], [73.55493281998409, 19.69509071725235]]]}}, {"type": "Feature", "properties": {"id": 421, "area_m2": 1501.6, "perimeter_m": 226.8, "landuse": "Residential", "building_count": 1, "building_ids": [86], "has_unrecorded_building": true, "road_connected": true, "road_distance_m": 126.1, "gps_lat": 19.695828, "gps_lon": 73.554604}, "geometry": {"type": "Polygon", "coordinates": [[[73.55465292844238, 19.695620790205957], [73.55463127872746, 19.695681939591], [73.55457321964488, 19.695660074624456], [73.55452597150943, 19.69552662277831], [73.55448338140171, 19.695495032531177], [73.55448338140171, 19.695803269076134], [73.55431797737015, 19.69590708727466], [73.55445921465949, 19.695923709074325], [73.55441295758472, 19.696054361680353], [73.55449282702932, 19.69608550921218], [73.5545717224107, 19.69593694977946], [73.55458720417029, 19.695938771782043], [73.55478236810352, 19.696000020494584], [73.55486866024738, 19.695837533011577], [73.55477536249873, 19.69579361326503], [73.55474824498194, 19.69569148908891], [73.55465292844238, 19.695620790205957]]]}}, {"type": "Feature", "properties": {"id": 422, "area_m2": 552.4, "perimeter_m": 98.0, "landuse": "Residential", "building_count": 1, "building_ids": [88], "has_unrecorded_building": true, "road_connected": true, "road_distance_m": 140.6, "gps_lat": 19.695961, "gps_lon": 73.555093}, "geometry": {"type": "Polygon", "coordinates": [[[73.55500218022983, 19.696086563840225], [73.55518153559048, 19.696086563840225], [73.55518153559048, 19.69594916571337], [73.55522445949502, 19.6959087530124], [73.55514241120906, 19.69583150484777], [73.55503269780796, 19.69583150484777], [73.55503269780796, 19.695874603131998], [73.55498692144077, 19.695874603131998], [73.55498692144077, 19.695992263997596], [73.55500218022983, 19.696006630092338], [73.55500218022983, 19.696086563840225]]]}}, {"type": "Feature", "properties": {"id": 423, "area_m2": 668.0, "perimeter_m": 136.5, "landuse": "Residential", "building_count": 1, "building_ids": [95], "has_unrecorded_building": true, "road_connected": true, "road_distance_m": 181.3, "gps_lat": 19.69625, "gps_lon": 73.554766}, "geometry": {"type": "Polygon", "coordinates": [[[73.55468174565952, 19.696250853702956], [73.55468459812217, 19.696253539286214], [73.55458729104714, 19.696345153545586], [73.55473612883, 19.696345153545586], [73.55475138761906, 19.69635951964033], [73.55498607321067, 19.69635951964033], [73.55487635980923, 19.696256224869472], [73.55487635980923, 19.696227492679988], [73.55486110102017, 19.696213126585246], [73.55486110102017, 19.696161925026843], [73.55482197663875, 19.696161925026843], [73.55477620027156, 19.696118826742616], [73.55457203225808, 19.696118826742616], [73.55468174565952, 19.696222121513472], [73.55468174565952, 19.696250853702956]]]}}, {"type": "Feature", "properties": {"id": 424, "area_m2": 996.3, "perimeter_m": 162.3, "landuse": "Residential", "building_count": 1, "building_ids": [98], "has_unrecorded_building": true, "road_connected": false, "road_distance_m": 207.5, "gps_lat": 19.696301, "gps_lon": 73.553577}, "geometry": {"type": "Polygon", "coordinates": [[[73.553466796875, 19.696556273766692], [73.55351056109873, 19.696536944479313], [73.55355983825933, 19.696459620698374], [73.5536092507161, 19.696436359873662], [73.55368373529102, 19.696459735526336], [73.55374642795519, 19.696341685692957], [73.55365546321698, 19.696256042720766], [73.55362868013042, 19.69624763732771], [73.55376295747418, 19.696184426510843], [73.55359045694648, 19.6961302903031], [73.55356361017229, 19.69607973802139], [73.553466796875, 19.696102525363745], [73.553466796875, 19.696556273766692]]]}}, {"type": "Feature", "properties": {"id": 425, "area_m2": 3197.1, "perimeter_m": 326.5, "landuse": "Residential", "building_count": 1, "building_ids": [107], "has_unrecorded_building": true, "road_connected": false, "road_distance_m": 224.9, "gps_lat": 19.696669, "gps_lon": 73.553776}, "geometry": {"type": "Polygon", "coordinates": [[[73.55389612107146, 19.696366654711092], [73.553891054527, 19.69637858004432], [73.5538811658578, 19.69637325996072], [73.55374114422514, 19.696435103131844], [73.55373901383734, 19.696442123265303], [73.55373826332371, 19.696442022321605], [73.55373733619957, 19.69643678501751], [73.55360382977878, 19.69649575062354], [73.5536073948831, 19.69654945514897], [73.55351504518666, 19.696534963998072], [73.553466796875, 19.696556273766692], [73.553466796875, 19.697015223316942], [73.5536082097069, 19.69696929005406], [73.55361141657467, 19.6969609871044], [73.55401040514329, 19.696794033195502], [73.55385049238976, 19.696794033195502], [73.55393418113638, 19.696697731064777], [73.55422825435213, 19.696766948282164], [73.55428433765125, 19.69674857873427], [73.55429847614519, 19.696709918403723], [73.55398250116964, 19.696577700938285], [73.55404220583866, 19.69654647219937], [73.55401156254864, 19.696315667825054], [73.55389612107146, 19.696366654711092]]]}}, {"type": "Feature", "properties": {"id": 426, "area_m2": 401.1, "perimeter_m": 215.6, "landuse": "Vacant / Unclassified", "building_count": 0, "building_ids": [], "has_unrecorded_building": false, "road_connected": false, "road_distance_m": 268.2, "gps_lat": 19.696798, "gps_lon": 73.553973}, "geometry": {"type": "Polygon", "coordinates": [[[73.55425669330901, 19.696757633374002], [73.55422825435213, 19.696766948282164], [73.55393418113638, 19.696697731064777], [73.55385049238976, 19.696794033195502], [73.55401040514329, 19.696794033195502], [73.55361141657467, 19.6969609871044], [73.5536082097069, 19.69696929005406], [73.553466796875, 19.697015223316942], [73.55388281251095, 19.696880094451238], [73.55425669330901, 19.696757633374002]]]}}, {"type": "Feature", "properties": {"id": 427, "area_m2": 7340.0, "perimeter_m": 351.9, "landuse": "Vacant / Unclassified", "building_count": 0, "building_ids": [], "has_unrecorded_building": false, "road_connected": true, "road_distance_m": 4.0, "gps_lat": 19.694644, "gps_lon": 73.553881}, "geometry": {"type": "Polygon", "coordinates": [[[73.5543255189757, 19.694352515727367], [73.553466796875, 19.694204211081317], [73.553466796875, 19.695012694837022], [73.5543255189757, 19.695012694837022], [73.5543255189757, 19.694779249218684], [73.55427628136275, 19.694779249218684], [73.5543255189757, 19.69471964731704], [73.5543255189757, 19.694352515727367]]]}}, {"type": "Feature", "properties": {"id": 428, "area_m2": 8100.0, "perimeter_m": 360.0, "landuse": "Vacant / Unclassified", "building_count": 0, "building_ids": [], "has_unrecorded_building": false, "road_connected": true, "road_distance_m": 76.3, "gps_lat": 19.695417, "gps_lon": 73.553896}, "geometry": {"type": "Polygon", "coordinates": [[[73.5543255189757, 19.69582117859273], [73.5543255189757, 19.695012694837022], [73.553466796875, 19.695012694837022], [73.553466796875, 19.69582117859273], [73.5543255189757, 19.69582117859273]]]}}, {"type": "Feature", "properties": {"id": 429, "area_m2": 5840.4, "perimeter_m": 454.9, "landuse": "Vacant / Unclassified", "building_count": 0, "building_ids": [], "has_unrecorded_building": false, "road_connected": true, "road_distance_m": 164.8, "gps_lat": 19.696149, "gps_lon": 73.553969}, "geometry": {"type": "Polygon", "coordinates": [[[73.5543255189757, 19.69582117859273], [73.553466796875, 19.69582117859273], [73.553466796875, 19.696102525363745], [73.55356361017229, 19.69607973802139], [73.55359045694648, 19.6961302903031], [73.55376295747418, 19.696184426510843], [73.55362868013042, 19.69624763732771], [73.55365546321698, 19.696256042720766], [73.55374642795519, 19.696341685692957], [73.55368373529102, 19.696459735526336], [73.5536092507161, 19.696436359873662], [73.55355983825933, 19.696459620698374], [73.55351056109873, 19.696536944479313], [73.55351504518666, 19.696534963998072], [73.5536073948831, 19.69654945514897], [73.55360382977878, 19.69649575062354], [73.55373733619957, 19.69643678501751], [73.55373826332371, 19.696442022321605], [73.55373901383734, 19.696442123265303], [73.55374114422514, 19.696435103131844], [73.5538811658578, 19.69637325996072], [73.553891054527, 19.69637858004432], [73.55389612107146, 19.696366654711092], [73.55401156254864, 19.696315667825054], [73.55404220583866, 19.69654647219937], [73.55398250116964, 19.696577700938285], [73.55410667920654, 19.69662966234844], [73.5543255189757, 19.69662966234844], [73.5543255189757, 19.695907974823953], [73.55431797737015, 19.69590708727466], [73.5543255189757, 19.695902353678417], [73.5543255189757, 19.69582117859273]]]}}, {"type": "Feature", "properties": {"id": 430, "area_m2": 127.0, "perimeter_m": 65.7, "landuse": "Vacant / Unclassified", "building_count": 0, "building_ids": [], "has_unrecorded_building": false, "road_connected": false, "road_distance_m": 253.3, "gps_lat": 19.696666, "gps_lon": 73.554257}, "geometry": {"type": "Polygon", "coordinates": [[[73.5543255189757, 19.69662966234844], [73.55410667920654, 19.69662966234844], [73.55429847614519, 19.696709918403723], [73.55428433765125, 19.69674857873427], [73.55429542326232, 19.69674494774846], [73.5543255189757, 19.696733660929574], [73.5543255189757, 19.69662966234844]]]}}, {"type": "Feature", "properties": {"id": 431, "area_m2": 2180.0, "perimeter_m": 353.1, "landuse": "Vacant / Unclassified", "building_count": 0, "building_ids": [], "has_unrecorded_building": false, "road_connected": true, "road_distance_m": 4.0, "gps_lat": 19.694868, "gps_lon": 73.554837}, "geometry": {"type": "Polygon", "coordinates": [[[73.5543255189757, 19.695012694837022], [73.5551842410764, 19.695012694837022], [73.5551842410764, 19.694500820373413], [73.55507229101514, 19.6944814861625], [73.55510840964854, 19.694509824131487], [73.55510977031248, 19.694509824131487], [73.55511241132999, 19.69475217296316], [73.55493319885286, 19.6946889000009], [73.5548546237075, 19.694762878216224], [73.55486928809697, 19.695011394670388], [73.55462652551832, 19.694828546598213], [73.5544070874564, 19.694884892091494], [73.5544070874564, 19.694779249218684], [73.5543255189757, 19.694779249218684], [73.5543255189757, 19.695012694837022]]]}}, {"type": "Feature", "properties": {"id": 432, "area_m2": 316.0, "perimeter_m": 117.4, "landuse": "Vacant / Unclassified", "building_count": 0, "building_ids": [], "has_unrecorded_building": false, "road_connected": true, "road_distance_m": 4.0, "gps_lat": 19.694516, "gps_lon": 73.554375}, "geometry": {"type": "Polygon", "coordinates": [[[73.5543255189757, 19.69471964731704], [73.55445286382358, 19.694565496970547], [73.55445286382358, 19.694539738984183], [73.55432580909599, 19.69447992820081], [73.55448493882808, 19.694380048155796], [73.5543255189757, 19.694352515727367], [73.5543255189757, 19.69471964731704]]]}}, {"type": "Feature", "properties": {"id": 433, "area_m2": 5511.8, "perimeter_m": 704.4, "landuse": "Vacant / Unclassified", "building_count": 0, "building_ids": [], "has_unrecorded_building": false, "road_connected": true, "road_distance_m": 60.0, "gps_lat": 19.695358, "gps_lon": 73.554714}, "geometry": {"type": "Polygon", "coordinates": [[[73.5551842410764, 19.695012694837022], [73.5543255189757, 19.695012694837022], [73.5543255189757, 19.69582117859273], [73.55445484780847, 19.69582117859273], [73.55448338140171, 19.695803269076134], [73.55448338140171, 19.695495032531177], [73.55452597150943, 19.69552662277831], [73.55457321964488, 19.695660074624456], [73.55463127872746, 19.695681939591], [73.55465292844238, 19.695620790205957], [73.55469265043936, 19.695650253096954], [73.55478030087606, 19.695636499335404], [73.55481406850068, 19.69557291514241], [73.55484959233921, 19.69557291514241], [73.55484959233921, 19.695527739487908], [73.5548294476188, 19.695516359779035], [73.5546872593511, 19.69554982721404], [73.5547145155709, 19.6954471806844], [73.55465435737072, 19.6954283011084], [73.55472611621605, 19.69529317972146], [73.55481766895042, 19.695307545816203], [73.55493281998409, 19.69509071725235], [73.55493739496548, 19.695090212599307], [73.55493739496548, 19.695384547998255], [73.55500295104068, 19.695392263099237], [73.55502368478685, 19.695489866834578], [73.55513157726296, 19.6955914472108], [73.55504664097656, 19.69561810294633], [73.55507639078789, 19.695702130965792], [73.55486379005109, 19.695777192025226], [73.55472677672735, 19.695675565497634], [73.55474824498194, 19.69569148908891], [73.55477536249873, 19.69579361326503], [73.55483391891623, 19.69582117859273], [73.5551842410764, 19.69582117859273], [73.5551842410764, 19.6955509761229], [73.5551395093314, 19.695565014381636], [73.5551395093314, 19.695502267331914], [73.55510899175327, 19.695487901237172], [73.55510899175327, 19.69515393306919], [73.55517891245636, 19.69528559324757], [73.5551842410764, 19.69528559324757], [73.5551842410764, 19.695012694837022]]]}}, {"type": "Feature", "properties": {"id": 434, "area_m2": 5144.0, "perimeter_m": 593.6, "landuse": "Vacant / Unclassified", "building_count": 0, "building_ids": [], "has_unrecorded_building": false, "road_connected": true, "road_distance_m": 141.7, "gps_lat": 19.696254, "gps_lon": 73.55471}, "geometry": {"type": "Polygon", "coordinates": [[[73.5551842410764, 19.69582117859273], [73.55483391891623, 19.69582117859273], [73.55486866024738, 19.695837533011577], [73.55478236810352, 19.696000020494584], [73.55458720417029, 19.695938771782043], [73.5545717224107, 19.69593694977946], [73.55449282702932, 19.69608550921218], [73.55441295758472, 19.696054361680353], [73.55445921465949, 19.695923709074325], [73.5543255189757, 19.695907974823953], [73.5543255189757, 19.69662966234844], [73.55460282576362, 19.69662966234844], [73.55469781152404, 19.696594039764562], [73.55505288885959, 19.69643687763755], [73.5551842410764, 19.69637459226546], [73.5551842410764, 19.695946618508145], [73.55518153559048, 19.69594916571337], [73.55518153559048, 19.696086563840225], [73.55500218022983, 19.696086563840225], [73.55500218022983, 19.696006630092338], [73.55498692144077, 19.695992263997596], [73.55498692144077, 19.695874603131998], [73.55503269780796, 19.695874603131998], [73.55503269780796, 19.69583150484777], [73.55514241120906, 19.69583150484777], [73.5551842410764, 19.695870887516655], [73.5551842410764, 19.69582117859273]], [[73.55458729104714, 19.696345153545586], [73.55468459812217, 19.696253539286214], [73.55468174565952, 19.696250853702956], [73.55468174565952, 19.696222121513472], [73.55457203225808, 19.696118826742616], [73.55477620027156, 19.696118826742616], [73.55482197663875, 19.696161925026843], [73.55486110102017, 19.696161925026843], [73.55486110102017, 19.696213126585246], [73.55487635980923, 19.696227492679988], [73.55487635980923, 19.696256224869472], [73.55498607321067, 19.69635951964033], [73.55475138761906, 19.69635951964033], [73.55473612883, 19.696345153545586], [73.55458729104714, 19.696345153545586]]]}}, {"type": "Feature", "properties": {"id": 435, "area_m2": 61.2, "perimeter_m": 38.9, "landuse": "Vacant / Unclassified", "building_count": 0, "building_ids": [], "has_unrecorded_building": false, "road_connected": true, "road_distance_m": 162.4, "gps_lat": 19.695848, "gps_lon": 73.554369}, "geometry": {"type": "Polygon", "coordinates": [[[73.5543255189757, 19.69582117859273], [73.5543255189757, 19.695902353678417], [73.55445484780847, 19.69582117859273], [73.5543255189757, 19.69582117859273]]]}}, {"type": "Feature", "properties": {"id": 436, "area_m2": 168.2, "perimeter_m": 71.9, "landuse": "Vacant / Unclassified", "building_count": 0, "building_ids": [], "has_unrecorded_building": false, "road_connected": false, "road_distance_m": 230.5, "gps_lat": 19.696664, "gps_lon": 73.554418}, "geometry": {"type": "Polygon", "coordinates": [[[73.5543255189757, 19.69662966234844], [73.5543255189757, 19.696733660929574], [73.55460282576362, 19.69662966234844], [73.5543255189757, 19.69662966234844]]]}}, {"type": "Feature", "properties": {"id": 437, "area_m2": 2733.5, "perimeter_m": 405.2, "landuse": "Vacant / Unclassified", "building_count": 0, "building_ids": [], "has_unrecorded_building": false, "road_connected": true, "road_distance_m": 4.0, "gps_lat": 19.694829, "gps_lon": 73.555506}, "geometry": {"type": "Polygon", "coordinates": [[[73.5551842410764, 19.695012694837022], [73.55603693696376, 19.695012694837022], [73.555996127338, 19.694974272721893], [73.55591747031912, 19.69495575889716], [73.55588446705174, 19.69486254152637], [73.55588995921845, 19.694841858105924], [73.5557498608939, 19.694860701258225], [73.5557498608939, 19.694804788264708], [73.55568440760436, 19.694784246919546], [73.55570484372876, 19.694731202393136], [73.55576044435553, 19.694600332920366], [73.55580904614898, 19.69460872663909], [73.55548207966964, 19.694552258256653], [73.5555782641061, 19.694568869682854], [73.5555782641061, 19.694613118902343], [73.55556300531704, 19.694627484997085], [73.55556300531704, 19.69469305265023], [73.55550197016079, 19.69469305265023], [73.55550197016079, 19.69472804766028], [73.55535313237827, 19.694868177894467], [73.55535313237827, 19.69465621718657], [73.55524341897683, 19.694552922415713], [73.55541416753452, 19.694552922415713], [73.55541416753452, 19.694540529566833], [73.5551842410764, 19.694500820373413], [73.5551842410764, 19.695012694837022]]]}}, {"type": "Feature", "properties": {"id": 438, "area_m2": 6547.1, "perimeter_m": 490.8, "landuse": "Vacant / Unclassified", "building_count": 0, "building_ids": [], "has_unrecorded_building": false, "road_connected": true, "road_distance_m": 26.7, "gps_lat": 19.695423, "gps_lon": 73.555627}, "geometry": {"type": "Polygon", "coordinates": [[[73.5560429631771, 19.6950183684951], [73.55603693696376, 19.695012694837022], [73.5551842410764, 19.695012694837022], [73.5551842410764, 19.69528559324757], [73.5552615796439, 19.69528559324757], [73.5552615796439, 19.69524303933375], [73.55544488946136, 19.695277556439844], [73.5555392581853, 19.69541082815853], [73.55545099888671, 19.695438526762054], [73.55548107847235, 19.695523486225493], [73.55539975763661, 19.69560004949838], [73.55529461073199, 19.695540652240023], [73.55523966886906, 19.695540652240023], [73.55523403596963, 19.695535348885574], [73.5551842410764, 19.6955509761229], [73.5551842410764, 19.69582117859273], [73.5560429631771, 19.69582117859273], [73.5560429631771, 19.6956699470927], [73.55599742431333, 19.6956699470927], [73.55597823025751, 19.695326595543392], [73.55574937334106, 19.69525477289022], [73.55574943833608, 19.69521111236111], [73.5558091480958, 19.695192630274644], [73.5560429631771, 19.695214643880025], [73.5560429631771, 19.6950183684951]]]}}, {"type": "Feature", "properties": {"id": 439, "area_m2": 3487.0, "perimeter_m": 272.1, "landuse": "Vacant / Unclassified", "building_count": 0, "building_ids": [], "has_unrecorded_building": false, "road_connected": true, "road_distance_m": 55.9, "gps_lat": 19.696016, "gps_lon": 73.555532}, "geometry": {"type": "Polygon", "coordinates": [[[73.5560429631771, 19.69582117859273], [73.5551842410764, 19.69582117859273], [73.5551842410764, 19.695870887516655], [73.55522445949502, 19.6959087530124], [73.5551842410764, 19.695946618508145], [73.5551842410764, 19.69637459226546], [73.5560429631771, 19.69596739833408], [73.5560429631771, 19.69582117859273]]]}}, {"type": "Feature", "properties": {"id": 440, "area_m2": 170.1, "perimeter_m": 68.3, "landuse": "Vacant / Unclassified", "building_count": 0, "building_ids": [], "has_unrecorded_building": false, "road_connected": true, "road_distance_m": 4.0, "gps_lat": 19.694959, "gps_lon": 73.556195}, "geometry": {"type": "Polygon", "coordinates": [[[73.55628907665773, 19.695012694837022], [73.55618308813196, 19.69483823203177], [73.55616438481826, 19.694867580535487], [73.55618298276923, 19.69492011024632], [73.55608464506749, 19.695012694837022], [73.55628907665773, 19.695012694837022]]]}}, {"type": "Feature", "properties": {"id": 441, "area_m2": 1400.7, "perimeter_m": 311.4, "landuse": "Vacant / Unclassified", "building_count": 0, "building_ids": [], "has_unrecorded_building": false, "road_connected": true, "road_distance_m": 4.0, "gps_lat": 19.695402, "gps_lon": 73.556295}, "geometry": {"type": "Polygon", "coordinates": [[[73.55635132269276, 19.69582117859273], [73.5563632617188, 19.695815517274657], [73.5565420937312, 19.695730698492422], [73.5565149290336, 19.69567851323432], [73.55651455188074, 19.695677688590603], [73.55651413295571, 19.6956768820173], [73.55651381169825, 19.695676070183577], [73.55651344777625, 19.6956752744691], [73.55651315829135, 19.69567441899155], [73.55651282535415, 19.695673577642552], [73.55629085467916, 19.695015621555783], [73.55628907665773, 19.695012694837022], [73.55608464506749, 19.695012694837022], [73.55606079101562, 19.69503515334062], [73.5560429631771, 19.6950183684951], [73.5560429631771, 19.695214643880025], [73.55619236577671, 19.69522871008077], [73.55619236577671, 19.695082102595478], [73.55632307700304, 19.695328230889615], [73.55635203750562, 19.69524643226415], [73.55637648804577, 19.695269452359312], [73.55644423476163, 19.69547026430916], [73.55628016840298, 19.695569565091464], [73.55628016840298, 19.69582117859273], [73.55635132269276, 19.69582117859273]]]}}, {"type": "Feature", "properties": {"id": 442, "area_m2": 199.9, "perimeter_m": 57.5, "landuse": "Vacant / Unclassified", "building_count": 0, "building_ids": [], "has_unrecorded_building": false, "road_connected": true, "road_distance_m": 40.0, "gps_lat": 19.695747, "gps_lon": 73.5561}, "geometry": {"type": "Polygon", "coordinates": [[[73.5560429631771, 19.69582117859273], [73.5561616023774, 19.69582117859273], [73.5561508937861, 19.6956699470927], [73.5560429631771, 19.6956699470927], [73.5560429631771, 19.69582117859273]]]}}, {"type": "Feature", "properties": {"id": 443, "area_m2": 166.7, "perimeter_m": 53.1, "landuse": "Vacant / Unclassified", "building_count": 0, "building_ids": [], "has_unrecorded_building": false, "road_connected": true, "road_distance_m": 44.3, "gps_lat": 19.695881, "gps_lon": 73.556099}, "geometry": {"type": "Polygon", "coordinates": [[[73.5560429631771, 19.69582117859273], [73.5560429631771, 19.69596739833408], [73.55616776562826, 19.69590821876867], [73.5561616023774, 19.69582117859273], [73.5560429631771, 19.69582117859273]]]}}, {"type": "Feature", "properties": {"id": 444, "area_m2": 69.2, "perimeter_m": 70.6, "landuse": "Vacant / Unclassified", "building_count": 0, "building_ids": [], "has_unrecorded_building": false, "road_connected": true, "road_distance_m": 4.0, "gps_lat": 19.694694, "gps_lon": 73.556039}, "geometry": {"type": "Polygon", "coordinates": [[[73.55608949712146, 19.694698496713567], [73.55599558983157, 19.694640943458474], [73.55593851635327, 19.694631086646833], [73.55601145471077, 19.69467686744678], [73.55603179578605, 19.69474389611774], [73.55611033292095, 19.694729107632018], [73.55617044808552, 19.694817425836554], [73.55608949712146, 19.694698496713567]]]}}, {"type": "Feature", "properties": {"id": 445, "area_m2": 122.1, "perimeter_m": 58.3, "landuse": "Vacant / Unclassified", "building_count": 0, "building_ids": [], "has_unrecorded_building": false, "road_connected": true, "road_distance_m": 4.0, "gps_lat": 19.694445, "gps_lon": 73.554674}, "geometry": {"type": "Polygon", "coordinates": [[[73.55453906186315, 19.69438939541442], [73.55472988092457, 19.69452005392825], [73.55475328816773, 19.694426393130268], [73.55453906186315, 19.69438939541442]]]}}, {"type": "Feature", "properties": {"id": 446, "area_m2": 1994.2, "perimeter_m": 218.7, "landuse": "Residential", "building_count": 1, "building_ids": [163], "has_unrecorded_building": false, "road_connected": true, "road_distance_m": 4.0, "gps_lat": 19.700623, "gps_lon": 73.557375}, "geometry": {"type": "Polygon", "coordinates": [[[73.55752369511478, 19.700396039291803], [73.5574132259339, 19.700343789766013], [73.55727465083035, 19.70042207054144], [73.55736900107895, 19.700644146586416], [73.55735387262922, 19.700644146586416], [73.5572881574024, 19.70049978173991], [73.55711736202949, 19.7005533828153], [73.55719925598319, 19.700884485412157], [73.55759416546242, 19.700764258365933], [73.55758786842864, 19.700496443611087], [73.55752369511478, 19.700396039291803]]]}}, {"type": "Feature", "properties": {"id": 447, "area_m2": 658.7, "perimeter_m": 172.8, "landuse": "Vacant / Unclassified", "building_count": 0, "building_ids": [], "has_unrecorded_building": false, "road_connected": true, "road_distance_m": 4.0, "gps_lat": 19.700409, "gps_lon": 73.557213}, "geometry": {"type": "Polygon", "coordinates": [[[73.55729113105383, 19.700286041536742], [73.55706002637616, 19.700321571028798], [73.55711736202949, 19.7005533828153], [73.5572881574024, 19.70049978173991], [73.55735387262922, 19.700644146586416], [73.55736900107895, 19.700644146586416], [73.55727465083035, 19.70042207054144], [73.5574132259339, 19.700343789766013], [73.55752369511478, 19.700396039291803], [73.55729113105383, 19.700286041536742]]]}}, {"type": "Feature", "properties": {"id": 448, "area_m2": 869.5, "perimeter_m": 119.7, "landuse": "Residential", "building_count": 1, "building_ids": [150], "has_unrecorded_building": false, "road_connected": true, "road_distance_m": 4.0, "gps_lat": 19.69996, "gps_lon": 73.557453}, "geometry": {"type": "Polygon", "coordinates": [[[73.55753694978699, 19.69982399810123], [73.55753473528432, 19.69982684195496], [73.55753223537766, 19.699829467754288], [73.55752947414248, 19.699831850211325], [73.55752647817098, 19.699833966381714], [73.55752327631602, 19.699835795885576], [73.5575198994132, 19.69983732110379], [73.55751637998392, 19.699838527347666], [73.55751275192225, 19.699839403000418], [73.55722557156066, 19.699894735835315], [73.55727573980015, 19.699989202267545], [73.55727573980015, 19.699992827109263], [73.55737998347522, 19.700080338178562], [73.55743122956844, 19.700080338178562], [73.5574464883575, 19.70006597208382], [73.55745219328313, 19.70006597208382], [73.55748271086125, 19.700094704273305], [73.55755329988094, 19.700094704273305], [73.55760768305142, 19.7000435027149], [73.55760768305142, 19.69997167224119], [73.55762294184048, 19.699957306146448], [73.55762294184048, 19.69986366409422], [73.55753734496862, 19.699823369521514], [73.55753694978699, 19.69982399810123]]]}}, {"type": "Feature", "properties": {"id": 449, "area_m2": 924.5, "perimeter_m": 141.9, "landuse": "Residential", "building_count": 1, "building_ids": [155], "has_unrecorded_building": false, "road_connected": true, "road_distance_m": 4.0, "gps_lat": 19.700114, "gps_lon": 73.557784}, "geometry": {"type": "Polygon", "coordinates": [[[73.55753514591346, 19.700223999125985], [73.55768772710483, 19.700223999125985], [73.55768772710483, 19.700244628041293], [73.55774513874758, 19.700298680895386], [73.55785931333855, 19.70022091255963], [73.55791675018574, 19.70013929850949], [73.55791253826126, 19.70012343646279], [73.55792791328757, 19.70012343646279], [73.55794217144924, 19.700103176535965], [73.55797389398892, 19.70000379049413], [73.55797389398892, 19.699983306228273], [73.55791951081844, 19.699983306228273], [73.55785925712568, 19.699926577594365], [73.55774876226108, 19.699978592852155], [73.55774876226108, 19.7000264045125], [73.55768772710483, 19.7000264045125], [73.55768772710483, 19.700098731404058], [73.55754697450782, 19.70018707677825], [73.55753451593743, 19.70021006596304], [73.55753514591346, 19.700223999125985]]]}}, {"type": "Feature", "properties": {"id": 450, "area_m2": 1398.9, "perimeter_m": 183.3, "landuse": "Residential", "building_count": 1, "building_ids": [156], "has_unrecorded_building": false, "road_connected": true, "road_distance_m": 4.0, "gps_lat": 19.700113, "gps_lon": 73.557221}, "geometry": {"type": "Polygon", "coordinates": [[[73.55700026586412, 19.69993814689184], [73.55697283558513, 19.699969137502045], [73.55704267368972, 19.700251421767845], [73.55729104939853, 19.7002132370679], [73.55729501450584, 19.70021282635092], [73.55729900348823, 19.7002128075296], [73.5573029727687, 19.700213180809552], [73.55730687898553, 19.70021394211294], [73.5573106794659, 19.70021508312303], [73.55731433269212, 19.700216591375053], [73.55753962900965, 19.70032315164516], [73.55753451593743, 19.70021006596304], [73.55734290971007, 19.700049215284743], [73.55733535838266, 19.700050103978175], [73.55732843181332, 19.700037061298183], [73.55727553434576, 19.699992654633245], [73.55719033650541, 19.7000155727643], [73.55718515256635, 19.700007438331138], [73.55720483739358, 19.699933305556403], [73.55717133999401, 19.699905184970163], [73.55700026586412, 19.69993814689184]]]}}, {"type": "Feature", "properties": {"id": 451, "area_m2": 5636.1, "perimeter_m": 537.0, "landuse": "Vacant / Unclassified", "building_count": 0, "building_ids": [], "has_unrecorded_building": false, "road_connected": true, "road_distance_m": 4.0, "gps_lat": 19.699683, "gps_lon": 73.557433}, "geometry": {"type": "Polygon", "coordinates": [[[73.557996417654, 19.699933224330643], [73.55805536741653, 19.699652511175746], [73.5578591061661, 19.69962812368309], [73.55785564623129, 19.69962754003155], [73.55785225800463, 19.69962665915677], [73.55784897022642, 19.699625488530675], [73.55784581078484, 19.699624038082973], [73.55784280647954, 19.69962232011693], [73.55781286000861, 19.69960336523458], [73.55775278365033, 19.699649374933355], [73.55774948842232, 19.699651634375506], [73.55774595602746, 19.699653550026564], [73.55774222676547, 19.699655100031627], [73.55769262676547, 19.699672800031628], [73.55768919972769, 19.69967385161173], [73.55768568260561, 19.6996745941176], [73.55768210677014, 19.699675020926467], [73.55765407088796, 19.699677106929606], [73.55760027606591, 19.699696710127466], [73.55759657159139, 19.69969785887011], [73.55759276193534, 19.69969864565677], [73.55751166193534, 19.69971134565677], [73.5575079416122, 19.69971175284507], [73.55750419681195, 19.69971181475087], [73.55750046359907, 19.699711530777986], [73.55749677792642, 19.69971090366123], [73.55749317528905, 19.699709939440087], [73.55748969038234, 19.699708647400524], [73.55748635676782, 19.699707039985594], [73.55748320655005, 19.69970513267558], [73.55748027006733, 19.69970294383892], [73.55747757559959, 19.699700494555305], [73.55747514909605, 19.69969780841268], [73.55747301392525, 19.699694911280062], [73.55747119065005, 19.699691831058427], [73.55746969682959, 19.699688597411992], [73.55746854685017, 19.699685241482534], [73.55746775178675, 19.699681795589495], [73.5574673192962, 19.69967829291871], [73.55746725354362, 19.699674767202804], [73.55746755516229, 19.699671252396357], [73.55746822124743, 19.69966778234887], [73.55746924538428, 19.699664390478805], [73.55747061770985, 19.69966110945172], [73.55747232500788, 19.6996579708657], [73.55747435083617, 19.699655004947044], [73.55747667568488, 19.699652240259173], [73.55747927716445, 19.699649703427536], [73.55748213022119, 19.699647418883213], [73.55748520737863, 19.699645408627617], [73.55748847900206, 19.6996436920206], [73.55749191358395, 19.699642285594038], [73.55749547804739, 19.699641202892575], [73.55749913806466, 19.69964045434323], [73.5575763755418, 19.699628359201927], [73.5576317239341, 19.699608189872535], [73.55763522875198, 19.69960709310723], [73.55763882975815, 19.6996063204289], [73.55764249322986, 19.699605879073534], [73.5576706649559, 19.699603782962967], [73.55770940321635, 19.69958995902728], [73.55774722552033, 19.69956099267741], [73.55774683407518, 19.699560649170515], [73.55774418199924, 19.69955777012578], [73.55774186870514, 19.699554642825607], [73.55769403070498, 19.69948204395581], [73.5576384223971, 19.69940571205495], [73.55761378345963, 19.699400138207913], [73.55761158967653, 19.699399576359145], [73.55752491418995, 19.69937474500353], [73.55702756215182, 19.699384575249297], [73.5568466685207, 19.699459051050397], [73.556949445043, 19.69987458416884], [73.55749744807775, 19.69976899699958], [73.55750114983164, 19.699768460370965], [73.5575048896278, 19.699768267934516], [73.55750863144993, 19.6997684215435], [73.5575123392623, 19.699768919718576], [73.5575159773566, 19.69976975766205], [73.55751951069603, 19.699770927304066], [73.55752290525255, 19.699772417380334], [73.55752612833479, 19.699774213540604], [73.55752914890265, 19.699776298486867], [73.55753193786643, 19.699778652139955], [73.55753446836688, 19.699781251832903], [73.55753671603391, 19.699784072529244], [73.55753865922125, 19.69978708706413], [73.55754027921495, 19.699790266405945], [73.55754156041357, 19.699793579935886], [73.55754249047848, 19.69979699574285], [73.55754306045264, 19.69980048093075], [73.5575432648469, 19.69980400193532], [73.55754310169281, 19.699807524847362], [73.55754257256164, 19.699811015739304], [73.55754168254923, 19.69981444099195], [73.55754044022687, 19.699817767618246], [73.5575388575588, 19.69982096358096], [73.55753694978699, 19.69982399810123], [73.55753734496862, 19.699823369521514], [73.55762294184048, 19.69986366409422], [73.55762294184048, 19.699957306146448], [73.55760768305142, 19.69997167224119], [73.55760768305142, 19.7000435027149], [73.55755329988094, 19.700094704273305], [73.55748271086125, 19.700094704273305], [73.55745219328313, 19.70006597208382], [73.5574464883575, 19.70006597208382], [73.55743122956844, 19.700080338178562], [73.55737998347522, 19.700080338178562], [73.55753451593743, 19.70021006596304], [73.55754697450782, 19.70018707677825], [73.55768772710483, 19.700098731404058], [73.55768772710483, 19.7000264045125], [73.55774876226108, 19.7000264045125], [73.55774876226108, 19.699978592852155], [73.55785925712568, 19.699926577594365], [73.55791951081844, 19.699983306228273], [73.55797389398892, 19.699983306228273], [73.55797389398892, 19.70000379049413], [73.55794217144924, 19.700103176535965], [73.557996417654, 19.699933224330643]]]}}, {"type": "Feature", "properties": {"id": 452, "area_m2": 77.3, "perimeter_m": 103.0, "landuse": "Vacant / Unclassified", "building_count": 0, "building_ids": [], "has_unrecorded_building": false, "road_connected": true, "road_distance_m": 4.0, "gps_lat": 19.699959, "gps_lon": 73.557223}, "geometry": {"type": "Polygon", "coordinates": [[[73.55717133999401, 19.699905184970163], [73.55720483739358, 19.699933305556403], [73.55718515256635, 19.700007438331138], [73.55719033650541, 19.7000155727643], [73.55727553434576, 19.699992654633245], [73.55727573980015, 19.699992827109263], [73.55727573980015, 19.699989202267545], [73.55722557156066, 19.699894735835315], [73.55751275192225, 19.699839403000418], [73.55717133999401, 19.699905184970163]]]}}, {"type": "Feature", "properties": {"id": 453, "area_m2": 220.2, "perimeter_m": 113.7, "landuse": "Vacant / Unclassified", "building_count": 0, "building_ids": [], "has_unrecorded_building": false, "road_connected": true, "road_distance_m": 4.0, "gps_lat": 19.70028, "gps_lon": 73.557626}, "geometry": {"type": "Polygon", "coordinates": [[[73.55755974778339, 19.700332667388636], [73.55769524191066, 19.700332667388636], [73.55774513874758, 19.700298680895386], [73.55768772710483, 19.700244628041293], [73.55768772710483, 19.700223999125985], [73.55753514591346, 19.700223999125985], [73.55753962900965, 19.70032315164516], [73.55731433269212, 19.700216591375053], [73.55755974778339, 19.700332667388636]]]}}, {"type": "Feature", "properties": {"id": 454, "area_m2": 1468.9, "perimeter_m": 354.4, "landuse": "Vacant / Unclassified", "building_count": 0, "building_ids": [], "has_unrecorded_building": false, "road_connected": true, "road_distance_m": 4.0, "gps_lat": 19.699348, "gps_lon": 73.557921}, "geometry": {"type": "Polygon", "coordinates": [[[73.5581295780888, 19.699298864221298], [73.55811579131067, 19.69928885289933], [73.55811295704314, 19.699286578773926], [73.55811037166694, 19.69928405541618], [73.55810805979591, 19.699281306849464], [73.55810604343996, 19.699278359241223], [73.55810434179561, 19.699275240653865], [73.5581029710632, 19.69927198077758], [73.55810194429263, 19.699268610647685], [73.55810127125918, 19.69926516234916], [73.55810095837037, 19.699261668711177], [73.55810100860506, 19.699258162994557], [73.55810142148498, 19.69925467857512], [73.5581089345733, 19.69921082092203], [73.5581089345733, 19.69920122876727], [73.55800005252773, 19.699132232611365], [73.55792053142557, 19.699132232611365], [73.55772004160204, 19.699216490998737], [73.5577864, 19.6992187], [73.5578883, 19.69922], [73.557844, 19.6995041], [73.5577072, 19.6993488], [73.5577099, 19.6992894], [73.55771122732644, 19.69921999978872], [73.55770765867733, 19.69922093898149], [73.55770397011436, 19.699221550849504], [73.55770023561259, 19.69922181938035], [73.55769649113729, 19.699221741987927], [73.55769277274983, 19.699221319417568], [73.5576891162603, 19.699220555738854], [73.5576855568827, 19.699219458306434], [73.55768212889578, 19.699218037689175], [73.55767886531292, 19.6992163075684], [73.55767579756422, 19.69921428460612], [73.55767295519375, 19.699211988284567], [73.55767036557512, 19.699209440718572], [73.55766926439092, 19.69920811931508], [73.55766894998482, 19.699218522056405], [73.55766866626314, 19.699221990247967], [73.55766802768741, 19.699225416360314], [73.55766704024191, 19.699228768286503], [73.5576657131802, 19.699232014614818], [73.55766405893851, 19.699235124923117], [73.55766209301916, 19.699238070063938], [73.55765983384525, 19.69924082243764], [73.55765730258804, 19.699243356251063], [73.55765452296859, 19.699245647759213], [73.55765152103537, 19.699247675487804], [73.55764832492025, 19.699249420434498], [73.5576449645748, 19.69925086624697], [73.5575487645748, 19.69928706624697], [73.55754819202782, 19.699287251575228], [73.55754763381836, 19.6992874722953], [73.55754642201454, 19.699287824512442], [73.55754522268114, 19.69928821272576], [73.557544633597, 19.69928834432538], [73.55754405509678, 19.699288512469508], [73.55754281245956, 19.699288751161998], [73.55754157848524, 19.69928902682814], [73.55754097853716, 19.69928910343175], [73.55754038531745, 19.699289217380603], [73.55753912381412, 19.6992893402497], [73.55753786708271, 19.69928950071385], [73.55753726204851, 19.69928952158371], [73.55753665982236, 19.699289580239906], [73.55711979968147, 19.699310793241157], [73.55711955758389, 19.69931087588704], [73.5575293989562, 19.699302775304144], [73.55753341995002, 19.69930289550119], [73.55753740516606, 19.69930341353209], [73.55754131032347, 19.699304323640852], [73.55763272232308, 19.699330511943444], [73.55767051654037, 19.699339061792084], [73.55767435056676, 19.699340131993896], [73.55767804460605, 19.6993415740289], [73.55768155810179, 19.699343372065147], [73.55768485247968, 19.69934550636219], [73.55768789157109, 19.69934795348781], [73.55769064201019, 19.699350686575283], [73.55769307360018, 19.699353675618333], [73.55775747360018, 19.699442075618336], [73.55775843129487, 19.699443457174393], [73.55780239622722, 19.699510178282893], [73.55783199352047, 19.699528879883072], [73.55787796640652, 19.699557978825936], [73.55807019723517, 19.69958186549695], [73.5581295780888, 19.699298864221298]]]}}, {"type": "Feature", "properties": {"id": 455, "area_m2": 596.2, "perimeter_m": 111.0, "landuse": "Residential", "building_count": 1, "building_ids": [105], "has_unrecorded_building": true, "road_connected": true, "road_distance_m": 31.5, "gps_lat": 19.696815, "gps_lon": 73.558729}, "geometry": {"type": "Polygon", "coordinates": [[[73.55872822663875, 19.696919797335276], [73.55874348542781, 19.696905431240534], [73.558789261795, 19.696905431240534], [73.55880452058406, 19.696891065145792], [73.55885890375454, 19.696891065145792], [73.55885890375454, 19.69670783662705], [73.55880452058406, 19.69670783662705], [73.558789261795, 19.696693470532306], [73.5586795483939, 19.696693470532306], [73.5586795483939, 19.696736568816533], [73.55863377202671, 19.696736568816533], [73.55863377202671, 19.69681650256442], [73.55852405862527, 19.696919797335276], [73.55872822663875, 19.696919797335276]]]}}, {"type": "Feature", "properties": {"id": 456, "area_m2": 463.8, "perimeter_m": 88.5, "landuse": "Residential", "building_count": 1, "building_ids": [108], "has_unrecorded_building": false, "road_connected": true, "road_distance_m": 21.1, "gps_lat": 19.697118, "gps_lon": 73.559188}, "geometry": {"type": "Polygon", "coordinates": [[[73.55930140863735, 19.697207119230118], [73.55930140863735, 19.697038256806117], [73.55921650788875, 19.697038256806117], [73.55917358398438, 19.696997844105315], [73.55913066008, 19.697038256806117], [73.55907627690952, 19.697038256806117], [73.55907627690952, 19.697207119230118], [73.55930140863735, 19.697207119230118]]]}}, {"type": "Feature", "properties": {"id": 457, "area_m2": 800.0, "perimeter_m": 137.3, "landuse": "Residential", "building_count": 1, "building_ids": [115], "has_unrecorded_building": true, "road_connected": true, "road_distance_m": 24.3, "gps_lat": 19.697504, "gps_lon": 73.558354}, "geometry": {"type": "Polygon", "coordinates": [[[73.55847743402798, 19.69760765892487], [73.55847743402798, 19.697601266608725], [73.55858714742942, 19.69749797183787], [73.55848033590598, 19.69749797183787], [73.5584898403544, 19.697489023434045], [73.55839253327937, 19.697397409174673], [73.55836201570125, 19.697397409174673], [73.55823704351108, 19.697279748309406], [73.55823704351108, 19.69746297682782], [73.55819411960654, 19.697503389528787], [73.55822463718467, 19.69753212171827], [73.55818605141862, 19.697568450077515], [73.55838969603381, 19.697652468167128], [73.55843041071225, 19.697652468167128], [73.55847743402798, 19.69760765892487]]]}}, {"type": "Feature", "properties": {"id": 458, "area_m2": 875.7, "perimeter_m": 145.2, "landuse": "Residential", "building_count": 1, "building_ids": [119], "has_unrecorded_building": false, "road_connected": true, "road_distance_m": 10.8, "gps_lat": 19.697734, "gps_lon": 73.558227}, "geometry": {"type": "Polygon", "coordinates": [[[73.55841810906857, 19.697664190592977], [73.5583982538417, 19.697655998880034], [73.55837505415734, 19.697655998880034], [73.55837219988868, 19.697645249745527], [73.55819841742452, 19.697573551946725], [73.5581881842492, 19.697602455439423], [73.55814549077671, 19.69762255331443], [73.55814549077671, 19.697670364974776], [73.55799000100808, 19.697670364974776], [73.55809971440952, 19.697773659745632], [73.55809971440952, 19.697942522169303], [73.55821278594658, 19.69783606572592], [73.55837062250454, 19.697817490407328], [73.55837062250454, 19.697795827297682], [73.55838789747312, 19.697799893377802], [73.55841057704018, 19.6977892170126], [73.55841810906857, 19.697664190592977]]]}}, {"type": "Feature", "properties": {"id": 459, "area_m2": 1858.9, "perimeter_m": 227.1, "landuse": "Residential", "building_count": 1, "building_ids": [122], "has_unrecorded_building": false, "road_connected": true, "road_distance_m": 16.5, "gps_lat": 19.697769, "gps_lon": 73.558633}, "geometry": {"type": "Polygon", "coordinates": [[[73.55841810906857, 19.697664190592977], [73.55840173214666, 19.697936036077948], [73.55840512688172, 19.697936835110646], [73.55840147699193, 19.697940271468696], [73.55839805951705, 19.697996999168954], [73.55871022462438, 19.6979130270775], [73.55872022973794, 19.697875347964466], [73.55909134913692, 19.697925263331975], [73.55909410575002, 19.697917699115543], [73.55874927006894, 19.697732178231455], [73.55880558744332, 19.697555436216838], [73.55863041248865, 19.697555436216838], [73.55857285614167, 19.69751672972211], [73.55841810906857, 19.697664190592977]]]}}, {"type": "Feature", "properties": {"id": 460, "area_m2": 1105.7, "perimeter_m": 182.7, "landuse": "Vacant / Unclassified", "building_count": 0, "building_ids": [], "has_unrecorded_building": false, "road_connected": true, "road_distance_m": 4.0, "gps_lat": 19.69639, "gps_lon": 73.558522}, "geometry": {"type": "Polygon", "coordinates": [[[73.5586020669325, 19.696652879515852], [73.5586020669325, 19.69597178137787], [73.558554424705, 19.69598172814537], [73.55836799890105, 19.696652879515852], [73.5586020669325, 19.696652879515852]]]}}, {"type": "Feature", "properties": {"id": 461, "area_m2": 3967.5, "perimeter_m": 319.6, "landuse": "Vacant / Unclassified", "building_count": 0, "building_ids": [], "has_unrecorded_building": false, "road_connected": true, "road_distance_m": 4.0, "gps_lat": 19.697107, "gps_lon": 73.558362}, "geometry": {"type": "Polygon", "coordinates": [[[73.5586020669325, 19.696652879515852], [73.55836799890105, 19.696652879515852], [73.55835852365712, 19.696686991333067], [73.55835707885849, 19.696691143022562], [73.55835510958252, 19.696695098942925], [73.55803286981276, 19.697251622710418], [73.55797785054399, 19.69746136327156], [73.55823704351108, 19.69746136327156], [73.55823704351108, 19.697279748309406], [73.55836201570125, 19.697397409174673], [73.55839253327937, 19.697397409174673], [73.55846046141792, 19.69746136327156], [73.5586020669325, 19.69746136327156], [73.5586020669325, 19.696919797335276], [73.55852405862527, 19.696919797335276], [73.5586020669325, 19.696846352796015], [73.5586020669325, 19.696652879515852]]]}}, {"type": "Feature", "properties": {"id": 462, "area_m2": 68.3, "perimeter_m": 75.1, "landuse": "Vacant / Unclassified", "building_count": 0, "building_ids": [], "has_unrecorded_building": false, "road_connected": true, "road_distance_m": 53.1, "gps_lat": 19.697491, "gps_lon": 73.558544}, "geometry": {"type": "Polygon", "coordinates": [[[73.5586020669325, 19.69746136327156], [73.55846046141792, 19.69746136327156], [73.5584898403544, 19.697489023434045], [73.55848033590598, 19.69749797183787], [73.55858714742942, 19.69749797183787], [73.55847743402798, 19.697601266608725], [73.55847743402798, 19.69760765892487], [73.55857285614167, 19.69751672972211], [73.5586020669325, 19.697536373903514], [73.5586020669325, 19.69746136327156]]]}}, {"type": "Feature", "properties": {"id": 463, "area_m2": 4465.3, "perimeter_m": 474.0, "landuse": "Vacant / Unclassified", "building_count": 0, "building_ids": [], "has_unrecorded_building": false, "road_connected": true, "road_distance_m": 4.0, "gps_lat": 19.697983, "gps_lon": 73.558157}, "geometry": {"type": "Polygon", "coordinates": [[[73.5586020669325, 19.697942121384905], [73.55839805951705, 19.697996999168954], [73.55840147699193, 19.697940271468696], [73.55840512688172, 19.697936835110646], [73.55840173214666, 19.697936036077948], [73.55841057704018, 19.6977892170126], [73.55838789747312, 19.697799893377802], [73.55837062250454, 19.697795827297682], [73.55837062250454, 19.697817490407328], [73.55821278594658, 19.69783606572592], [73.55809971440952, 19.697942522169303], [73.55809971440952, 19.697773659745632], [73.55799000100808, 19.697670364974776], [73.55814549077671, 19.697670364974776], [73.55814549077671, 19.69762255331443], [73.5581881842492, 19.697602455439423], [73.55819841742452, 19.697573551946725], [73.55837219988868, 19.697645249745527], [73.55837505415734, 19.697655998880034], [73.5583982538417, 19.697655998880034], [73.55841810906857, 19.697664190592977], [73.55846720508538, 19.697617406241914], [73.55843041071225, 19.697652468167128], [73.55838969603381, 19.697652468167128], [73.55818605141862, 19.697568450077515], [73.55822463718467, 19.69753212171827], [73.55819411960654, 19.697503389528787], [73.55823704351108, 19.69746297682782], [73.55823704351108, 19.69746136327156], [73.55797785054399, 19.69746136327156], [73.55776576860427, 19.69826984702727], [73.55844378937184, 19.69826984702727], [73.55848144264225, 19.698263352357102], [73.5586020669325, 19.698223904278755], [73.5586020669325, 19.697942121384905]]]}}, {"type": "Feature", "properties": {"id": 464, "area_m2": 407.9, "perimeter_m": 155.0, "landuse": "Vacant / Unclassified", "building_count": 0, "building_ids": [], "has_unrecorded_building": false, "road_connected": true, "road_distance_m": 4.0, "gps_lat": 19.698302, "gps_lon": 73.558004}, "geometry": {"type": "Polygon", "coordinates": [[[73.55776576860427, 19.69826984702727], [73.55774334483179, 19.698355329345137], [73.55810533553077, 19.698328225649895], [73.55844378937184, 19.69826984702727], [73.55776576860427, 19.69826984702727]]]}}, {"type": "Feature", "properties": {"id": 465, "area_m2": 6262.0, "perimeter_m": 317.9, "landuse": "Vacant / Unclassified", "building_count": 0, "building_ids": [], "has_unrecorded_building": false, "road_connected": true, "road_distance_m": 4.0, "gps_lat": 19.696295, "gps_lon": 73.558972}, "geometry": {"type": "Polygon", "coordinates": [[[73.5586020669325, 19.696652879515852], [73.55940651628563, 19.696652879515852], [73.55940228268129, 19.696624485834285], [73.55932488729498, 19.69627640555572], [73.55922595512921, 19.695900543190284], [73.55922580911356, 19.695899968231842], [73.55921220832582, 19.695844395760144], [73.5586020669325, 19.69597178137787], [73.5586020669325, 19.696652879515852]]]}}, {"type": "Feature", "properties": {"id": 466, "area_m2": 6958.5, "perimeter_m": 526.4, "landuse": "Vacant / Unclassified", "building_count": 0, "building_ids": [], "has_unrecorded_building": false, "road_connected": true, "road_distance_m": 4.0, "gps_lat": 19.697078, "gps_lon": 73.559038}, "geometry": {"type": "Polygon", "coordinates": [[[73.5586020669325, 19.69746136327156], [73.5594607890332, 19.69746136327156], [73.5594607890332, 19.697003062321766], [73.5594595926172, 19.697000370385773], [73.55945846185004, 19.696997485235762], [73.55945759725418, 19.69699451962061], [73.55945700516264, 19.69699149526298], [73.55940651628563, 19.696652879515852], [73.5586020669325, 19.696652879515852], [73.5586020669325, 19.696846352796015], [73.55863377202671, 19.69681650256442], [73.55863377202671, 19.696736568816533], [73.5586795483939, 19.696736568816533], [73.5586795483939, 19.696693470532306], [73.558789261795, 19.696693470532306], [73.55880452058406, 19.69670783662705], [73.55885890375454, 19.69670783662705], [73.55885890375454, 19.696891065145792], [73.55880452058406, 19.696891065145792], [73.558789261795, 19.696905431240534], [73.55874348542781, 19.696905431240534], [73.55872822663875, 19.696919797335276], [73.5586020669325, 19.696919797335276], [73.5586020669325, 19.69746136327156]], [[73.55930140863735, 19.697207119230118], [73.55907627690952, 19.697207119230118], [73.55907627690952, 19.697038256806117], [73.55913066008, 19.697038256806117], [73.55917358398438, 19.696997844105315], [73.55921650788875, 19.697038256806117], [73.55930140863735, 19.697038256806117], [73.55930140863735, 19.697207119230118]]]}}, {"type": "Feature", "properties": {"id": 467, "area_m2": 5075.4, "perimeter_m": 415.0, "landuse": "Vacant / Unclassified", "building_count": 0, "building_ids": [], "has_unrecorded_building": false, "road_connected": true, "road_distance_m": 4.0, "gps_lat": 19.697774, "gps_lon": 73.559041}, "geometry": {"type": "Polygon", "coordinates": [[[73.5594607890332, 19.69746136327156], [73.5586020669325, 19.69746136327156], [73.5586020669325, 19.697536373903514], [73.55863041248865, 19.697555436216838], [73.55880558744332, 19.697555436216838], [73.55874927006894, 19.697732178231455], [73.55909410575002, 19.697917699115543], [73.55909134913692, 19.697925263331975], [73.55872022973794, 19.697875347964466], [73.55871022462438, 19.6979130270775], [73.5586020669325, 19.697942121384905], [73.5586020669325, 19.698223904278755], [73.55886364552455, 19.698138359544995], [73.55932115939686, 19.697954916754316], [73.5594607890332, 19.697883337767173], [73.5594607890332, 19.69746136327156]]]}}, {"type": "Feature", "properties": {"id": 468, "area_m2": 1166.0, "perimeter_m": 160.3, "landuse": "Vacant / Unclassified", "building_count": 0, "building_ids": [], "has_unrecorded_building": false, "road_connected": true, "road_distance_m": 4.0, "gps_lat": 19.697311, "gps_lon": 73.559612}, "geometry": {"type": "Polygon", "coordinates": [[[73.5594607890332, 19.69746136327156], [73.55984183553385, 19.69746136327156], [73.5598258462242, 19.69742506553643], [73.55982529637512, 19.697423744154936], [73.55975539152706, 19.69724546268725], [73.55970967662628, 19.697198457771634], [73.55953033185043, 19.697131502388654], [73.55952687304317, 19.697130019443314], [73.55952358804075, 19.697128219971074], [73.55952050941863, 19.697126121816268], [73.55951766770579, 19.697123745785106], [73.55951509108185, 19.69712111543933], [73.55951280509771, 19.697118256862574], [73.5595108324222, 19.69711519840172], [73.5595091926172, 19.697111970385773], [73.5594607890332, 19.697003062321766], [73.5594607890332, 19.69746136327156]]]}}, {"type": "Feature", "properties": {"id": 469, "area_m2": 1551.3, "perimeter_m": 164.6, "landuse": "Vacant / Unclassified", "building_count": 0, "building_ids": [], "has_unrecorded_building": false, "road_connected": true, "road_distance_m": 4.0, "gps_lat": 19.697626, "gps_lon": 73.559649}, "geometry": {"type": "Polygon", "coordinates": [[[73.5594607890332, 19.69746136327156], [73.5594607890332, 19.697883337767173], [73.55980234934648, 19.6977082421219], [73.55980296677804, 19.69770793247819], [73.55992424678922, 19.69764844714112], [73.55984183553385, 19.69746136327156], [73.5594607890332, 19.69746136327156]]]}}, {"type": "Feature", "properties": {"id": 470, "area_m2": 1242.4, "perimeter_m": 227.0, "landuse": "Residential", "building_count": 1, "building_ids": [97], "has_unrecorded_building": true, "road_connected": true, "road_distance_m": 41.2, "gps_lat": 19.696254, "gps_lon": 73.557787}, "geometry": {"type": "Polygon", "coordinates": [[[73.55751697854714, 19.69635951964033], [73.55765773679148, 19.69635951964033], [73.55767826547338, 19.69638851116002], [73.55768772710483, 19.69639296520593], [73.55768772710483, 19.69663484076613], [73.55781105356964, 19.696402617924555], [73.55785182367642, 19.696402617924555], [73.55785182367642, 19.69630981917017], [73.55788234125454, 19.6963026361228], [73.55788234125454, 19.696250853702956], [73.55792526515908, 19.696210441001988], [73.55789474758096, 19.696181708812503], [73.55810959945659, 19.695979426548288], [73.5580938462103, 19.695958848768512], [73.55773350347202, 19.69612847946124], [73.55773350347202, 19.696154777548063], [73.55762669194858, 19.69617153799193], [73.55762669194858, 19.696256224869472], [73.55751697854714, 19.69635951964033]]]}}, {"type": "Feature", "properties": {"id": 471, "area_m2": 492.0, "perimeter_m": 90.2, "landuse": "Residential", "building_count": 1, "building_ids": [103], "has_unrecorded_building": true, "road_connected": true, "road_distance_m": 4.0, "gps_lat": 19.696727, "gps_lon": 73.558136}, "geometry": {"type": "Polygon", "coordinates": [[[73.55823329340298, 19.696755338168398], [73.55823329340298, 19.696607273963853], [73.5580691968314, 19.696607273963853], [73.5580691968314, 19.696679104437564], [73.55803867925327, 19.696679104437564], [73.55803867925327, 19.696847966861565], [73.55817965930771, 19.696847966861565], [73.55823329340298, 19.696755338168398]]]}}, {"type": "Feature", "properties": {"id": 472, "area_m2": 1465.4, "perimeter_m": 245.7, "landuse": "Residential", "building_count": 1, "building_ids": [113], "has_unrecorded_building": true, "road_connected": true, "road_distance_m": 4.0, "gps_lat": 19.697334, "gps_lon": 73.557797}, "geometry": {"type": "Polygon", "coordinates": [[[73.55795994786585, 19.697229884451488], [73.55796086663536, 19.697226931474326], [73.55796205037946, 19.697224063331934], [73.55796349041748, 19.697221301057077], [73.55797813004685, 19.697196017704574], [73.55792709487362, 19.697180001227537], [73.55788112376797, 19.697071797153075], [73.55782404389565, 19.697098667399796], [73.55779061512939, 19.697004248212014], [73.55776402105015, 19.69700831135733], [73.55776402105015, 19.697126923045825], [73.55774876226108, 19.697134106093195], [73.55774876226108, 19.69718758952215], [73.55770787514996, 19.697120223154332], [73.557661344136, 19.697251649498636], [73.55758727480982, 19.6972981401672], [73.5576422656732, 19.697305536409925], [73.55763764147854, 19.697318597397608], [73.55766610623948, 19.697385596071438], [73.557627473412, 19.69745834140627], [73.55774963855868, 19.697573359450246], [73.55780979741733, 19.6974884004283], [73.55780979741733, 19.697768780773835], [73.55781826963046, 19.697769980189946], [73.55795994786585, 19.697229884451488]]]}}, {"type": "Feature", "properties": {"id": 473, "area_m2": 3604.3, "perimeter_m": 352.4, "landuse": "Residential", "building_count": 1, "building_ids": [129], "has_unrecorded_building": true, "road_connected": true, "road_distance_m": 4.0, "gps_lat": 19.698126, "gps_lon": 73.557323}, "geometry": {"type": "Polygon", "coordinates": [[[73.55707569773124, 19.69789105190884], [73.55718577215407, 19.69792066181489], [73.55718357011024, 19.697928954680137], [73.55707747550449, 19.697928954680137], [73.55708314153517, 19.698049756511903], [73.55711227700422, 19.69807261562756], [73.55708421370807, 19.69807261562756], [73.55709479100423, 19.69829812742308], [73.5571122062055, 19.698301771056197], [73.55713239070667, 19.69852981467479], [73.55715930003907, 19.698521747182625], [73.55720750807846, 19.698505571097414], [73.55726911252175, 19.69842823728321], [73.55741597077937, 19.69842823728321], [73.55742082171798, 19.698423670142045], [73.55742624202635, 19.69843217547659], [73.5576253873284, 19.698365352776136], [73.55762859546286, 19.698364423811665], [73.55763187788105, 19.698363763814346], [73.557635209196, 19.698363377888754], [73.5576631516574, 19.698361309944858], [73.55767492675687, 19.69831642174426], [73.55764110250755, 19.698284576335787], [73.55768328046338, 19.698284576335787], [73.55768399315966, 19.698281859445473], [73.55758469375687, 19.698188369416716], [73.55773292342495, 19.69809533095228], [73.55773511359992, 19.6980869817223], [73.55745092393381, 19.6980869817223], [73.55744226467539, 19.698076790896668], [73.55750928579019, 19.69799265738025], [73.5573883155435, 19.697947100160267], [73.55734231478289, 19.69762227853655], [73.55730016069157, 19.697599009185662], [73.55724184060543, 19.697736279561354], [73.55722672626504, 19.69772204946452], [73.55707286669265, 19.697830693137927], [73.55707569773124, 19.69789105190884]]]}}, {"type": "Feature", "properties": {"id": 474, "area_m2": 3890.2, "perimeter_m": 274.6, "landuse": "Vacant / Unclassified", "building_count": 0, "building_ids": [], "has_unrecorded_building": false, "road_connected": true, "road_distance_m": 4.0, "gps_lat": 19.696001, "gps_lon": 73.557487}, "geometry": {"type": "Polygon", "coordinates": [[[73.55785807481523, 19.695614910180776], [73.55699935271453, 19.69602261823459], [73.55701037866525, 19.696050592371577], [73.55706747612741, 19.696195285940323], [73.5570686370552, 19.69619875703878], [73.55706941912412, 19.696202320889782], [73.55706981431261, 19.696205940939343], [73.55706981856726, 19.696209580057065], [73.55706760662204, 19.69625156700662], [73.55762669194858, 19.69625156700662], [73.55762669194858, 19.69617153799193], [73.55773350347202, 19.696154777548063], [73.55773350347202, 19.69612847946124], [73.55785807481523, 19.69606983772659], [73.55785807481523, 19.695614910180776]]]}}, {"type": "Feature", "properties": {"id": 475, "area_m2": 7015.6, "perimeter_m": 436.4, "landuse": "Vacant / Unclassified", "building_count": 0, "building_ids": [], "has_unrecorded_building": false, "road_connected": true, "road_distance_m": 4.0, "gps_lat": 19.696683, "gps_lon": 73.557428}, "geometry": {"type": "Polygon", "coordinates": [[[73.55785807481523, 19.697060050762325], [73.55785807481523, 19.69630834781402], [73.55785182367642, 19.69630981917017], [73.55785182367642, 19.696402617924555], [73.55781105356964, 19.696402617924555], [73.55768772710483, 19.69663484076613], [73.55768772710483, 19.69639296520593], [73.55767826547338, 19.69638851116002], [73.55765773679148, 19.69635951964033], [73.55751697854714, 19.69635951964033], [73.55762669194858, 19.696256224869472], [73.55762669194858, 19.69625156700662], [73.55706760662204, 19.69625156700662], [73.55703120720032, 19.696942497632154], [73.55703672085546, 19.697060050762325], [73.55776402105015, 19.697060050762325], [73.55776402105015, 19.69700831135733], [73.55779061512939, 19.697004248212014], [73.55781037181715, 19.697060050762325], [73.55785807481523, 19.697060050762325]]]}}, {"type": "Feature", "properties": {"id": 476, "area_m2": 5860.8, "perimeter_m": 423.1, "landuse": "Vacant / Unclassified", "building_count": 0, "building_ids": [], "has_unrecorded_building": false, "road_connected": true, "road_distance_m": 4.0, "gps_lat": 19.69745, "gps_lon": 73.557409}, "geometry": {"type": "Polygon", "coordinates": [[[73.5577924168005, 19.697868534518033], [73.55781826963046, 19.697769980189946], [73.55780979741733, 19.697768780773835], [73.55780979741733, 19.6974884004283], [73.55774963855868, 19.697573359450246], [73.557627473412, 19.69745834140627], [73.55766610623948, 19.697385596071438], [73.55763764147854, 19.697318597397608], [73.5576422656732, 19.697305536409925], [73.55758727480982, 19.6972981401672], [73.557661344136, 19.697251649498636], [73.55770787514996, 19.697120223154332], [73.55774876226108, 19.69718758952215], [73.55774876226108, 19.697134106093195], [73.55776402105015, 19.697126923045825], [73.55776402105015, 19.697060050762325], [73.55703672085546, 19.697060050762325], [73.55707286669265, 19.697830693137927], [73.55722672626504, 19.69772204946452], [73.55724184060543, 19.697736279561354], [73.55730016069157, 19.697599009185662], [73.55734231478289, 19.69762227853655], [73.5573771891928, 19.697868534518033], [73.5577924168005, 19.697868534518033]]]}}, {"type": "Feature", "properties": {"id": 477, "area_m2": 837.1, "perimeter_m": 134.0, "landuse": "Vacant / Unclassified", "building_count": 0, "building_ids": [], "has_unrecorded_building": false, "road_connected": true, "road_distance_m": 4.0, "gps_lat": 19.697968, "gps_lon": 73.557597}, "geometry": {"type": "Polygon", "coordinates": [[[73.5573771891928, 19.697868534518033], [73.5573883155435, 19.697947100160267], [73.55750928579019, 19.69799265738025], [73.55744226467539, 19.698076790896668], [73.55745092393381, 19.6980869817223], [73.55773511359992, 19.6980869817223], [73.5577924168005, 19.697868534518033], [73.5573771891928, 19.697868534518033]]]}}, {"type": "Feature", "properties": {"id": 478, "area_m2": 4796.3, "perimeter_m": 328.0, "landuse": "Vacant / Unclassified", "building_count": 0, "building_ids": [], "has_unrecorded_building": false, "road_connected": true, "road_distance_m": 4.0, "gps_lat": 19.695868, "gps_lon": 73.558175}, "geometry": {"type": "Polygon", "coordinates": [[[73.55840057361343, 19.69625156700662], [73.55848450510881, 19.695949405304972], [73.55841584864913, 19.695512719407972], [73.55835697172665, 19.69544308325091], [73.55829415652697, 19.695451211437927], [73.55799972815764, 19.695547655351188], [73.55785807481523, 19.695614910180776], [73.55785807481523, 19.69606983772659], [73.5580938462103, 19.695958848768512], [73.55810959945659, 19.695979426548288], [73.55789474758096, 19.696181708812503], [73.55792526515908, 19.696210441001988], [73.55788234125454, 19.696250853702956], [73.55788234125454, 19.69625156700662], [73.55840057361343, 19.69625156700662]]]}}, {"type": "Feature", "properties": {"id": 479, "area_m2": 3275.9, "perimeter_m": 331.5, "landuse": "Vacant / Unclassified", "building_count": 0, "building_ids": [], "has_unrecorded_building": false, "road_connected": true, "road_distance_m": 4.0, "gps_lat": 19.69658, "gps_lon": 73.558062}, "geometry": {"type": "Polygon", "coordinates": [[[73.55785807481523, 19.697060050762325], [73.55805685796238, 19.697060050762325], [73.55817965930771, 19.696847966861565], [73.55803867925327, 19.696847966861565], [73.55803867925327, 19.696679104437564], [73.5580691968314, 19.696679104437564], [73.5580691968314, 19.696607273963853], [73.55823329340298, 19.696607273963853], [73.55823329340298, 19.696755338168398], [73.55828585695009, 19.69666455836398], [73.55840057361343, 19.69625156700662], [73.55788234125454, 19.69625156700662], [73.55788234125454, 19.6963026361228], [73.55785807481523, 19.69630834781402], [73.55785807481523, 19.697060050762325]]]}}, {"type": "Feature", "properties": {"id": 480, "area_m2": 178.6, "perimeter_m": 61.9, "landuse": "Vacant / Unclassified", "building_count": 0, "building_ids": [], "has_unrecorded_building": false, "road_connected": true, "road_distance_m": 4.0, "gps_lat": 19.697111, "gps_lon": 73.55796}, "geometry": {"type": "Polygon", "coordinates": [[[73.55785807481523, 19.697060050762325], [73.55785807481523, 19.697082647405917], [73.55788112376797, 19.697071797153075], [73.55792709487362, 19.697180001227537], [73.55797813004685, 19.697196017704574], [73.55805685796238, 19.697060050762325], [73.55785807481523, 19.697060050762325]]]}}, {"type": "Feature", "properties": {"id": 481, "area_m2": 29.2, "perimeter_m": 28.3, "landuse": "Vacant / Unclassified", "building_count": 0, "building_ids": [], "has_unrecorded_building": false, "road_connected": true, "road_distance_m": 4.0, "gps_lat": 19.697916, "gps_lon": 73.557119}, "geometry": {"type": "Polygon", "coordinates": [[[73.55707747550449, 19.697928954680137], [73.55718357011024, 19.697928954680137], [73.55718577215407, 19.69792066181489], [73.55707569773124, 19.69789105190884], [73.55707747550449, 19.697928954680137]]]}}, {"type": "Feature", "properties": {"id": 482, "area_m2": 60.1, "perimeter_m": 56.9, "landuse": "Vacant / Unclassified", "building_count": 0, "building_ids": [], "has_unrecorded_building": false, "road_connected": true, "road_distance_m": 4.0, "gps_lat": 19.698425, "gps_lon": 73.557112}, "geometry": {"type": "Polygon", "coordinates": [[[73.55710602864909, 19.698537718092446], [73.55713239070667, 19.69852981467479], [73.5571122062055, 19.698301771056197], [73.55709479100423, 19.69829812742308], [73.55710602864909, 19.698537718092446]]]}}, {"type": "Feature", "properties": {"id": 483, "area_m2": 76.1, "perimeter_m": 52.3, "landuse": "Vacant / Unclassified", "building_count": 0, "building_ids": [], "has_unrecorded_building": false, "road_connected": true, "road_distance_m": 4.0, "gps_lat": 19.698454, "gps_lon": 73.557305}, "geometry": {"type": "Polygon", "coordinates": [[[73.55742624202635, 19.69843217547659], [73.55742082171798, 19.698423670142045], [73.55741597077937, 19.69842823728321], [73.55726911252175, 19.69842823728321], [73.55720750807846, 19.698505571097414], [73.55742624202635, 19.69843217547659]]]}}, {"type": "Feature", "properties": {"id": 484, "area_m2": 134.7, "perimeter_m": 54.8, "landuse": "Vacant / Unclassified", "building_count": 0, "building_ids": [], "has_unrecorded_building": false, "road_connected": true, "road_distance_m": 4.0, "gps_lat": 19.698189, "gps_lon": 73.557667}, "geometry": {"type": "Polygon", "coordinates": [[[73.55773292342495, 19.69809533095228], [73.55758469375687, 19.698188369416716], [73.55768399315966, 19.698281859445473], [73.55773292342495, 19.69809533095228]]]}}, {"type": "Feature", "properties": {"id": 485, "area_m2": 1563.0, "perimeter_m": 185.6, "landuse": "Residential", "building_count": 1, "building_ids": [80], "has_unrecorded_building": true, "road_connected": true, "road_distance_m": 4.0, "gps_lat": 19.695527, "gps_lon": 73.558878}, "geometry": {"type": "Polygon", "coordinates": [[[73.55910572334331, 19.695364240205272], [73.55905675681062, 19.695367705354336], [73.5590035074318, 19.695376061037283], [73.5590011594161, 19.695371639740724], [73.55888383568077, 19.695379942232435], [73.5588752736189, 19.69539606453304], [73.55881095262637, 19.695389335868377], [73.55880742426149, 19.695385349537045], [73.55879613750125, 19.695386148252098], [73.55862404393301, 19.695408461242856], [73.5586795483939, 19.695460718492136], [73.5586795483939, 19.69553946957681], [73.55852446302559, 19.69561247573363], [73.55890468012173, 19.695701968989], [73.55890468012173, 19.695672679200026], [73.55894060350958, 19.695706500939842], [73.55914255297469, 19.695548055363716], [73.55910572334331, 19.695364240205272]]]}}, {"type": "Feature", "properties": {"id": 486, "area_m2": 1846.8, "perimeter_m": 322.5, "landuse": "Vacant / Unclassified", "building_count": 0, "building_ids": [], "has_unrecorded_building": false, "road_connected": true, "road_distance_m": 4.0, "gps_lat": 19.695697, "gps_lon": 73.558778}, "geometry": {"type": "Polygon", "coordinates": [[[73.55848428816319, 19.69547859308028], [73.55848626135126, 19.695481877903536], [73.55848785774272, 19.69548533944907], [73.55848905972947, 19.69548893953636], [73.55848985405373, 19.695492638456756], [73.55855515239614, 19.695907965220833], [73.55919509381775, 19.695774357938664], [73.55915500336133, 19.695610044692277], [73.55915469603327, 19.695608660864053], [73.55910572334331, 19.695364240205272], [73.55914255297469, 19.695548055363716], [73.55894060350958, 19.695706500939842], [73.55890468012173, 19.695672679200026], [73.55890468012173, 19.695701968989], [73.55852446302559, 19.69561247573363], [73.5586795483939, 19.69553946957681], [73.5586795483939, 19.695460718492136], [73.55862404393301, 19.695408461242856], [73.5584448995916, 19.69543168840977], [73.55848195994254, 19.69547552121062], [73.55848428816319, 19.69547859308028]]]}}, {"type": "Feature", "properties": {"id": 487, "area_m2": 5938.3, "perimeter_m": 479.3, "landuse": "Vacant / Unclassified", "building_count": 0, "building_ids": [], "has_unrecorded_building": false, "road_connected": true, "road_distance_m": 4.0, "gps_lat": 19.695435, "gps_lon": 73.560067}, "geometry": {"type": "Polygon", "coordinates": [[[73.55922956476284, 19.69559464437521], [73.5592698165003, 19.695759618642043], [73.55948361393172, 19.695719994965035], [73.55961661820825, 19.695689633418123], [73.55964716556811, 19.695605034429576], [73.55964848890727, 19.695601869639315], [73.55965012413994, 19.69559883682721], [73.55965205661506, 19.695595963166042], [73.55965426901845, 19.695593274402672], [73.55965674152786, 19.695590794627343], [73.55965945199057, 19.695588546057856], [73.55966237612192, 19.695586548840495], [73.55966548772287, 19.69558482086953], [73.55966875891473, 19.69558337762689], [73.55967216038889, 19.695582232043456], [73.55967566166953, 19.695581394383193], [73.55967923138657, 19.69558087215121], [73.56007080366737, 19.69554134560948], [73.56048567947458, 19.69548424528183], [73.56049024546601, 19.69548387862871], [73.5607682921222, 19.695477329349874], [73.56110245851495, 19.695433707867142], [73.56110483266558, 19.69543346894084], [73.56112871767591, 19.695431774675402], [73.56113766132937, 19.69522025727132], [73.55918231367502, 19.69535881616109], [73.55922956476284, 19.69559464437521]]]}}, {"type": "Feature", "properties": {"id": 488, "area_m2": 2882.3, "perimeter_m": 345.1, "landuse": "Government", "building_count": 1, "building_ids": [101], "has_unrecorded_building": false, "road_connected": true, "road_distance_m": 4.0, "gps_lat": 19.696472, "gps_lon": 73.559823}, "geometry": {"type": "Polygon", "coordinates": [[[73.5593991448708, 19.696259756809717], [73.55939945567208, 19.69626103742851], [73.55941411274055, 19.696326956557826], [73.55951860652183, 19.69665489161557], [73.55970457366624, 19.696679904100453], [73.55975649810576, 19.696621240093926], [73.5600414551476, 19.696728554503835], [73.56000980938975, 19.69657958267078], [73.56002807617188, 19.696565250912997], [73.56013087908485, 19.696645908055448], [73.56028475634199, 19.696452741547013], [73.56016193181537, 19.69643346840571], [73.56019703559397, 19.69633431816375], [73.56001214054844, 19.69633431816375], [73.5600093309772, 19.696322414758498], [73.5597095214149, 19.69620950691086], [73.55975308081433, 19.696414561996313], [73.55966236348519, 19.696446590760356], [73.5596288099176, 19.696499241698017], [73.55962847860833, 19.69649917931272], [73.55941955062964, 19.69615494567355], [73.5593761696792, 19.696172469628724], [73.5593991448708, 19.696259756809717]]]}}, {"type": "Feature", "properties": {"id": 489, "area_m2": 1215.6, "perimeter_m": 172.8, "landuse": "Government", "building_count": 1, "building_ids": [110], "has_unrecorded_building": true, "road_connected": true, "road_distance_m": 4.0, "gps_lat": 19.697096, "gps_lon": 73.559908}, "geometry": {"type": "Polygon", "coordinates": [[[73.55974596814957, 19.697134697611347], [73.5597491127613, 19.69713602935699], [73.5597521168751, 19.69713762287693], [73.55975495597013, 19.697139465164177], [73.55975760687248, 19.697141541181196], [73.55976004794435, 19.697143833982643], [73.55981674794435, 19.697202133982646], [73.55981911036427, 19.697204812872265], [73.55982118630047, 19.697207694458935], [73.55982295626048, 19.697210751685365], [73.55982440362489, 19.697213955845065], [73.55983764899075, 19.697247736095395], [73.55990544867763, 19.69723861707252], [73.56001297453832, 19.697306107211947], [73.56004382638841, 19.697160872685274], [73.56005574128719, 19.69714965485115], [73.56018339106637, 19.69714965485115], [73.56006932532392, 19.696988566124904], [73.55996704101562, 19.69696449104828], [73.55988124262173, 19.696984685767706], [73.55988124262173, 19.696891863751382], [73.55975627043156, 19.697009524616632], [73.55964085210483, 19.697009524616632], [73.55964085210483, 19.697095454287986], [73.55974596814957, 19.697134697611347]]]}}, {"type": "Feature", "properties": {"id": 490, "area_m2": 5449.3, "perimeter_m": 350.4, "landuse": "Government", "building_count": 0, "building_ids": [], "has_unrecorded_building": false, "road_connected": true, "road_distance_m": 4.0, "gps_lat": 19.69598, "gps_lon": 73.559782}, "geometry": {"type": "GeometryCollection", "geometries": [{"type": "Polygon", "coordinates": [[[73.56014566220696, 19.696312543707947], [73.56014566220696, 19.69560367169559], [73.56008112052542, 19.69561255471817], [73.56007966861344, 19.69561272784879], [73.5597115927599, 19.695649882587002], [73.5596821344319, 19.695731465570425], [73.55968071925673, 19.69573482124772], [73.55967895354691, 19.695738026276207], [73.55967685512948, 19.695741048297087], [73.55967444519062, 19.695743856799247], [73.55967174806172, 19.695746423427323], [73.55966879097366, 19.69574872226796], [73.55966560378201, 19.69575073011147], [73.55966221866545, 19.695752426686145], [73.55965866980102, 19.695753794862917], [73.55965499301898, 19.69575482082832], [73.55950079301898, 19.69579002082832], [73.55949917137185, 19.695790356024936], [73.55928694010626, 19.695829689440043], [73.55930012039047, 19.69588354372349], [73.5593991448708, 19.696259756809717], [73.5593761696792, 19.696172469628724], [73.55941955062964, 19.69615494567355], [73.55951520263753, 19.696312543707947], [73.5597314092944, 19.696312543707947], [73.5597095214149, 19.69620950691086], [73.55998311990855, 19.696312543707947], [73.56014566220696, 19.696312543707947]]]}, {"type": "LineString", "coordinates": [[73.5594109080543, 19.696312543707947], [73.55939945567208, 19.69626103742851]]}]}}, {"type": "Feature", "properties": {"id": 491, "area_m2": 35.9, "perimeter_m": 37.8, "landuse": "Government", "building_count": 0, "building_ids": [], "has_unrecorded_building": false, "road_connected": true, "road_distance_m": 62.7, "gps_lat": 19.696323, "gps_lon": 73.560075}, "geometry": {"type": "Polygon", "coordinates": [[[73.56014566220696, 19.696312543707947], [73.55998311990855, 19.696312543707947], [73.5600093309772, 19.696322414758498], [73.56001214054844, 19.69633431816375], [73.56014566220696, 19.69633431816375], [73.56014566220696, 19.696312543707947]]]}}, {"type": "Feature", "properties": {"id": 492, "area_m2": 2613.1, "perimeter_m": 367.5, "landuse": "Government", "building_count": 0, "building_ids": [], "has_unrecorded_building": false, "road_connected": true, "road_distance_m": 4.0, "gps_lat": 19.696821, "gps_lon": 73.559817}, "geometry": {"type": "Polygon", "coordinates": [[[73.56014566220696, 19.696627350380755], [73.56013087908485, 19.696645908055448], [73.56002807617188, 19.696565250912997], [73.56000980938975, 19.69657958267078], [73.5600414551476, 19.696728554503835], [73.55975649810576, 19.696621240093926], [73.55970457366624, 19.696679904100453], [73.55951860652183, 19.69665489161557], [73.55941411274055, 19.696326956557826], [73.5594109080543, 19.696312543707947], [73.55947725567208, 19.69661093742851], [73.55947769483735, 19.69661330473702], [73.55953190972886, 19.696976909892896], [73.55957340488413, 19.697070273992257], [73.55964085210483, 19.697095454287986], [73.55964085210483, 19.697009524616632], [73.55975627043156, 19.697009524616632], [73.55988124262173, 19.696891863751382], [73.55988124262173, 19.696984685767706], [73.55996704101562, 19.69696449104828], [73.56006932532392, 19.696988566124904], [73.56014566220696, 19.697096372474043], [73.56014566220696, 19.696627350380755]]]}}, {"type": "Feature", "properties": {"id": 493, "area_m2": 298.9, "perimeter_m": 75.2, "landuse": "Government", "building_count": 0, "building_ids": [], "has_unrecorded_building": false, "road_connected": true, "road_distance_m": 14.7, "gps_lat": 19.696379, "gps_lon": 73.559644}, "geometry": {"type": "Polygon", "coordinates": [[[73.55951520263753, 19.696312543707947], [73.55962847860833, 19.69649917931272], [73.5596288099176, 19.696499241698017], [73.55966236348519, 19.696446590760356], [73.55975308081433, 19.696414561996313], [73.5597314092944, 19.696312543707947], [73.55951520263753, 19.696312543707947]]]}}, {"type": "Feature", "properties": {"id": 494, "area_m2": 1024.4, "perimeter_m": 154.0, "landuse": "Vacant / Unclassified", "building_count": 0, "building_ids": [], "has_unrecorded_building": false, "road_connected": true, "road_distance_m": 4.0, "gps_lat": 19.697378, "gps_lon": 73.560029}, "geometry": {"type": "Polygon", "coordinates": [[[73.56014566220696, 19.69714965485115], [73.56005574128719, 19.69714965485115], [73.56004382638841, 19.697160872685274], [73.56001297453832, 19.697306107211947], [73.55990544867763, 19.69723861707252], [73.55983764899075, 19.697247736095395], [73.55989664256087, 19.697398190041827], [73.55999219854533, 19.6976151140924], [73.56014566220696, 19.697539826230386], [73.56014566220696, 19.69714965485115]]]}}, {"type": "Feature", "properties": {"id": 495, "area_m2": 7554.0, "perimeter_m": 347.9, "landuse": "Vacant / Unclassified", "building_count": 0, "building_ids": [], "has_unrecorded_building": false, "road_connected": true, "road_distance_m": 4.0, "gps_lat": 19.695935, "gps_lon": 73.560582}, "geometry": {"type": "Polygon", "coordinates": [[[73.56014566220696, 19.696312543707947], [73.56100438430767, 19.696312543707947], [73.56100438430767, 19.695519062992464], [73.56077664148503, 19.695548792132858], [73.56077235453398, 19.69554912137129], [73.56049444924086, 19.695555667320377], [73.56014566220696, 19.69560367169559], [73.56014566220696, 19.696312543707947]]]}}, {"type": "Feature", "properties": {"id": 496, "area_m2": 7859.8, "perimeter_m": 377.3, "landuse": "Vacant / Unclassified", "building_count": 0, "building_ids": [], "has_unrecorded_building": false, "road_connected": true, "road_distance_m": 4.0, "gps_lat": 19.696721, "gps_lon": 73.560583}, "geometry": {"type": "Polygon", "coordinates": [[[73.56100438430767, 19.696312543707947], [73.56014566220696, 19.696312543707947], [73.56014566220696, 19.69633431816375], [73.56019703559397, 19.69633431816375], [73.56016193181537, 19.69643346840571], [73.56028475634199, 19.696452741547013], [73.56014566220696, 19.696627350380755], [73.56014566220696, 19.697096372474043], [73.5601631202238, 19.697121027463652], [73.56097143102245, 19.697121027463652], [73.56100438430767, 19.696915794853208], [73.56100438430767, 19.696312543707947]]]}}, {"type": "Feature", "properties": {"id": 497, "area_m2": 2572.6, "perimeter_m": 242.8, "landuse": "Vacant / Unclassified", "building_count": 0, "building_ids": [], "has_unrecorded_building": false, "road_connected": true, "road_distance_m": 4.0, "gps_lat": 19.697268, "gps_lon": 73.560489}, "geometry": {"type": "Polygon", "coordinates": [[[73.56014566220696, 19.697539826230386], [73.56018376362562, 19.697521134024562], [73.56018694789188, 19.69751974322942], [73.56054104789189, 19.697383343229422], [73.5605455996383, 19.697381897426133], [73.5609457941771, 19.697280693386507], [73.56097143102245, 19.697121027463652], [73.5601631202238, 19.697121027463652], [73.56018339106637, 19.69714965485115], [73.56014566220696, 19.69714965485115], [73.56014566220696, 19.697539826230386]]]}}, {"type": "Feature", "properties": {"id": 498, "area_m2": 973.3, "perimeter_m": 200.4, "landuse": "Vacant / Unclassified", "building_count": 0, "building_ids": [], "has_unrecorded_building": false, "road_connected": true, "road_distance_m": 4.0, "gps_lat": 19.69589, "gps_lon": 73.561057}, "geometry": {"type": "Polygon", "coordinates": [[[73.56100438430767, 19.696312543707947], [73.5610916451066, 19.696312543707947], [73.56110206456357, 19.69606427579159], [73.56112566732952, 19.69550405995224], [73.56111175838075, 19.69550504657317], [73.56100438430767, 19.695519062992464], [73.56100438430767, 19.696312543707947]]]}}, {"type": "Feature", "properties": {"id": 499, "area_m2": 336.3, "perimeter_m": 144.1, "landuse": "Vacant / Unclassified", "building_count": 0, "building_ids": [], "has_unrecorded_building": false, "road_connected": true, "road_distance_m": 4.0, "gps_lat": 19.696516, "gps_lon": 73.561036}, "geometry": {"type": "Polygon", "coordinates": [[[73.56100438430767, 19.696312543707947], [73.56100438430767, 19.696915794853208], [73.56108824770399, 19.69639349476573], [73.5610916451066, 19.696312543707947], [73.56100438430767, 19.696312543707947]]]}}, {"type": "Feature", "properties": {"id": 500, "area_m2": 904.0, "perimeter_m": 148.1, "landuse": "Residential", "building_count": 1, "building_ids": [93], "has_unrecorded_building": true, "road_connected": true, "road_distance_m": 4.0, "gps_lat": 19.696153, "gps_lon": 73.562567}, "geometry": {"type": "Polygon", "coordinates": [[[73.56264858777504, 19.696257462569818], [73.5627190468619, 19.696249459852762], [73.56274989496548, 19.696234938163766], [73.56274989496548, 19.69606438073357], [73.56264308344204, 19.696081141177437], [73.56264308344204, 19.69595806759312], [73.56254577636719, 19.69604968185233], [73.56254292390437, 19.696046996268905], [73.56237667353503, 19.696046996268905], [73.56243321050327, 19.69615345497137], [73.56243321050327, 19.696157211650725], [73.56241970047031, 19.696163571474326], [73.5623565788339, 19.696282429059323], [73.56264858777504, 19.696257462569818]]]}}, {"type": "Feature", "properties": {"id": 501, "area_m2": 1790.3, "perimeter_m": 237.8, "landuse": "Residential", "building_count": 1, "building_ids": [99], "has_unrecorded_building": true, "road_connected": true, "road_distance_m": 4.0, "gps_lat": 19.696225, "gps_lon": 73.561488}, "geometry": {"type": "Polygon", "coordinates": [[[73.56130469171393, 19.69609004485579], [73.56130194925912, 19.69609033233725], [73.56117699178262, 19.696099139912686], [73.56116578320956, 19.69636621037312], [73.56126702964377, 19.696380715592923], [73.56139694203382, 19.696369401167978], [73.56137004878147, 19.696323825348205], [73.56140976056079, 19.696249048354858], [73.56147968622162, 19.696256363327848], [73.56159412847946, 19.696352138414117], [73.56180137164681, 19.696332630902557], [73.561950691416, 19.696290455695685], [73.56194819895924, 19.696215708441766], [73.56164100399246, 19.69619346052248], [73.56158614415402, 19.69609876823326], [73.5616238333361, 19.69604554189023], [73.56130469171393, 19.69609004485579]]]}}, {"type": "Feature", "properties": {"id": 502, "area_m2": 4950.1, "perimeter_m": 551.6, "landuse": "Vacant / Unclassified", "building_count": 0, "building_ids": [], "has_unrecorded_building": false, "road_connected": true, "road_distance_m": 4.0, "gps_lat": 19.696058, "gps_lon": 73.562409}, "geometry": {"type": "Polygon", "coordinates": [[[73.56303115413465, 19.69613355176071], [73.56303147781408, 19.696132060741608], [73.56305457781407, 19.69603606074161], [73.5630560175862, 19.696031501882516], [73.56315520810416, 19.69577977331474], [73.562876068231, 19.695818409714743], [73.5624800757867, 19.695893917593924], [73.56247652668485, 19.695894432059138], [73.56211239946768, 19.695930805137174], [73.56175346449012, 19.696027155537116], [73.56174859171394, 19.69602814485579], [73.5616238333361, 19.69604554189023], [73.56158614415402, 19.69609876823326], [73.56164100399246, 19.69619346052248], [73.56194819895924, 19.696215708441766], [73.561950691416, 19.696290455695685], [73.56180137164681, 19.696332630902557], [73.56211780323787, 19.696302845636296], [73.56211814832918, 19.696302814642966], [73.56264858777504, 19.696257462569818], [73.5623565788339, 19.696282429059323], [73.56241970047031, 19.696163571474326], [73.56243321050327, 19.696157211650725], [73.56243321050327, 19.69615345497137], [73.56237667353503, 19.696046996268905], [73.56254292390437, 19.696046996268905], [73.56254577636719, 19.69604968185233], [73.56264308344204, 19.69595806759312], [73.56264308344204, 19.696081141177437], [73.56274989496548, 19.69606438073357], [73.56274989496548, 19.696234938163766], [73.5627190468619, 19.696249459852762], [73.56301532779224, 19.696215808374156], [73.56301565413465, 19.69621355176071], [73.56303115413465, 19.69613355176071]]]}}, {"type": "Feature", "properties": {"id": 503, "area_m2": 193.7, "perimeter_m": 104.3, "landuse": "Vacant / Unclassified", "building_count": 0, "building_ids": [], "has_unrecorded_building": false, "road_connected": true, "road_distance_m": 4.0, "gps_lat": 19.696316, "gps_lon": 73.561463}, "geometry": {"type": "Polygon", "coordinates": [[[73.5615814438349, 19.696353332402094], [73.56167817729694, 19.69634422701564], [73.56159412847946, 19.696352138414117], [73.56147968622162, 19.696256363327848], [73.56140976056079, 19.696249048354858], [73.56137004878147, 19.696323825348205], [73.56139694203382, 19.696369401167978], [73.56126702964377, 19.696380715592923], [73.5615814438349, 19.696353332402094]]]}}, {"type": "Feature", "properties": {"id": 504, "area_m2": 1244.3, "perimeter_m": 186.0, "landuse": "Residential", "building_count": 1, "building_ids": [81], "has_unrecorded_building": true, "road_connected": true, "road_distance_m": 4.0, "gps_lat": 19.695607, "gps_lon": 73.562046}, "geometry": {"type": "Polygon", "coordinates": [[[73.5620423203256, 19.695421800423198], [73.56193236474886, 19.695437638583993], [73.56186249867295, 19.695470527912942], [73.56188878852923, 19.695643790545518], [73.56192967046421, 19.695669450674853], [73.56192967046421, 19.695905126712095], [73.56195453268074, 19.695898452844524], [73.56204527461996, 19.695727586429033], [73.56206857409434, 19.69574952279993], [73.56218724621382, 19.69571760012236], [73.562305959052, 19.695515450763445], [73.5621688048288, 19.695515450763445], [73.56216126834879, 19.695529641900823], [73.56211567781062, 19.69548671857396], [73.56206615133567, 19.69548671857396], [73.56213983161108, 19.69541734886102], [73.5620423203256, 19.695421800423198]]]}}, {"type": "Feature", "properties": {"id": 505, "area_m2": 1202.4, "perimeter_m": 179.7, "landuse": "Residential", "building_count": 1, "building_ids": [87], "has_unrecorded_building": true, "road_connected": true, "road_distance_m": 4.0, "gps_lat": 19.695718, "gps_lon": 73.562398}, "geometry": {"type": "Polygon", "coordinates": [[[73.56240342855689, 19.69582946533506], [73.56233712619738, 19.695767041903267], [73.56233856013553, 19.69576434180811], [73.56243900078663, 19.695783254710097], [73.56243519144341, 19.69582629250453], [73.56246668589672, 19.695823146488102], [73.5626367507948, 19.695790718496202], [73.56263396128799, 19.69577233432217], [73.56270430442757, 19.695739220416357], [73.56254036600814, 19.695584872987094], [73.56236028720139, 19.69560028603669], [73.56227869523732, 19.69556187676709], [73.5621039873903, 19.695859376850613], [73.56240342855689, 19.69582946533506]]]}}, {"type": "Feature", "properties": {"id": 506, "area_m2": 3370.4, "perimeter_m": 320.6, "landuse": "Vacant / Unclassified", "building_count": 0, "building_ids": [], "has_unrecorded_building": false, "road_connected": true, "road_distance_m": 4.0, "gps_lat": 19.695533, "gps_lon": 73.562755}, "geometry": {"type": "Polygon", "coordinates": [[[73.5628856547204, 19.69535353295309], [73.56257423953801, 19.695397338157775], [73.5625704484133, 19.695397690444473], [73.56213983161108, 19.69541734886102], [73.56206615133567, 19.69548671857396], [73.56211567781062, 19.69548671857396], [73.56216126834879, 19.695529641900823], [73.5621688048288, 19.695515450763445], [73.562305959052, 19.695515450763445], [73.56226171859804, 19.69559078532324], [73.56227869523732, 19.69556187676709], [73.56236028720139, 19.69560028603669], [73.56254036600814, 19.695584872987094], [73.56270430442757, 19.695739220416357], [73.56263396128799, 19.69577233432217], [73.5626367507948, 19.695790718496202], [73.56286192421331, 19.695747782406073], [73.56286394884869, 19.695747449508886], [73.56317362757166, 19.695704586155546], [73.56315484945306, 19.69533449722611], [73.5628856547204, 19.69535353295309]]]}}, {"type": "Feature", "properties": {"id": 507, "area_m2": 4239.2, "perimeter_m": 274.8, "landuse": "Vacant / Unclassified", "building_count": 0, "building_ids": [], "has_unrecorded_building": false, "road_connected": true, "road_distance_m": 4.0, "gps_lat": 19.695732, "gps_lon": 73.561542}, "geometry": {"type": "Polygon", "coordinates": [[[73.56175477184756, 19.69546321932314], [73.56175063535265, 19.69546359960932], [73.56142482971114, 19.695476755419868], [73.56120232081444, 19.69549782699504], [73.56118003185964, 19.696026859301956], [73.56129487399068, 19.69601876470241], [73.56173493751352, 19.695957399683117], [73.56192967046421, 19.695905126712095], [73.56192967046421, 19.695669450674853], [73.56188878852923, 19.695643790545518], [73.56186249867295, 19.695470527912942], [73.56193236474886, 19.695437638583993], [73.56175477184756, 19.69546321932314]]]}}, {"type": "Feature", "properties": {"id": 508, "area_m2": 220.5, "perimeter_m": 72.0, "landuse": "Vacant / Unclassified", "building_count": 0, "building_ids": [], "has_unrecorded_building": false, "road_connected": true, "road_distance_m": 4.0, "gps_lat": 19.695806, "gps_lon": 73.562068}, "geometry": {"type": "Polygon", "coordinates": [[[73.56209463550988, 19.695860844462885], [73.56209782752231, 19.695860125774377], [73.56210107331515, 19.695859667940862], [73.5621039873903, 19.695859376850613], [73.56218724621382, 19.69571760012236], [73.56206857409434, 19.69574952279993], [73.56204527461996, 19.695727586429033], [73.56195453268074, 19.695898452844524], [73.56209463550988, 19.695860844462885]]]}}, {"type": "Feature", "properties": {"id": 509, "area_m2": 40.5, "perimeter_m": 35.7, "landuse": "Vacant / Unclassified", "building_count": 0, "building_ids": [], "has_unrecorded_building": false, "road_connected": true, "road_distance_m": 4.0, "gps_lat": 19.695796, "gps_lon": 73.562399}, "geometry": {"type": "Polygon", "coordinates": [[[73.56246668589672, 19.695823146488102], [73.56243519144341, 19.69582629250453], [73.56243900078663, 19.695783254710097], [73.56233856013553, 19.69576434180811], [73.56233712619738, 19.695767041903267], [73.56240342855689, 19.69582946533506], [73.56246668589672, 19.695823146488102]]]}}, {"type": "Feature", "properties": {"id": 510, "area_m2": 522.9, "perimeter_m": 103.8, "landuse": "Residential", "building_count": 1, "building_ids": [69], "has_unrecorded_building": true, "road_connected": true, "road_distance_m": 4.0, "gps_lat": 19.695212, "gps_lon": 73.562439}, "geometry": {"type": "Polygon", "coordinates": [[[73.56232639897983, 19.695136058375397], [73.56232639897983, 19.69517066448963], [73.56228273395148, 19.69517066448963], [73.5623302282792, 19.695310794724147], [73.56250575434048, 19.695310794724147], [73.56250575434048, 19.695273959260486], [73.56264598532005, 19.695141932300146], [73.56252101312954, 19.695141932300146], [73.56252101312954, 19.695122273980406], [73.56232639897983, 19.695136058375397]]]}}, {"type": "Feature", "properties": {"id": 511, "area_m2": 503.4, "perimeter_m": 96.3, "landuse": "Residential", "building_count": 1, "building_ids": [73], "has_unrecorded_building": true, "road_connected": true, "road_distance_m": 4.0, "gps_lat": 19.695258, "gps_lon": 73.562194}, "geometry": {"type": "Polygon", "coordinates": [[[73.56215855230015, 19.695147946847708], [73.56215855230015, 19.695185030584373], [73.5620975171439, 19.695185030584373], [73.5620975171439, 19.69524299138119], [73.56205174077671, 19.695271723570674], [73.56205174077671, 19.695349420707387], [73.56233887699382, 19.695336312432623], [73.56227325574172, 19.695142699386842], [73.56226794364912, 19.695140198728854], [73.56215855230015, 19.695147946847708]]]}}, {"type": "Feature", "properties": {"id": 512, "area_m2": 1359.0, "perimeter_m": 284.8, "landuse": "Vacant / Unclassified", "building_count": 0, "building_ids": [], "has_unrecorded_building": false, "road_connected": true, "road_distance_m": 4.0, "gps_lat": 19.695203, "gps_lon": 73.562825}, "geometry": {"type": "Polygon", "coordinates": [[[73.56242445831495, 19.695129112895792], [73.56252101312954, 19.695122273980406], [73.56252101312954, 19.695141932300146], [73.56264598532005, 19.695141932300146], [73.56250575434048, 19.695273959260486], [73.56250575434048, 19.695310794724147], [73.5623302282792, 19.695310794724147], [73.56233887699382, 19.695336312432623], [73.56218373303308, 19.695343395028075], [73.56256484667543, 19.69532599651809], [73.56287576046199, 19.695282261842227], [73.56287854153517, 19.695281968312667], [73.56314983084624, 19.69526278447052], [73.5631333498457, 19.695078902564834], [73.56242445831495, 19.695129112895792]]]}}, {"type": "Feature", "properties": {"id": 513, "area_m2": 2111.7, "perimeter_m": 243.3, "landuse": "Vacant / Unclassified", "building_count": 0, "building_ids": [], "has_unrecorded_building": false, "road_connected": true, "road_distance_m": 4.0, "gps_lat": 19.695286, "gps_lon": 73.561646}, "geometry": {"type": "Polygon", "coordinates": [[[73.5612142821732, 19.69521482889317], [73.56120538237082, 19.695425309219292], [73.56141828042367, 19.695405147790286], [73.56142046464736, 19.695405000390682], [73.56174528538706, 19.6953918843498], [73.56203272815245, 19.695350480676858], [73.56203665158671, 19.695350109555527], [73.56205174077671, 19.695349420707387], [73.56205174077671, 19.695271723570674], [73.5620975171439, 19.69524299138119], [73.5620975171439, 19.695185030584373], [73.56215855230015, 19.695185030584373], [73.56215855230015, 19.695147946847708], [73.5612142821732, 19.69521482889317]]]}}, {"type": "Feature", "properties": {"id": 514, "area_m2": 14224.2, "perimeter_m": 1864.2, "landuse": "Vacant / Unclassified", "building_count": 0, "building_ids": [], "has_unrecorded_building": false, "road_connected": true, "road_distance_m": 4.0, "gps_lat": 19.694849, "gps_lon": 73.563159}, "geometry": {"type": "Polygon", "coordinates": [[[73.56117463688199, 19.695145568641976], [73.56316533670321, 19.69500456865464], [73.56367320565589, 19.69496859210545], [73.56496984750335, 19.694855363945045], [73.56552312808576, 19.694695101994668], [73.56586008421546, 19.6945810875316], [73.56599405359049, 19.69453569532931], [73.56630691657384, 19.694308928771488], [73.56652493579985, 19.694150867322573], [73.56684502114668, 19.693889567072073], [73.56683520261258, 19.693892523695435], [73.56665829580537, 19.69394960588106], [73.5661870991291, 19.694201588519213], [73.5661813577876, 19.694204363419882], [73.5658947577876, 19.694328763419882], [73.5658919645773, 19.69432991272147], [73.56557906457729, 19.69445171272147], [73.56557825367805, 19.69445202325927], [73.56526525367806, 19.69456992325927], [73.56525806913648, 19.694572246207787], [73.56493536913648, 19.69465994620779], [73.56492808010059, 19.694661567078096], [73.56463458010059, 19.694712667078097], [73.56462913107403, 19.694713425493774], [73.56425353107402, 19.69475272549377], [73.56425191524836, 19.69475287819751], [73.56382572632222, 19.69478884819497], [73.56383406617417, 19.69489751025531], [73.56383415248783, 19.694901035578148], [73.56383387137217, 19.694904551890858], [73.56383322553448, 19.69490802532943], [73.56383222119456, 19.694911422442743], [73.56383086802472, 19.69491471051474], [73.56382917905675, 19.6949178578795], [73.56382717055634, 19.69492083422617], [73.56382486186642, 19.694923610890907], [73.56382227522094, 19.694926161132912], [73.56381943553073, 19.69492846039196], [73.56381637014356, 19.69493048652493], [73.56381310858075, 19.69493222001906], [73.56380968225297, 19.69493364417984], [73.5638061241576, 19.694934745291835], [73.56380246856106, 19.694935512750728], [73.56379875066875, 19.694935939165475], [73.56379500628599, 19.694936020429466], [73.56379127147324, 19.69493575576009], [73.56378758219878, 19.694935147706246], [73.56378397399237, 19.694934202123836], [73.56378048160298, 19.69493292811933], [73.56377713866422, 19.694931337962085], [73.56377397737045, 19.694929446966196], [73.56377102816663, 19.694927273342977], [73.56376831945522, 19.69492483802561], [73.5637658773226, 19.69492216446753], [73.56376372528781, 19.69491927841657], [73.56376188407616, 19.694916207666974], [73.56376037141949, 19.69491298179174], [73.56375920188553, 19.69490963185781], [73.56375838673753, 19.69490619012688], [73.56375793382583, 19.694902689744694], [73.56374968899077, 19.694795265683677], [73.55930434322921, 19.69517044923717], [73.55900969447246, 19.695206603063227], [73.55873788900104, 19.69526033886815], [73.55837480761858, 19.695366340799723], [73.55837442983248, 19.695366450086162], [73.55836276880682, 19.69536979232138], [73.55836809834963, 19.695369102687007], [73.55878689327042, 19.695314803345557], [73.55878923944226, 19.695314568460713], [73.55913403751589, 19.695290168597037], [73.56117463558952, 19.69514556873354], [73.56117463623815, 19.69514556871764], [73.56117463688199, 19.695145568641976]]]}}, {"type": "Feature", "properties": {"id": 515, "area_m2": 1153.1, "perimeter_m": 287.0, "landuse": "Vacant / Unclassified", "building_count": 0, "building_ids": [], "has_unrecorded_building": false, "road_connected": true, "road_distance_m": 4.0, "gps_lat": 19.695803, "gps_lon": 73.55717}, "geometry": {"type": "Polygon", "coordinates": [[[73.55678570033551, 19.695995828493235], [73.55684368895079, 19.696005222057188], [73.55693628434446, 19.695972076105324], [73.55796424824916, 19.695484014644425], [73.55791696106222, 19.69549756790345], [73.55726655477628, 19.695721880310465], [73.55726308253523, 19.69572298951594], [73.55692993308249, 19.695821078612102], [73.55688297409618, 19.695843622489786], [73.5568827417333, 19.695843720830727], [73.55688251988727, 19.69584383875109], [73.55672476793553, 19.695918327991006], [73.55674345845222, 19.69595423376296], [73.55675535981649, 19.695971938878962], [73.55678570033551, 19.695995828493235]]]}}, {"type": "Feature", "properties": {"id": 516, "area_m2": 1148.4, "perimeter_m": 267.6, "landuse": "Vacant / Unclassified", "building_count": 0, "building_ids": [], "has_unrecorded_building": false, "road_connected": true, "road_distance_m": 4.0, "gps_lat": 19.699059, "gps_lon": 73.55676}, "geometry": {"type": "Polygon", "coordinates": [[[73.55652142273517, 19.698979577367414], [73.55648573553248, 19.69908717162035], [73.55648323851032, 19.69919232399754], [73.55650379174277, 19.699304554206307], [73.55652454298435, 19.699375433937348], [73.55652818484239, 19.699373150230787], [73.5565465421155, 19.699331443794524], [73.55654797836354, 19.699328551300738], [73.55654968166944, 19.69932579026618], [73.5565516385838, 19.69932318249215], [73.55658383858379, 19.699284082492152], [73.55658639512068, 19.699281287141222], [73.55658924258613, 19.699278753293694], [73.55662260913492, 19.699251977099163], [73.55662030144896, 19.69925261890301], [73.55661661937607, 19.699253281888076], [73.55661288598091, 19.699253601572767], [73.55660913728391, 19.699253574872714], [73.55660540945318, 19.69925320204552], [73.55660173845551, 19.699252486688287], [73.55659815970931, 19.699251435702912], [73.55659470774296, 19.699250059229485], [73.55659141586165, 19.69924837054847], [73.55656061586164, 19.699230670548474], [73.55655736227132, 19.69922857632011], [73.55655435542893, 19.699226177344958], [73.55655162740041, 19.699223499206436], [73.5565492072783, 19.699220570465055], [73.55654712087151, 19.699217422353815], [73.55654539043017, 19.699214088445167], [73.55654403440822, 19.699210604292944], [73.55654306726672, 19.699207007053236], [73.55654249931955, 19.69920333508813], [73.55653849931956, 19.69916293508813], [73.55653833464537, 19.69915953017259], [73.55653851337406, 19.69915612588534], [73.55653903389751, 19.69915275285736], [73.55653989153211, 19.699149441438358], [73.55654107856112, 19.699146221423707], [73.55654258430391, 19.699143121786342], [73.55654439521217, 19.69914017041607], [73.55654649499175, 19.699137393868625], [73.55654886474935, 19.699134817126737], [73.55655148316244, 19.699132463375314], [73.55655432667116, 19.699130353792864], [73.55655736969027, 19.69912850736091], [73.55656058483942, 19.69912694069322], [73.5566744848394, 19.699077740693216], [73.55667576219943, 19.69907721529612], [73.55674686219943, 19.699049415296123], [73.55675024930633, 19.6990482641329], [73.55675373657328, 19.699047418647037], [73.55675729295467, 19.69904688636551], [73.55676088678955, 19.69904667202701], [73.55676448608358, 19.699046777539685], [73.5567680587938, 19.699047201964206], [73.55677157311392, 19.699047941522107], [73.55678549866377, 19.699051529121387], [73.55683059464857, 19.69902645881119], [73.5568338532349, 19.699024841620485], [73.55683726223488, 19.699023527724204], [73.55684078989225, 19.699022529361812], [73.55684440334548, 19.699021855833465], [73.55684806893382, 19.69902151341335], [73.55685175251081, 19.699021505291242], [73.55685541976244, 19.699021831542805], [73.55685903652682, 19.699022489128875], [73.55686256911231, 19.699023471923777], [73.55686598461145, 19.699024770772372], [73.5568692512075, 19.699026373575368], [73.5568723384708, 19.699028265402006], [73.55687521764223, 19.699030428629165], [73.55687786190117, 19.699032843105506], [73.55689536190117, 19.699050443105506], [73.55689780972327, 19.699053163768305], [73.55689995910241, 19.699056099440305], [73.55690178887487, 19.699059221215578], [73.55690328102389, 19.69906249835574], [73.55690442085712, 19.69906589859263], [73.55690519715125, 19.699069388446], [73.55690560226256, 19.69907293355321], [73.55690563220213, 19.699076499007575], [73.55690528667516, 19.699080049702047], [73.55690456908388, 19.699083550674917], [73.556903486494, 19.69908696745406], [73.55690204956515, 19.699090266396354], [73.55690027244603, 19.699093415018957], [73.55689817263489, 19.699096382319134], [73.55689577080742, 19.699099139079536], [73.55689309061306, 19.69910165815588], [73.5568901584422, 19.699103914744224], [73.55688700316631, 19.69910588662521], [73.5568836558536, 19.69910755438281], [73.55681716331544, 19.699136804706086], [73.55679639706733, 19.699219017352547], [73.55680222718753, 19.699252695600137], [73.55680453965365, 19.69925445833271], [73.55691274749918, 19.699164557554706], [73.55691499437268, 19.69916282929536], [73.55692221493732, 19.699157693541636], [73.55698772846908, 19.69903722405445], [73.5569896145138, 19.69903414217433], [73.55699181494198, 19.699031250947982], [73.55699430819318, 19.699028578704535], [73.55699706983775, 19.699026151627457], [73.55700007281624, 19.69902399349799], [73.55705742048589, 19.6989868599914], [73.55709785093573, 19.69892146006678], [73.55708927965382, 19.698885959608138], [73.55707699145718, 19.698868047999465], [73.55704132221008, 19.698873523066265], [73.55692162131118, 19.6989280460098], [73.55691850821134, 19.698929306647567], [73.55691528860902, 19.698930302321177], [73.55691198788844, 19.698931025180464], [73.55685438788844, 19.69894112518046], [73.55685308467129, 19.69894133178312], [73.55667597773217, 19.698966448406217], [73.55660485442954, 19.6989812821337], [73.55660122152281, 19.698981868194224], [73.55659754551182, 19.698982121582798], [73.55659386068217, 19.69898203993611], [73.55659020140175, 19.69898162401566], [73.55658660180009, 19.69898087770068], [73.55658309545016, 19.69897980795194], [73.55653860777228, 19.698963962117347], [73.55652142273517, 19.698979577367414]]]}}, {"type": "Feature", "properties": {"id": 517, "area_m2": 846.6, "perimeter_m": 197.2, "landuse": "Vacant / Unclassified", "building_count": 0, "building_ids": [], "has_unrecorded_building": false, "road_connected": true, "road_distance_m": 4.0, "gps_lat": 19.699199, "gps_lon": 73.557236}, "geometry": {"type": "Polygon", "coordinates": [[[73.55710266160833, 19.6992403835125], [73.55710632320388, 19.699239681389965], [73.55711004017763, 19.699239319760093], [73.55752626806996, 19.699218138932437], [73.55759336288669, 19.69919289119475], [73.55759604219008, 19.699104241199958], [73.55712754613958, 19.69913861722043], [73.55704133997972, 19.699163426032484], [73.55697514407221, 19.699210114486796], [73.55696216397651, 19.699219346808402], [73.55683083855281, 19.699328454027825], [73.55678232892373, 19.69936871701996], [73.55677386110911, 19.69937737441253], [73.55680146017683, 19.699394524581198], [73.55695313474254, 19.69929264837001], [73.5569560369863, 19.699290880071462], [73.55695909727217, 19.699289366273813], [73.55696229049221, 19.699288119396925], [73.5570990904922, 19.699241419396923], [73.55710266160833, 19.6992403835125]]]}}, {"type": "Feature", "properties": {"id": 518, "area_m2": 3543.8, "perimeter_m": 319.0, "landuse": "Vacant / Unclassified", "building_count": 0, "building_ids": [], "has_unrecorded_building": false, "road_connected": true, "road_distance_m": 4.0, "gps_lat": 19.699831, "gps_lon": 73.559103}, "geometry": {"type": "Polygon", "coordinates": [[[73.55900039090668, 19.699760685900525], [73.55868175015222, 19.700265569771293], [73.55891767513123, 19.700401555951103], [73.55952331177775, 19.699363404414562], [73.55929191565625, 19.69924471614548], [73.55920116055854, 19.699443396224268], [73.55919887142632, 19.699447616627467], [73.55900039090668, 19.699760685900525]]]}}, {"type": "Feature", "properties": {"id": 519, "area_m2": 3140.8, "perimeter_m": 1167.7, "landuse": "Vacant / Unclassified", "building_count": 0, "building_ids": [], "has_unrecorded_building": false, "road_connected": true, "road_distance_m": 25.4, "gps_lat": 19.693884, "gps_lon": 73.563841}, "geometry": {"type": "Polygon", "coordinates": [[[73.56161800166883, 19.694055956613198], [73.56133569576366, 19.694107967936567], [73.56117522133397, 19.694167487696507], [73.5647107871416, 19.693871147314034], [73.56490406823403, 19.693847466204083], [73.56510649651972, 19.6938129602687], [73.56556661903552, 19.693707957185385], [73.56556927782867, 19.693707397532513], [73.56580927782868, 19.693661097532512], [73.56581134139374, 19.693660727217807], [73.56622240879503, 19.693592464754172], [73.56644747821386, 19.69354315068344], [73.56668449801873, 19.69348407664883], [73.56646383977474, 19.69349820365754], [73.56615114402862, 19.693542170335586], [73.56580954552568, 19.693603081637214], [73.5653931809329, 19.693697465576466], [73.56531553923881, 19.69371509341008], [73.5650358805639, 19.693784210193854], [73.56503007595501, 19.69378541943199], [73.56485377595502, 19.69381541943199], [73.56484681004522, 19.693816295253722], [73.56242741004522, 19.694014295253723], [73.56242567267864, 19.694014418645263], [73.56206037267864, 19.69403641864526], [73.56205677207085, 19.69403655524248], [73.56180458352812, 19.69404051269313], [73.56161800166883, 19.694055956613198]]]}}, {"type": "Feature", "properties": {"id": 520, "area_m2": 1870.6, "perimeter_m": 470.0, "landuse": "Vacant / Unclassified", "building_count": 0, "building_ids": [], "has_unrecorded_building": false, "road_connected": true, "road_distance_m": 4.0, "gps_lat": 19.694322, "gps_lon": 73.564521}, "geometry": {"type": "Polygon", "coordinates": [[[73.56553507626468, 19.694147192492704], [73.56583395442125, 19.694043509049774], [73.5652873162092, 19.694175899339378], [73.565283423196, 19.69417674059358], [73.565056423196, 19.69421994059358], [73.56505269655867, 19.694220559701847], [73.56482619655866, 19.694252759701847], [73.56482305862306, 19.69425314335099], [73.56455955862307, 19.69428014335099], [73.56455866172651, 19.694280230209966], [73.56368581227706, 19.694359858398773], [73.56368801637154, 19.694380875034216], [73.56375450624088, 19.694374454884308], [73.5637583180544, 19.694374267471463], [73.56376213068756, 19.69437443947144], [73.56376590600478, 19.69437496916382], [73.56376960624364, 19.694375851250395], [73.56377319439277, 19.694377076908147], [73.56377663456193, 19.694378633877513], [73.56377989234105, 19.694380506585006], [73.5637829351444, 19.694382676298986], [73.56378573253653, 19.69438512131703], [73.56378825653671, 19.694387817183], [73.56379048189879, 19.69439073693167], [73.56379238636372, 19.694393851358438], [73.56379395088221, 19.69439712931145], [73.56379515980528, 19.694400538003194], [73.56379600104073, 19.694404043338444], [73.56379646617417, 19.694407610255308], [73.56380110320751, 19.69446802734655], [73.5641372717256, 19.694439151676228], [73.56434505233644, 19.694414047333083], [73.56459346710379, 19.694382576200923], [73.56490772169614, 19.69431732007164], [73.56527511038632, 19.694226908784813], [73.56553507626468, 19.694147192492704]]]}}, {"type": "Feature", "properties": {"id": 521, "area_m2": 622.6, "perimeter_m": 147.1, "landuse": "Residential", "building_count": 1, "building_ids": [60], "has_unrecorded_building": true, "road_connected": true, "road_distance_m": 5.9, "gps_lat": 19.694459, "gps_lon": 73.563324}, "geometry": {"type": "Polygon", "coordinates": [[[73.56364932850303, 19.694481064249448], [73.56359974671963, 19.694449943536224], [73.5635512962766, 19.694455645525846], [73.56352265305796, 19.69437474306544], [73.56336505150891, 19.69438912071775], [73.56336001403942, 19.694412834514317], [73.56324167694198, 19.694420792653563], [73.56323133527218, 19.694401319364093], [73.56314366197115, 19.69440931761187], [73.56302811744743, 19.69451810236327], [73.56305743900774, 19.694531905434783], [73.56364932850303, 19.694481064249448]]]}}, {"type": "Feature", "properties": {"id": 522, "area_m2": 3863.0, "perimeter_m": 756.1, "landuse": "Vacant / Unclassified", "building_count": 0, "building_ids": [], "has_unrecorded_building": false, "road_connected": true, "road_distance_m": 51.3, "gps_lat": 19.694603, "gps_lon": 73.561599}, "geometry": {"type": "Polygon", "coordinates": [[[73.5631296614538, 19.69452570178563], [73.56305743900774, 19.694531905434783], [73.56302811744743, 19.69451810236327], [73.56314366197115, 19.69440931761187], [73.5628760659176, 19.69443372982762], [73.56233957010868, 19.69448272944484], [73.56233890333361, 19.69448278756486], [73.56082995664056, 19.694608033735964], [73.56051937552074, 19.694648248619142], [73.56013892312778, 19.694723625935215], [73.55968824041341, 19.694824906408595], [73.55988135888374, 19.694804675557602], [73.55988286638599, 19.694804531879914], [73.5628836656127, 19.694546831946322], [73.5631296614538, 19.69452570178563]]]}}, {"type": "Feature", "properties": {"id": 523, "area_m2": 105.8, "perimeter_m": 72.6, "landuse": "Vacant / Unclassified", "building_count": 0, "building_ids": [], "has_unrecorded_building": false, "road_connected": true, "road_distance_m": 4.0, "gps_lat": 19.694425, "gps_lon": 73.563603}, "geometry": {"type": "Polygon", "coordinates": [[[73.5637250745565, 19.694474557935056], [73.56372316846546, 19.694449722988214], [73.56365769375911, 19.694456045115693], [73.56365394464274, 19.69445623235331], [73.56365019412667, 19.694456071875823], [73.5636464785044, 19.69445556523617], [73.56364283373178, 19.694454717337056], [73.56363929507904, 19.69445353638356], [73.5636358967895, 19.694452033803685], [73.56363267174821, 19.694450224137807], [73.56362965116365, 19.694448124897946], [73.56362686426586, 19.694445756398313], [73.56362433802346, 19.694443141558725], [73.56362209688274, 19.69444030568283], [73.56362016253107, 19.694437276213204], [73.56361855368705, 19.694434082465843], [73.56361728591936, 19.694430755346435], [73.56361637149612, 19.6944273270513], [73.56361581926613, 19.694423830755838], [73.56360983712736, 19.69436678944922], [73.56346462391613, 19.69438003693996], [73.56352265305796, 19.69437474306544], [73.5635512962766, 19.694455645525846], [73.56359974671963, 19.694449943536224], [73.56364932850303, 19.694481064249448], [73.5637250745565, 19.694474557935056]]]}}, {"type": "Feature", "properties": {"id": 524, "area_m2": 32.1, "perimeter_m": 31.6, "landuse": "Vacant / Unclassified", "building_count": 0, "building_ids": [], "has_unrecorded_building": false, "road_connected": true, "road_distance_m": 29.8, "gps_lat": 19.694406, "gps_lon": 73.563301}, "geometry": {"type": "Polygon", "coordinates": [[[73.56323133527218, 19.694401319364093], [73.56324167694198, 19.694420792653563], [73.56336001403942, 19.694412834514317], [73.56336505150891, 19.69438912071775], [73.56323133527218, 19.694401319364093]]]}}, {"type": "Feature", "properties": {"id": 525, "area_m2": 225.4, "perimeter_m": 342.3, "landuse": "Vacant / Unclassified", "building_count": 0, "building_ids": [], "has_unrecorded_building": false, "road_connected": true, "road_distance_m": 55.2, "gps_lat": 19.693716, "gps_lon": 73.563281}, "geometry": {"type": "Polygon", "coordinates": [[[73.56360343042633, 19.693673224148487], [73.56243092142094, 19.69379390017723], [73.56237926565946, 19.69380225796336], [73.56400451325904, 19.693659603905058], [73.56360343042633, 19.693673224148487]]]}}, {"type": "Feature", "properties": {"id": 526, "area_m2": 702.7, "perimeter_m": 122.6, "landuse": "Residential", "building_count": 1, "building_ids": [68], "has_unrecorded_building": true, "road_connected": true, "road_distance_m": 4.0, "gps_lat": 19.695023, "gps_lon": 73.564747}, "geometry": {"type": "Polygon", "coordinates": [[[73.56459126178858, 19.69496059730058], [73.56459442762217, 19.69496953916324], [73.5645389233939, 19.69496953916324], [73.5645389233939, 19.69511488120909], [73.56488057689124, 19.695078163136696], [73.56499293695767, 19.695062713627564], [73.56499293695767, 19.695036656260832], [73.56496241937954, 19.69502229016609], [73.56496241937954, 19.694992008532157], [73.56490038498801, 19.694933603376793], [73.56459126178858, 19.69496059730058]]]}}, {"type": "Feature", "properties": {"id": 527, "area_m2": 2176.5, "perimeter_m": 265.7, "landuse": "Vacant / Unclassified", "building_count": 0, "building_ids": [], "has_unrecorded_building": false, "road_connected": true, "road_distance_m": 4.0, "gps_lat": 19.694886, "gps_lon": 73.565473}, "geometry": {"type": "Polygon", "coordinates": [[[73.56498082472982, 19.694926579043894], [73.56483107862587, 19.69493965549666], [73.56490038498801, 19.694933603376793], [73.56496241937954, 19.694992008532157], [73.56496241937954, 19.69502229016609], [73.56499293695767, 19.695036656260832], [73.56499293695767, 19.695062713627564], [73.5650878340096, 19.69504966528292], [73.56540667292924, 19.695003375777688], [73.56569173512668, 19.694953047280865], [73.56593102684296, 19.69489911277135], [73.56584887423365, 19.694661246065994], [73.56554810802685, 19.694763015093343], [73.56554642272438, 19.69476354397967], [73.56498852272438, 19.694925143979667], [73.56498471300725, 19.69492604828589], [73.56498082472982, 19.694926579043894]]]}}, {"type": "Feature", "properties": {"id": 528, "area_m2": 2537.8, "perimeter_m": 327.3, "landuse": "Vacant / Unclassified", "building_count": 0, "building_ids": [], "has_unrecorded_building": false, "road_connected": true, "road_distance_m": 4.0, "gps_lat": 19.695105, "gps_lon": 73.563858}, "geometry": {"type": "Polygon", "coordinates": [[[73.56367992472983, 19.695040179043893], [73.56367926347559, 19.695040231332694], [73.56320946872734, 19.695073510771767], [73.56322582509101, 19.6952560020784], [73.5645389233939, 19.69511488120909], [73.5645389233939, 19.69496953916324], [73.56459442762217, 19.69496953916324], [73.56459126178858, 19.69496059730058], [73.56367992472983, 19.695040179043893]]]}}, {"type": "Feature", "properties": {"id": 529, "area_m2": 878.5, "perimeter_m": 115.4, "landuse": "Residential", "building_count": 1, "building_ids": [74], "has_unrecorded_building": true, "road_connected": true, "road_distance_m": 4.0, "gps_lat": 19.695317, "gps_lon": 73.564365}, "geometry": {"type": "Polygon", "coordinates": [[[73.56427952397983, 19.69521509121374], [73.56427952397983, 19.69522539676127], [73.56426969951715, 19.695216147065167], [73.56421682810124, 19.695221829244606], [73.56416130344826, 19.695326381764737], [73.56424130683985, 19.695426812303367], [73.56429404621593, 19.69545163926934], [73.56451344989155, 19.695404224754846], [73.56455443024556, 19.69532705904451], [73.56452053145226, 19.695199396679115], [73.5644893969186, 19.695199396679115], [73.5644893969186, 19.695192535818233], [73.56427952397983, 19.69521509121374]]]}}, {"type": "Feature", "properties": {"id": 530, "area_m2": 2367.3, "perimeter_m": 351.4, "landuse": "Vacant / Unclassified", "building_count": 0, "building_ids": [], "has_unrecorded_building": false, "road_connected": true, "road_distance_m": 4.0, "gps_lat": 19.695182, "gps_lon": 73.56515}, "geometry": {"type": "Polygon", "coordinates": [[[73.5650993164723, 19.695120712869898], [73.56509901532813, 19.695120755433145], [73.56489101532813, 19.695149355433145], [73.56488982846862, 19.695149500770277], [73.5644893969186, 19.695192535818233], [73.5644893969186, 19.695199396679115], [73.56452053145226, 19.695199396679115], [73.56455443024556, 19.69532705904451], [73.56451344989155, 19.695404224754846], [73.56460410895754, 19.695384632760376], [73.56503181374711, 19.695286423508296], [73.5653851707811, 19.695202557439977], [73.5653852107146, 19.69520254798369], [73.56594615837149, 19.69507001802835], [73.56595743837154, 19.695064051747337], [73.56596580101125, 19.695051507787774], [73.56597181662683, 19.695037958051714], [73.56597152366201, 19.69502002860533], [73.56595426080708, 19.694967771895268], [73.56570858564751, 19.695023145183725], [73.56570673430173, 19.69502351701405], [73.56542013430173, 19.695074117014048], [73.5654189164723, 19.695074312869895], [73.5650993164723, 19.695120712869898]]]}}, {"type": "Feature", "properties": {"id": 531, "area_m2": 3429.8, "perimeter_m": 290.2, "landuse": "Vacant / Unclassified", "building_count": 0, "building_ids": [], "has_unrecorded_building": false, "road_connected": true, "road_distance_m": 4.0, "gps_lat": 19.695433, "gps_lon": 73.563692}, "geometry": {"type": "Polygon", "coordinates": [[[73.56323092681392, 19.695327785703775], [73.56324929880766, 19.695689870513128], [73.56386600965503, 19.695544148234042], [73.56386676173966, 19.69554397813257], [73.56429404621593, 19.69545163926934], [73.56424130683985, 19.695426812303367], [73.56416130344826, 19.695326381764737], [73.56421682810124, 19.695221829244606], [73.56323092681392, 19.695327785703775]]]}}]}