{"type": "FeatureCollection", "features": [{"type": "Feature", "properties": {"id": 0, "unrecorded": true, "alerts": [{"type": "NO_ROAD", "msg": "Nearest mapped road is ~649 m away.", "citation": "Relative to the mapped OSM road network (itself incomplete here) - review access in the field before treating as a genuine easement issue"}, {"type": "UNRECORDED", "msg": "Detected in imagery; no matching footprint in the existing building layer.", "citation": "Structure visible in imagery but absent from the OSM/cadastral building layer - verify permit"}], "area_m2": 117.8}, "geometry": {"type": "Polygon", "coordinates": [[[73.56021728515626, 19.689323332257672], [73.56021728515626, 19.689262995634717], [73.56019592285156, 19.689242883427067], [73.56015319824219, 19.689242883427067], [73.5601318359375, 19.689222771219416], [73.56011047363282, 19.689222771219416], [73.56011047363282, 19.689162434596465], [73.56021728515626, 19.689162434596465], [73.56021728515626, 19.689242883427067], [73.56023864746093, 19.689262995634717], [73.56026000976563, 19.689262995634717], [73.56026000976563, 19.689283107842368], [73.56021728515626, 19.689323332257672]]]}}, {"type": "Feature", "properties": {"id": 1, "unrecorded": true, "alerts": [{"type": "NO_ROAD", "msg": "Nearest mapped road is ~480 m away.", "citation": "Relative to the mapped OSM road network (itself incomplete here) - review access in the field before treating as a genuine easement issue"}, {"type": "UNRECORDED", "msg": "Detected in imagery; no matching footprint in the existing building layer.", "citation": "Structure visible in imagery but absent from the OSM/cadastral building layer - verify permit"}], "area_m2": 167.9}, "geometry": {"type": "Polygon", "coordinates": [[[73.5688690185547, 19.689363556672973], [73.5688262939453, 19.689403781088274], [73.5688262939453, 19.689423893295924], [73.56880493164063, 19.689444005503574], [73.56874084472656, 19.689444005503574], [73.56871948242187, 19.689423893295924], [73.56869812011719, 19.689423893295924], [73.56863403320312, 19.689383668880623], [73.56854858398438, 19.689383668880623], [73.56856994628906, 19.689363556672973], [73.5688690185547, 19.689363556672973]]]}}, {"type": "Feature", "properties": {"id": 2, "unrecorded": true, "alerts": [{"type": "NO_ROAD", "msg": "Nearest mapped road is ~509 m away.", "citation": "Relative to the mapped OSM road network (itself incomplete here) - review access in the field before treating as a genuine easement issue"}, {"type": "UNRECORDED", "msg": "Detected in imagery; no matching footprint in the existing building layer.", "citation": "Structure visible in imagery but absent from the OSM/cadastral building layer - verify permit"}], "area_m2": 391.0}, "geometry": {"type": "Polygon", "coordinates": [[[73.56530151367187, 19.689584790957127], [73.5652587890625, 19.689584790957127], [73.56523742675782, 19.689524454334176], [73.56515197753906, 19.689504342126526], [73.56513061523438, 19.689524454334176], [73.56515197753906, 19.68960490316478], [73.56513061523438, 19.689645127580082], [73.56510925292969, 19.689564678749477], [73.56498107910156, 19.689544566541826], [73.56502380371094, 19.689524454334176], [73.56504516601562, 19.689423893295924], [73.56498107910156, 19.689363556672973], [73.56495971679688, 19.689283107842368], [73.56502380371094, 19.689323332257672], [73.565087890625, 19.689323332257672], [73.565087890625, 19.689423893295924], [73.56513061523438, 19.689484229918875], [73.56521606445312, 19.689464117711225], [73.56528015136719, 19.689484229918875], [73.56528015136719, 19.689564678749477], [73.56530151367187, 19.689584790957127]]]}}, {"type": "Feature", "properties": {"id": 3, "unrecorded": true, "alerts": [{"type": "NO_ROAD", "msg": "Nearest mapped road is ~508 m away.", "citation": "Relative to the mapped OSM road network (itself incomplete here) - review access in the field before treating as a genuine easement issue"}, {"type": "UNRECORDED", "msg": "Detected in imagery; no matching footprint in the existing building layer.", "citation": "Structure visible in imagery but absent from the OSM/cadastral building layer - verify permit"}], "area_m2": 193.0}, "geometry": {"type": "Polygon", "coordinates": [[[73.55468444824218, 19.689705464203033], [73.55474853515625, 19.689685351995383], [73.55476989746094, 19.689665239787733], [73.55476989746094, 19.68962501537243], [73.55481262207032, 19.68962501537243], [73.554833984375, 19.68960490316478], [73.55485534667969, 19.68960490316478], [73.55487670898438, 19.68962501537243], [73.55494079589843, 19.689645127580082], [73.55491943359375, 19.689645127580082], [73.55489807128906, 19.689665239787733], [73.55489807128906, 19.689705464203033], [73.554833984375, 19.689765800825985], [73.554833984375, 19.689745688618334], [73.55481262207032, 19.689725576410684], [73.55476989746094, 19.689725576410684], [73.55474853515625, 19.689705464203033], [73.55468444824218, 19.689705464203033]]]}}, {"type": "Feature", "properties": {"id": 4, "unrecorded": true, "alerts": [{"type": "NO_ROAD", "msg": "Nearest mapped road is ~421 m away.", "citation": "Relative to the mapped OSM road network (itself incomplete here) - review access in the field before treating as a genuine easement issue"}, {"type": "UNRECORDED", "msg": "Detected in imagery; no matching footprint in the existing building layer.", "citation": "Structure visible in imagery but absent from the OSM/cadastral building layer - verify permit"}], "area_m2": 90.2}, "geometry": {"type": "Polygon", "coordinates": [[[73.57232971191407, 19.689765800825985], [73.57232971191407, 19.689826137448936], [73.57235107421874, 19.689846249656586], [73.57232971191407, 19.689846249656586], [73.57230834960937, 19.689866361864237], [73.5722869873047, 19.689846249656586], [73.57220153808593, 19.689846249656586], [73.5722442626953, 19.689806025241285], [73.5722442626953, 19.689785913033635], [73.572265625, 19.689785913033635], [73.5722869873047, 19.689765800825985], [73.57232971191407, 19.689765800825985]]]}}, {"type": "Feature", "properties": {"id": 5, "unrecorded": true, "alerts": [{"type": "NO_ROAD", "msg": "Nearest mapped road is ~569 m away.", "citation": "Relative to the mapped OSM road network (itself incomplete here) - review access in the field before treating as a genuine easement issue"}, {"type": "UNRECORDED", "msg": "Detected in imagery; no matching footprint in the existing building layer.", "citation": "Structure visible in imagery but absent from the OSM/cadastral building layer - verify permit"}], "area_m2": 110.3}, "geometry": {"type": "Polygon", "coordinates": [[[73.55803833007812, 19.689866361864237], [73.55801696777344, 19.689846249656586], [73.55801696777344, 19.689826137448936], [73.55799560546875, 19.689806025241285], [73.55799560546875, 19.689785913033635], [73.55797424316407, 19.689765800825985], [73.55797424316407, 19.689685351995383], [73.55799560546875, 19.689685351995383], [73.55801696777344, 19.689705464203033], [73.55801696777344, 19.689725576410684], [73.55803833007812, 19.689745688618334], [73.55805969238281, 19.689745688618334], [73.55805969238281, 19.689846249656586], [73.55803833007812, 19.689866361864237]]]}}, {"type": "Feature", "properties": {"id": 6, "unrecorded": true, "alerts": [{"type": "NO_ROAD", "msg": "Nearest mapped road is ~430 m away.", "citation": "Relative to the mapped OSM road network (itself incomplete here) - review access in the field before treating as a genuine easement issue"}, {"type": "UNRECORDED", "msg": "Detected in imagery; no matching footprint in the existing building layer.", "citation": "Structure visible in imagery but absent from the OSM/cadastral building layer - verify permit"}], "area_m2": 105.3}, "geometry": {"type": "Polygon", "coordinates": [[[73.56681823730469, 19.689946810694842], [73.56681823730469, 19.68992669848719], [73.566796875, 19.68990658627954], [73.56681823730469, 19.68988647407189], [73.56681823730469, 19.689846249656586], [73.566796875, 19.689826137448936], [73.56681823730469, 19.689806025241285], [73.56686096191406, 19.689806025241285], [73.56688232421875, 19.689785913033635], [73.56690368652343, 19.689785913033635], [73.56692504882812, 19.689765800825985], [73.56694641113282, 19.689765800825985], [73.56694641113282, 19.689846249656586], [73.56692504882812, 19.689846249656586], [73.56690368652343, 19.689826137448936], [73.56686096191406, 19.689826137448936], [73.56683959960938, 19.689846249656586], [73.56683959960938, 19.689946810694842], [73.56681823730469, 19.689946810694842]]]}}, {"type": "Feature", "properties": {"id": 7, "unrecorded": true, "alerts": [{"type": "NO_ROAD", "msg": "Nearest mapped road is ~442 m away.", "citation": "Relative to the mapped OSM road network (itself incomplete here) - review access in the field before treating as a genuine easement issue"}, {"type": "UNRECORDED", "msg": "Detected in imagery; no matching footprint in the existing building layer.", "citation": "Structure visible in imagery but absent from the OSM/cadastral building layer - verify permit"}], "area_m2": 92.7}, "geometry": {"type": "Polygon", "coordinates": [[[73.56613464355469, 19.68992669848719], [73.56613464355469, 19.68988647407189], [73.56619873046876, 19.68988647407189], [73.56622009277343, 19.689866361864237], [73.5662628173828, 19.68990658627954], [73.5662841796875, 19.68990658627954], [73.5662841796875, 19.68992669848719], [73.5662628173828, 19.68992669848719], [73.56624145507813, 19.689946810694842], [73.56615600585937, 19.689946810694842], [73.56613464355469, 19.68992669848719]]]}}, {"type": "Feature", "properties": {"id": 8, "unrecorded": true, "alerts": [{"type": "NO_ROAD", "msg": "Nearest mapped road is ~446 m away.", "citation": "Relative to the mapped OSM road network (itself incomplete here) - review access in the field before treating as a genuine easement issue"}, {"type": "UNRECORDED", "msg": "Detected in imagery; no matching footprint in the existing building layer.", "citation": "Structure visible in imagery but absent from the OSM/cadastral building layer - verify permit"}], "area_m2": 689.2}, "geometry": {"type": "Polygon", "coordinates": [[[73.56602783203125, 19.68988647407189], [73.5659423828125, 19.689987035110143], [73.56581420898438, 19.689966922902492], [73.56600646972656, 19.68990658627954], [73.56598510742188, 19.689846249656586], [73.56587829589844, 19.689826137448936], [73.56579284667968, 19.689846249656586], [73.565771484375, 19.68990658627954], [73.56553649902344, 19.68992669848719], [73.56555786132813, 19.689705464203033], [73.56568603515625, 19.689745688618334], [73.5656005859375, 19.689765800825985], [73.56562194824218, 19.689826137448936], [73.56583557128906, 19.689826137448936], [73.56589965820312, 19.689765800825985], [73.56589965820312, 19.689725576410684], [73.56583557128906, 19.689705464203033], [73.5659423828125, 19.689705464203033], [73.56598510742188, 19.68960490316478], [73.56602783203125, 19.68988647407189]]]}}, {"type": "Feature", "properties": {"id": 9, "unrecorded": true, "alerts": [{"type": "NO_ROAD", "msg": "Nearest mapped road is ~462 m away.", "citation": "Relative to the mapped OSM road network (itself incomplete here) - review access in the field before treating as a genuine easement issue"}, {"type": "UNRECORDED", "msg": "Detected in imagery; no matching footprint in the existing building layer.", "citation": "Structure visible in imagery but absent from the OSM/cadastral building layer - verify permit"}], "area_m2": 902.3}, "geometry": {"type": "Polygon", "coordinates": [[[73.55353088378907, 19.689866361864237], [73.55357360839844, 19.689846249656586], [73.55357360839844, 19.689806025241285], [73.55370178222657, 19.689785913033635], [73.55372314453125, 19.689745688618334], [73.55376586914062, 19.689745688618334], [73.55378723144531, 19.689785913033635], [73.55391540527344, 19.689765800825985], [73.55395812988282, 19.689725576410684], [73.55395812988282, 19.689685351995383], [73.55404357910156, 19.689685351995383], [73.55402221679688, 19.689806025241285], [73.55406494140625, 19.689826137448936], [73.55395812988282, 19.689866361864237], [73.55395812988282, 19.689946810694842], [73.55393676757812, 19.68990658627954], [73.55387268066406, 19.68990658627954], [73.55385131835938, 19.689966922902492], [73.55374450683594, 19.689946810694842], [73.55372314453125, 19.689987035110143], [73.55368041992188, 19.68992669848719], [73.5536376953125, 19.68992669848719], [73.55359497070313, 19.689966922902492], [73.55357360839844, 19.68988647407189], [73.55353088378907, 19.689866361864237]]]}}, {"type": "Feature", "properties": {"id": 10, "unrecorded": true, "alerts": [{"type": "NO_ROAD", "msg": "Nearest mapped road is ~571 m away.", "citation": "Relative to the mapped OSM road network (itself incomplete here) - review access in the field before treating as a genuine easement issue"}, {"type": "UNRECORDED", "msg": "Detected in imagery; no matching footprint in the existing building layer.", "citation": "Structure visible in imagery but absent from the OSM/cadastral building layer - verify permit"}], "area_m2": 92.7}, "geometry": {"type": "Polygon", "coordinates": [[[73.560302734375, 19.690087596148395], [73.5603240966797, 19.690067483940744], [73.5603240966797, 19.690027259525444], [73.56034545898437, 19.690007147317793], [73.56034545898437, 19.689987035110143], [73.56036682128907, 19.689966922902492], [73.56036682128907, 19.68992669848719], [73.56040954589844, 19.689966922902492], [73.56040954589844, 19.690007147317793], [73.56038818359374, 19.690027259525444], [73.56038818359374, 19.690067483940744], [73.56036682128907, 19.690067483940744], [73.56034545898437, 19.690087596148395], [73.560302734375, 19.690087596148395]]]}}, {"type": "Feature", "properties": {"id": 11, "unrecorded": true, "alerts": [{"type": "NO_ROAD", "msg": "Nearest mapped road is ~506 m away.", "citation": "Relative to the mapped OSM road network (itself incomplete here) - review access in the field before treating as a genuine easement issue"}, {"type": "UNRECORDED", "msg": "Detected in imagery; no matching footprint in the existing building layer.", "citation": "Structure visible in imagery but absent from the OSM/cadastral building layer - verify permit"}], "area_m2": 102.8}, "geometry": {"type": "Polygon", "coordinates": [[[73.55684204101563, 19.690127820563696], [73.5568634033203, 19.690107708356045], [73.5568634033203, 19.690027259525444], [73.55692749023437, 19.690027259525444], [73.55694885253907, 19.690007147317793], [73.55694885253907, 19.689987035110143], [73.55699157714844, 19.689987035110143], [73.55699157714844, 19.690047371733094], [73.55701293945313, 19.690067483940744], [73.5569061279297, 19.690067483940744], [73.556884765625, 19.690087596148395], [73.556884765625, 19.690107708356045], [73.5568634033203, 19.690127820563696], [73.55684204101563, 19.690127820563696]]]}}, {"type": "Feature", "properties": {"id": 12, "unrecorded": true, "alerts": [{"type": "NO_ROAD", "msg": "Nearest mapped road is ~517 m away.", "citation": "Relative to the mapped OSM road network (itself incomplete here) - review access in the field before treating as a genuine easement issue"}, {"type": "UNRECORDED", "msg": "Detected in imagery; no matching footprint in the existing building layer.", "citation": "Structure visible in imagery but absent from the OSM/cadastral building layer - verify permit"}], "area_m2": 90.2}, "geometry": {"type": "Polygon", "coordinates": [[[73.5577606201172, 19.690268606017252], [73.5577606201172, 19.6902484938096], [73.5577392578125, 19.69022838160195], [73.5577392578125, 19.69018815718665], [73.55780334472657, 19.69018815718665], [73.55782470703124, 19.690168044978996], [73.55784606933594, 19.690168044978996], [73.55786743164063, 19.690147932771346], [73.55786743164063, 19.6902082693943], [73.55784606933594, 19.69022838160195], [73.55782470703124, 19.69022838160195], [73.55780334472657, 19.6902484938096], [73.55778198242187, 19.6902484938096], [73.5577606201172, 19.690268606017252]]]}}, {"type": "Feature", "properties": {"id": 13, "unrecorded": true, "alerts": [{"type": "NO_ROAD", "msg": "Nearest mapped road is ~520 m away.", "citation": "Relative to the mapped OSM road network (itself incomplete here) - review access in the field before treating as a genuine easement issue"}, {"type": "UNRECORDED", "msg": "Detected in imagery; no matching footprint in the existing building layer.", "citation": "Structure visible in imagery but absent from the OSM/cadastral building layer - verify permit"}], "area_m2": 513.8}, "geometry": {"type": "Polygon", "coordinates": [[[73.55991821289062, 19.690590401339662], [73.55981140136718, 19.690590401339662], [73.55976867675781, 19.69050995250906], [73.559619140625, 19.690469728093756], [73.55968322753907, 19.690429503678455], [73.55966186523438, 19.690369167055504], [73.55951232910157, 19.690389279263155], [73.55934143066406, 19.690328942640203], [73.55932006835937, 19.690288718224902], [73.55925598144532, 19.690308830432553], [73.55923461914062, 19.690389279263155], [73.55912780761719, 19.690349054847854], [73.55921325683593, 19.690369167055504], [73.55925598144532, 19.690268606017252], [73.5594482421875, 19.690268606017252], [73.559619140625, 19.690349054847854], [73.55968322753907, 19.690328942640203], [73.55976867675781, 19.69048984030141], [73.55991821289062, 19.690590401339662]]]}}, {"type": "Feature", "properties": {"id": 14, "unrecorded": true, "alerts": [{"type": "NO_ROAD", "msg": "Nearest mapped road is ~395 m away.", "citation": "Relative to the mapped OSM road network (itself incomplete here) - review access in the field before treating as a genuine easement issue"}, {"type": "UNRECORDED", "msg": "Detected in imagery; no matching footprint in the existing building layer.", "citation": "Structure visible in imagery but absent from the OSM/cadastral building layer - verify permit"}], "area_m2": 127.8}, "geometry": {"type": "Polygon", "coordinates": [[[73.56380615234374, 19.69053006471671], [73.56384887695313, 19.69053006471671], [73.56384887695313, 19.69055017692436], [73.56387023925781, 19.690570289132012], [73.5638916015625, 19.690570289132012], [73.5638916015625, 19.690590401339662], [73.56391296386718, 19.690610513547313], [73.56395568847657, 19.690610513547313], [73.56395568847657, 19.690650737962613], [73.56382751464844, 19.690650737962613], [73.56382751464844, 19.690630625754963], [73.56380615234374, 19.690610513547313], [73.56380615234374, 19.69053006471671]]]}}, {"type": "Feature", "properties": {"id": 15, "unrecorded": true, "alerts": [{"type": "NO_ROAD", "msg": "Nearest mapped road is ~373 m away.", "citation": "Relative to the mapped OSM road network (itself incomplete here) - review access in the field before treating as a genuine easement issue"}, {"type": "UNRECORDED", "msg": "Detected in imagery; no matching footprint in the existing building layer.", "citation": "Structure visible in imagery but absent from the OSM/cadastral building layer - verify permit"}], "area_m2": 2303.3}, "geometry": {"type": "Polygon", "coordinates": [[[73.56553649902344, 19.69081163562382], [73.56553649902344, 19.690650737962613], [73.56534423828126, 19.690570289132012], [73.5654296875, 19.69053006471671], [73.5654510498047, 19.690389279263155], [73.56534423828126, 19.690268606017252], [73.5654296875, 19.6902484938096], [73.5654296875, 19.690168044978996], [73.56532287597656, 19.690107708356045], [73.5654083251953, 19.689866361864237], [73.56547241210937, 19.689846249656586], [73.5654510498047, 19.689966922902492], [73.56566467285157, 19.690087596148395], [73.565771484375, 19.690027259525444], [73.56583557128906, 19.690168044978996], [73.56592102050782, 19.690168044978996], [73.56572875976562, 19.69018815718665], [73.56581420898438, 19.690308830432553], [73.5656005859375, 19.690328942640203], [73.565771484375, 19.690449615886106], [73.56562194824218, 19.690429503678455], [73.56553649902344, 19.69053006471671], [73.56562194824218, 19.690711074585565], [73.56553649902344, 19.69081163562382]]]}}, {"type": "Feature", "properties": {"id": 16, "unrecorded": true, "alerts": [{"type": "NO_ROAD", "msg": "Nearest mapped road is ~345 m away.", "citation": "Relative to the mapped OSM road network (itself incomplete here) - review access in the field before treating as a genuine easement issue"}, {"type": "UNRECORDED", "msg": "Detected in imagery; no matching footprint in the existing building layer.", "citation": "Structure visible in imagery but absent from the OSM/cadastral building layer - verify permit"}], "area_m2": 147.9}, "geometry": {"type": "Polygon", "coordinates": [[[73.56468200683594, 19.691254104192133], [73.56468200683594, 19.691213879776832], [73.56470336914063, 19.69119376756918], [73.56470336914063, 19.69109320653093], [73.56474609375, 19.69109320653093], [73.56476745605468, 19.69107309432328], [73.56476745605468, 19.69111331873858], [73.56478881835938, 19.69113343094623], [73.56478881835938, 19.691213879776832], [73.56481018066407, 19.691233991984483], [73.56470336914063, 19.691233991984483], [73.56468200683594, 19.691254104192133]]]}}, {"type": "Feature", "properties": {"id": 17, "unrecorded": true, "alerts": [{"type": "NO_ROAD", "msg": "Nearest mapped road is ~328 m away.", "citation": "Relative to the mapped OSM road network (itself incomplete here) - review access in the field before treating as a genuine easement issue"}, {"type": "UNRECORDED", "msg": "Detected in imagery; no matching footprint in the existing building layer.", "citation": "Structure visible in imagery but absent from the OSM/cadastral building layer - verify permit"}], "area_m2": 333.3}, "geometry": {"type": "Polygon", "coordinates": [[[73.56340026855469, 19.691254104192133], [73.56335754394532, 19.691254104192133], [73.56329345703125, 19.69119376756918], [73.56322937011718, 19.69119376756918], [73.5632080078125, 19.691213879776832], [73.56316528320312, 19.69117365536153], [73.56307983398438, 19.69117365536153], [73.56310119628907, 19.69115354315388], [73.56310119628907, 19.69111331873858], [73.56307983398438, 19.69109320653093], [73.563037109375, 19.69109320653093], [73.563037109375, 19.691052982115625], [73.56312255859375, 19.691052982115625], [73.56316528320312, 19.69111331873858], [73.5632080078125, 19.69111331873858], [73.56322937011718, 19.69107309432328], [73.56322937011718, 19.69111331873858], [73.56325073242188, 19.69113343094623], [73.56329345703125, 19.69113343094623], [73.56331481933594, 19.69109320653093], [73.56340026855469, 19.69109320653093], [73.56335754394532, 19.69111331873858], [73.56335754394532, 19.69115354315388], [73.56337890625, 19.69117365536153], [73.56335754394532, 19.69119376756918], [73.56335754394532, 19.691233991984483], [73.56340026855469, 19.691254104192133]]]}}, {"type": "Feature", "properties": {"id": 18, "unrecorded": true, "alerts": [{"type": "NO_ROAD", "msg": "Nearest mapped road is ~360 m away.", "citation": "Relative to the mapped OSM road network (itself incomplete here) - review access in the field before treating as a genuine easement issue"}, {"type": "UNRECORDED", "msg": "Detected in imagery; no matching footprint in the existing building layer.", "citation": "Structure visible in imagery but absent from the OSM/cadastral building layer - verify permit"}], "area_m2": 431.1}, "geometry": {"type": "Polygon", "coordinates": [[[73.55632934570312, 19.69137477743804], [73.55626525878907, 19.691334553022735], [73.55626525878907, 19.691294328607434], [73.55624389648438, 19.691274216399783], [73.55615844726563, 19.691274216399783], [73.55611572265624, 19.691254104192133], [73.55611572265624, 19.691213879776832], [73.55607299804687, 19.69119376756918], [73.55607299804687, 19.69113343094623], [73.55609436035157, 19.69113343094623], [73.55613708496094, 19.69107309432328], [73.556201171875, 19.69111331873858], [73.556201171875, 19.69115354315388], [73.55622253417968, 19.69117365536153], [73.55626525878907, 19.69117365536153], [73.55628662109375, 19.69115354315388], [73.55628662109375, 19.69111331873858], [73.55632934570312, 19.69111331873858], [73.55630798339844, 19.69115354315388], [73.55632934570312, 19.69137477743804]]]}}, {"type": "Feature", "properties": {"id": 19, "unrecorded": true, "alerts": [{"type": "NO_ROAD", "msg": "Nearest mapped road is ~326 m away.", "citation": "Relative to the mapped OSM road network (itself incomplete here) - review access in the field before treating as a genuine easement issue"}, {"type": "UNRECORDED", "msg": "Detected in imagery; no matching footprint in the existing building layer.", "citation": "Structure visible in imagery but absent from the OSM/cadastral building layer - verify permit"}], "area_m2": 152.9}, "geometry": {"type": "Polygon", "coordinates": [[[73.56461791992187, 19.69141500185334], [73.5645965576172, 19.69139488964569], [73.5645965576172, 19.691354665230385], [73.56453247070313, 19.691314440815084], [73.5645538330078, 19.691294328607434], [73.5645538330078, 19.691254104192133], [73.56453247070313, 19.691233991984483], [73.56451110839843, 19.691233991984483], [73.56451110839843, 19.69119376756918], [73.56453247070313, 19.69119376756918], [73.5645538330078, 19.69117365536153], [73.5645538330078, 19.69115354315388], [73.5645751953125, 19.69115354315388], [73.5645965576172, 19.69113343094623], [73.5645965576172, 19.69115354315388], [73.56461791992187, 19.69117365536153], [73.5645965576172, 19.69119376756918], [73.5645965576172, 19.691314440815084], [73.56461791992187, 19.691334553022735], [73.56463928222657, 19.691334553022735], [73.56461791992187, 19.691354665230385], [73.56461791992187, 19.69141500185334]]]}}, {"type": "Feature", "properties": {"id": 20, "unrecorded": true, "alerts": [{"type": "NO_ROAD", "msg": "Nearest mapped road is ~432 m away.", "citation": "Relative to the mapped OSM road network (itself incomplete here) - review access in the field before treating as a genuine easement issue"}, {"type": "UNRECORDED", "msg": "Detected in imagery; no matching footprint in the existing building layer.", "citation": "Structure visible in imagery but absent from the OSM/cadastral building layer - verify permit"}], "area_m2": 310.8}, "geometry": {"type": "Polygon", "coordinates": [[[73.55938415527343, 19.69141500185334], [73.55929870605469, 19.691354665230385], [73.55929870605469, 19.691314440815084], [73.55927734375, 19.691294328607434], [73.55923461914062, 19.691294328607434], [73.55921325683593, 19.691334553022735], [73.5591064453125, 19.691314440815084], [73.5591064453125, 19.691233991984483], [73.55908508300782, 19.691213879776832], [73.55921325683593, 19.691213879776832], [73.55927734375, 19.691274216399783], [73.55932006835937, 19.691274216399783], [73.55940551757813, 19.691314440815084], [73.55940551757813, 19.69137477743804], [73.55938415527343, 19.69141500185334]]]}}, {"type": "Feature", "properties": {"id": 21, "unrecorded": true, "alerts": [{"type": "NO_ROAD", "msg": "Nearest mapped road is ~404 m away.", "citation": "Relative to the mapped OSM road network (itself incomplete here) - review access in the field before treating as a genuine easement issue"}, {"type": "UNRECORDED", "msg": "Detected in imagery; no matching footprint in the existing building layer.", "citation": "Structure visible in imagery but absent from the OSM/cadastral building layer - verify permit"}], "area_m2": 1731.9}, "geometry": {"type": "Polygon", "coordinates": [[[73.56038818359374, 19.691596011722194], [73.56019592285156, 19.69147533847629], [73.56021728515626, 19.69143511406099], [73.5602813720703, 19.69149545068394], [73.56038818359374, 19.691354665230385], [73.56015319824219, 19.691254104192133], [73.56034545898437, 19.691213879776832], [73.56038818359374, 19.691314440815084], [73.5604736328125, 19.691314440815084], [73.56055908203125, 19.69119376756918], [73.56045227050781, 19.69119376756918], [73.56045227050781, 19.69109320653093], [73.56060180664062, 19.69087197224677], [73.56058044433594, 19.690992645492674], [73.56070861816406, 19.691012757700324], [73.56070861816406, 19.69111331873858], [73.56060180664062, 19.69107309432328], [73.56058044433594, 19.69113343094623], [73.56077270507812, 19.691233991984483], [73.56075134277344, 19.691294328607434], [73.56062316894531, 19.691233991984483], [73.56060180664062, 19.691314440815084], [73.56070861816406, 19.691334553022735], [73.56077270507812, 19.69143511406099], [73.56066589355468, 19.69147533847629], [73.56064453125, 19.69141500185334], [73.56049499511718, 19.69141500185334], [73.56051635742188, 19.691535675099242], [73.56045227050781, 19.691515562891592], [73.56038818359374, 19.691596011722194]]]}}, {"type": "Feature", "properties": {"id": 22, "unrecorded": true, "alerts": [{"type": "NO_ROAD", "msg": "Nearest mapped road is ~299 m away.", "citation": "Relative to the mapped OSM road network (itself incomplete here) - review access in the field before treating as a genuine easement issue"}, {"type": "UNRECORDED", "msg": "Detected in imagery; no matching footprint in the existing building layer.", "citation": "Structure visible in imagery but absent from the OSM/cadastral building layer - verify permit"}], "area_m2": 471.2}, "geometry": {"type": "Polygon", "coordinates": [[[73.55553894042968, 19.69173679717575], [73.555517578125, 19.6916764605528], [73.55560302734375, 19.691656348345145], [73.55560302734375, 19.691596011722194], [73.55556030273438, 19.691575899514543], [73.55556030273438, 19.691535675099242], [73.55566711425782, 19.691515562891592], [73.55562438964844, 19.691535675099242], [73.55562438964844, 19.691616123929844], [73.5556884765625, 19.691636236137494], [73.55570983886719, 19.691555787306893], [73.55575256347656, 19.691555787306893], [73.55577392578125, 19.691515562891592], [73.55588073730469, 19.691515562891592], [73.555859375, 19.691575899514543], [73.55579528808593, 19.691555787306893], [73.55573120117188, 19.691616123929844], [73.55575256347656, 19.69169657276045], [73.5556884765625, 19.6917569093834], [73.55570983886719, 19.69181724600635], [73.55564575195312, 19.69181724600635], [73.55560302734375, 19.69173679717575], [73.55553894042968, 19.69173679717575]]]}}, {"type": "Feature", "properties": {"id": 23, "unrecorded": true, "alerts": [{"type": "UNRECORDED", "msg": "Detected in imagery; no matching footprint in the existing building layer.", "citation": "Structure visible in imagery but absent from the OSM/cadastral building layer - verify permit"}], "area_m2": 102.8}, "geometry": {"type": "Polygon", "coordinates": [[[73.57239379882813, 19.691958031459905], [73.57237243652344, 19.691958031459905], [73.57237243652344, 19.691937919252254], [73.57235107421874, 19.691917807044604], [73.57232971191407, 19.691917807044604], [73.57235107421874, 19.691897694836953], [73.57235107421874, 19.691837358214002], [73.57237243652344, 19.69181724600635], [73.57239379882813, 19.691837358214002], [73.5724365234375, 19.691837358214002], [73.5724365234375, 19.691857470421652], [73.57245788574218, 19.691877582629303], [73.5724365234375, 19.691877582629303], [73.57241516113281, 19.691897694836953], [73.57241516113281, 19.691937919252254], [73.57239379882813, 19.691958031459905]]]}}, {"type": "Feature", "properties": {"id": 24, "unrecorded": true, "alerts": [{"type": "NO_ROAD", "msg": "Nearest mapped road is ~267 m away.", "citation": "Relative to the mapped OSM road network (itself incomplete here) - review access in the field before treating as a genuine easement issue"}, {"type": "UNRECORDED", "msg": "Detected in imagery; no matching footprint in the existing building layer.", "citation": "Structure visible in imagery but absent from the OSM/cadastral building layer - verify permit"}], "area_m2": 345.9}, "geometry": {"type": "Polygon", "coordinates": [[[73.56498107910156, 19.69199825587521], [73.56500244140625, 19.69197814366756], [73.56500244140625, 19.691958031459905], [73.56528015136719, 19.691958031459905], [73.56528015136719, 19.69201836808286], [73.56523742675782, 19.69207870470581], [73.56519470214843, 19.69207870470581], [73.56517333984375, 19.69205859249816], [73.565087890625, 19.69205859249816], [73.56506652832032, 19.69207870470581], [73.56504516601562, 19.69207870470581], [73.56500244140625, 19.69203848029051], [73.56500244140625, 19.69201836808286], [73.56498107910156, 19.69199825587521]]]}}, {"type": "Feature", "properties": {"id": 25, "unrecorded": true, "alerts": [{"type": "UNRECORDED", "msg": "Detected in imagery; no matching footprint in the existing building layer.", "citation": "Structure visible in imagery but absent from the OSM/cadastral building layer - verify permit"}], "area_m2": 295.7}, "geometry": {"type": "Polygon", "coordinates": [[[73.57066345214844, 19.692259714574668], [73.57066345214844, 19.692219490159363], [73.57070617675781, 19.692199377951713], [73.57081298828125, 19.692199377951713], [73.57083435058594, 19.692179265744063], [73.57083435058594, 19.69211892912111], [73.57085571289062, 19.69209881691346], [73.57094116210938, 19.69209881691346], [73.57096252441406, 19.69207870470581], [73.57096252441406, 19.69203848029051], [73.57100524902344, 19.69201836808286], [73.57100524902344, 19.69207870470581], [73.57091979980468, 19.69211892912111], [73.57091979980468, 19.692159153536412], [73.57094116210938, 19.692179265744063], [73.57091979980468, 19.692219490159363], [73.57083435058594, 19.692239602367014], [73.57077026367188, 19.69227982678232], [73.5707275390625, 19.692259714574668], [73.57066345214844, 19.692259714574668]]]}}, {"type": "Feature", "properties": {"id": 26, "unrecorded": true, "alerts": [{"type": "UNRECORDED", "msg": "Detected in imagery; no matching footprint in the existing building layer.", "citation": "Structure visible in imagery but absent from the OSM/cadastral building layer - verify permit"}], "area_m2": 213.0}, "geometry": {"type": "Polygon", "coordinates": [[[73.565771484375, 19.69238038782057], [73.565771484375, 19.69232005119762], [73.56583557128906, 19.69229993898997], [73.56583557128906, 19.692259714574668], [73.565771484375, 19.692239602367014], [73.56589965820312, 19.692239602367014], [73.56592102050782, 19.692219490159363], [73.56600646972656, 19.692239602367014], [73.56604919433593, 19.692219490159363], [73.56607055664062, 19.692179265744063], [73.56611328125, 19.692199377951713], [73.56607055664062, 19.692239602367014], [73.56604919433593, 19.69232005119762], [73.56604919433593, 19.69227982678232], [73.56598510742188, 19.692239602367014], [73.56592102050782, 19.692239602367014], [73.56589965820312, 19.692259714574668], [73.56589965820312, 19.69236027561292], [73.56592102050782, 19.69238038782057], [73.56589965820312, 19.69242061223587], [73.56585693359375, 19.69234016340527], [73.56581420898438, 19.69234016340527], [73.565771484375, 19.69238038782057]]]}}, {"type": "Feature", "properties": {"id": 27, "unrecorded": true, "alerts": [{"type": "NO_ROAD", "msg": "Nearest mapped road is ~243 m away.", "citation": "Relative to the mapped OSM road network (itself incomplete here) - review access in the field before treating as a genuine easement issue"}, {"type": "UNRECORDED", "msg": "Detected in imagery; no matching footprint in the existing building layer.", "citation": "Structure visible in imagery but absent from the OSM/cadastral building layer - verify permit"}], "area_m2": 471.2}, "geometry": {"type": "Polygon", "coordinates": [[[73.556201171875, 19.69242061223587], [73.556201171875, 19.69229993898997], [73.55609436035157, 19.69227982678232], [73.55609436035157, 19.692239602367014], [73.55615844726563, 19.692179265744063], [73.55615844726563, 19.69209881691346], [73.55617980957031, 19.692159153536412], [73.55626525878907, 19.692159153536412], [73.55622253417968, 19.692199377951713], [73.55624389648438, 19.692259714574668], [73.55639343261718, 19.692219490159363], [73.55639343261718, 19.69211892912111], [73.55635070800781, 19.69209881691346], [73.55645751953125, 19.69211892912111], [73.55647888183594, 19.692139041328762], [73.55645751953125, 19.692219490159363], [73.55639343261718, 19.692239602367014], [73.5563720703125, 19.69232005119762], [73.55635070800781, 19.69227982678232], [73.55630798339844, 19.69227982678232], [73.55628662109375, 19.69234016340527], [73.556201171875, 19.69242061223587]]]}}, {"type": "Feature", "properties": {"id": 28, "unrecorded": true, "alerts": [{"type": "NO_ROAD", "msg": "Nearest mapped road is ~269 m away.", "citation": "Relative to the mapped OSM road network (itself incomplete here) - review access in the field before treating as a genuine easement issue"}, {"type": "UNRECORDED", "msg": "Detected in imagery; no matching footprint in the existing building layer.", "citation": "Structure visible in imagery but absent from the OSM/cadastral building layer - verify permit"}], "area_m2": 120.3}, "geometry": {"type": "Polygon", "coordinates": [[[73.56169128417969, 19.692561397689428], [73.56169128417969, 19.692521173274123], [73.561669921875, 19.692501061066473], [73.561669921875, 19.69240050002822], [73.56173400878906, 19.69240050002822], [73.56173400878906, 19.692460836651172], [73.56175537109375, 19.692480948858822], [73.56179809570312, 19.692480948858822], [73.56179809570312, 19.692501061066473], [73.56175537109375, 19.692501061066473], [73.56173400878906, 19.692521173274123], [73.56173400878906, 19.692541285481774], [73.56171264648438, 19.692541285481774], [73.56169128417969, 19.692561397689428]]]}}, {"type": "Feature", "properties": {"id": 29, "unrecorded": true, "alerts": [{"type": "UNRECORDED", "msg": "Detected in imagery; no matching footprint in the existing building layer.", "citation": "Structure visible in imagery but absent from the OSM/cadastral building layer - verify permit"}], "area_m2": 927.3}, "geometry": {"type": "Polygon", "coordinates": [[[73.56474609375, 19.69236027561292], [73.56463928222657, 19.69238038782057], [73.56461791992187, 19.692561397689428], [73.56470336914063, 19.692581509897078], [73.56461791992187, 19.692581509897078], [73.5645751953125, 19.69266195872768], [73.5645538330078, 19.69262173431238], [73.56446838378906, 19.69262173431238], [73.56446838378906, 19.692561397689428], [73.56438293457032, 19.692460836651172], [73.56412658691406, 19.692521173274123], [73.56408386230468, 19.692480948858822], [73.56391296386718, 19.692501061066473], [73.56395568847657, 19.69242061223587], [73.56419067382812, 19.692460836651172], [73.5642333984375, 19.69240050002822], [73.56438293457032, 19.69244072444352], [73.564404296875, 19.69238038782057], [73.56446838378906, 19.69236027561292], [73.56448974609376, 19.69240050002822], [73.56470336914063, 19.69234016340527], [73.56474609375, 19.69236027561292]]]}}, {"type": "Feature", "properties": {"id": 30, "unrecorded": true, "alerts": [{"type": "UNRECORDED", "msg": "Detected in imagery; no matching footprint in the existing building layer.", "citation": "Structure visible in imagery but absent from the OSM/cadastral building layer - verify permit"}], "area_m2": 551.4}, "geometry": {"type": "Polygon", "coordinates": [[[73.55353088378907, 19.69270218314298], [73.55350952148437, 19.69268207093533], [73.55350952148437, 19.69264184652003], [73.553466796875, 19.69262173431238], [73.553466796875, 19.69240050002822], [73.55359497070313, 19.69238038782057], [73.55361633300781, 19.69240050002822], [73.55359497070313, 19.69242061223587], [73.55361633300781, 19.692501061066473], [73.5536376953125, 19.692521173274123], [73.55370178222657, 19.692521173274123], [73.55372314453125, 19.692501061066473], [73.55374450683594, 19.692521173274123], [73.55372314453125, 19.692541285481774], [73.55372314453125, 19.692581509897078], [73.55374450683594, 19.69260162210473], [73.55372314453125, 19.69262173431238], [73.55357360839844, 19.69260162210473], [73.55353088378907, 19.69270218314298]]]}}, {"type": "Feature", "properties": {"id": 31, "unrecorded": true, "alerts": [{"type": "NO_ROAD", "msg": "Nearest mapped road is ~201 m away.", "citation": "Relative to the mapped OSM road network (itself incomplete here) - review access in the field before treating as a genuine easement issue"}, {"type": "UNRECORDED", "msg": "Detected in imagery; no matching footprint in the existing building layer.", "citation": "Structure visible in imagery but absent from the OSM/cadastral building layer - verify permit"}], "area_m2": 225.6}, "geometry": {"type": "Polygon", "coordinates": [[[73.55588073730469, 19.69268207093533], [73.55590209960937, 19.69266195872768], [73.55590209960937, 19.69264184652003], [73.55594482421876, 19.69260162210473], [73.55594482421876, 19.69264184652003], [73.55596618652343, 19.69266195872768], [73.55598754882813, 19.69266195872768], [73.5560302734375, 19.69270218314298], [73.55611572265624, 19.69270218314298], [73.55613708496094, 19.69272229535063], [73.55613708496094, 19.69274240755828], [73.55611572265624, 19.69276251976593], [73.55596618652343, 19.69276251976593], [73.55592346191406, 19.69272229535063], [73.55588073730469, 19.69272229535063], [73.55588073730469, 19.69268207093533]]]}}, {"type": "Feature", "properties": {"id": 32, "unrecorded": true, "alerts": [{"type": "NO_ROAD", "msg": "Nearest mapped road is ~252 m away.", "citation": "Relative to the mapped OSM road network (itself incomplete here) - review access in the field before treating as a genuine easement issue"}, {"type": "UNRECORDED", "msg": "Detected in imagery; no matching footprint in the existing building layer.", "citation": "Structure visible in imagery but absent from the OSM/cadastral building layer - verify permit"}], "area_m2": 849.6}, "geometry": {"type": "Polygon", "coordinates": [[[73.55974731445312, 19.692842968596533], [73.55983276367188, 19.692842968596533], [73.55976867675781, 19.692782631973582], [73.55981140136718, 19.69274240755828], [73.55989685058594, 19.692802744181233], [73.56002502441406, 19.69272229535063], [73.56017456054687, 19.692782631973582], [73.56021728515626, 19.69270218314298], [73.560302734375, 19.69268207093533], [73.56034545898437, 19.69274240755828], [73.56045227050781, 19.69274240755828], [73.56049499511718, 19.69266195872768], [73.56062316894531, 19.692822856388883], [73.56053771972657, 19.692782631973582], [73.56034545898437, 19.692782631973582], [73.56023864746093, 19.692842968596533], [73.56011047363282, 19.692802744181233], [73.5601318359375, 19.69298375405009], [73.56006774902343, 19.692883193011838], [73.55993957519532, 19.692822856388883], [73.55985412597656, 19.692822856388883], [73.55983276367188, 19.692883193011838], [73.55989685058594, 19.692903305219488], [73.55981140136718, 19.69292341742714], [73.55974731445312, 19.692842968596533]]]}}, {"type": "Feature", "properties": {"id": 33, "unrecorded": true, "alerts": [{"type": "NO_ROAD", "msg": "Nearest mapped road is ~234 m away.", "citation": "Relative to the mapped OSM road network (itself incomplete here) - review access in the field before treating as a genuine easement issue"}, {"type": "UNRECORDED", "msg": "Detected in imagery; no matching footprint in the existing building layer.", "citation": "Structure visible in imagery but absent from the OSM/cadastral building layer - verify permit"}], "area_m2": 288.2}, "geometry": {"type": "Polygon", "coordinates": [[[73.55874328613281, 19.6932251005419], [73.55874328613281, 19.693164763918947], [73.55872192382813, 19.693144651711293], [73.55870056152344, 19.693144651711293], [73.55870056152344, 19.693124539503643], [73.55874328613281, 19.693084315088342], [73.5587646484375, 19.693084315088342], [73.5587646484375, 19.693104427295992], [73.55878601074218, 19.693124539503643], [73.55885009765625, 19.693124539503643], [73.55889282226562, 19.693084315088342], [73.55889282226562, 19.69306420288069], [73.55891418457031, 19.69304409067304], [73.558935546875, 19.69304409067304], [73.558935546875, 19.693084315088342], [73.55891418457031, 19.693104427295992], [73.55891418457031, 19.693184876126598], [73.558935546875, 19.693204988334248], [73.558935546875, 19.6932251005419], [73.55880737304688, 19.6932251005419], [73.55878601074218, 19.69324521274955], [73.5587646484375, 19.6932251005419], [73.55874328613281, 19.6932251005419]]]}}, {"type": "Feature", "properties": {"id": 34, "unrecorded": true, "alerts": [{"type": "UNRECORDED", "msg": "Detected in imagery; no matching footprint in the existing building layer.", "citation": "Structure visible in imagery but absent from the OSM/cadastral building layer - verify permit"}], "area_m2": 313.3}, "geometry": {"type": "Polygon", "coordinates": [[[73.55455627441407, 19.693426222618402], [73.55453491210938, 19.693446334826056], [73.5544921875, 19.693406110410752], [73.55436401367187, 19.693406110410752], [73.5542999267578, 19.6932653249572], [73.55421447753906, 19.6932653249572], [73.55419311523437, 19.6933055493725], [73.55417175292969, 19.6932653249572], [73.55406494140625, 19.6932653249572], [73.55406494140625, 19.69324521274955], [73.554150390625, 19.693204988334248], [73.55417175292969, 19.69324521274955], [73.55423583984376, 19.69324521274955], [73.55425720214843, 19.693184876126598], [73.5542999267578, 19.6932251005419], [73.5543212890625, 19.6933055493725], [73.55440673828124, 19.69336588599545], [73.5544921875, 19.69336588599545], [73.55451354980468, 19.69328543716485], [73.55457763671875, 19.6932653249572], [73.55455627441407, 19.69328543716485], [73.55455627441407, 19.693426222618402]]]}}, {"type": "Feature", "properties": {"id": 35, "unrecorded": true, "alerts": [{"type": "UNRECORDED", "msg": "Detected in imagery; no matching footprint in the existing building layer.", "citation": "Structure visible in imagery but absent from the OSM/cadastral building layer - verify permit"}], "area_m2": 92.7}, "geometry": {"type": "Polygon", "coordinates": [[[73.57258605957031, 19.693506671449008], [73.57256469726562, 19.693486559241357], [73.57256469726562, 19.693426222618402], [73.57258605957031, 19.693406110410752], [73.57262878417968, 19.693406110410752], [73.57265014648438, 19.6933859982031], [73.57265014648438, 19.69332566158015], [73.57267150878906, 19.69332566158015], [73.57267150878906, 19.693426222618402], [73.57265014648438, 19.693426222618402], [73.572607421875, 19.693466447033707], [73.572607421875, 19.693506671449008], [73.57258605957031, 19.693506671449008]]]}}, {"type": "Feature", "properties": {"id": 36, "unrecorded": true, "alerts": [{"type": "RAIL_BUFFER", "msg": "Footprint is ~19 m from the rail line - inside the 30 m safety buffer.", "citation": "Railways Act, 1989 - Sec. 3 (30 m safety strip)"}, {"type": "UNRECORDED", "msg": "Detected in imagery; no matching footprint in the existing building layer.", "citation": "Structure visible in imagery but absent from the OSM/cadastral building layer - verify permit"}], "area_m2": 869.7}, "geometry": {"type": "Polygon", "coordinates": [[[73.56220397949218, 19.69358712027961], [73.56211853027344, 19.693506671449008], [73.56213989257813, 19.693426222618402], [73.56207580566407, 19.6933457737878], [73.56196899414063, 19.69332566158015], [73.56194763183593, 19.6933457737878], [73.56196899414063, 19.693406110410752], [73.56190490722656, 19.693406110410752], [73.56190490722656, 19.69336588599545], [73.56186218261719, 19.6933457737878], [73.56186218261719, 19.69328543716485], [73.56181945800782, 19.6932653249572], [73.56188354492187, 19.69324521274955], [73.56205444335937, 19.6932653249572], [73.56207580566407, 19.693184876126598], [73.56213989257813, 19.69324521274955], [73.56220397949218, 19.69324521274955], [73.56222534179688, 19.693204988334248], [73.56228942871094, 19.6932653249572], [73.56226806640625, 19.6933859982031], [73.56231079101562, 19.693406110410752], [73.56226806640625, 19.693466447033707], [73.56220397949218, 19.693486559241357], [73.56220397949218, 19.69358712027961]]]}}, {"type": "Feature", "properties": {"id": 37, "unrecorded": true, "alerts": [{"type": "UNRECORDED", "msg": "Detected in imagery; no matching footprint in the existing building layer.", "citation": "Structure visible in imagery but absent from the OSM/cadastral building layer - verify permit"}], "area_m2": 167.9}, "geometry": {"type": "Polygon", "coordinates": [[[73.56011047363282, 19.69360723248726], [73.5601318359375, 19.69358712027961], [73.5601318359375, 19.693526783656658], [73.56021728515626, 19.693526783656658], [73.56023864746093, 19.693506671449008], [73.56023864746093, 19.693426222618402], [73.56026000976563, 19.693446334826056], [73.560302734375, 19.693446334826056], [73.5603240966797, 19.693406110410752], [73.5603240966797, 19.693466447033707], [73.56034545898437, 19.693486559241357], [73.56034545898437, 19.693526783656658], [73.56040954589844, 19.69356700807196], [73.56038818359374, 19.69356700807196], [73.560302734375, 19.693506671449008], [73.56026000976563, 19.693506671449008], [73.56019592285156, 19.69356700807196], [73.56019592285156, 19.69360723248726], [73.56011047363282, 19.69360723248726]]]}}, {"type": "Feature", "properties": {"id": 38, "unrecorded": true, "alerts": [{"type": "RAIL_BUFFER", "msg": "Footprint is ~0 m from the rail line - inside the 30 m safety buffer.", "citation": "Railways Act, 1989 - Sec. 3 (30 m safety strip)"}, {"type": "UNRECORDED", "msg": "Detected in imagery; no matching footprint in the existing building layer.", "citation": "Structure visible in imagery but absent from the OSM/cadastral building layer - verify permit"}], "area_m2": 398.5}, "geometry": {"type": "Polygon", "coordinates": [[[73.56549377441407, 19.693727905733162], [73.56547241210937, 19.69368768131786], [73.56532287597656, 19.69368768131786], [73.56536560058593, 19.69366756911021], [73.56536560058593, 19.69362734469491], [73.56532287597656, 19.69360723248726], [73.56532287597656, 19.69354689586431], [73.56528015136719, 19.693526783656658], [73.56530151367187, 19.693526783656658], [73.56532287597656, 19.693486559241357], [73.56551513671874, 19.693486559241357], [73.56551513671874, 19.69358712027961], [73.56547241210937, 19.69362734469491], [73.56549377441407, 19.693727905733162]]]}}, {"type": "Feature", "properties": {"id": 39, "unrecorded": true, "alerts": [{"type": "RAIL_BUFFER", "msg": "Footprint is ~0 m from the rail line - inside the 30 m safety buffer.", "citation": "Railways Act, 1989 - Sec. 3 (30 m safety strip)"}, {"type": "UNRECORDED", "msg": "Detected in imagery; no matching footprint in the existing building layer.", "citation": "Structure visible in imagery but absent from the OSM/cadastral building layer - verify permit"}], "area_m2": 599.0}, "geometry": {"type": "Polygon", "coordinates": [[[73.56763000488282, 19.69358712027961], [73.56769409179688, 19.693466447033707], [73.56773681640625, 19.69356700807196], [73.56780090332032, 19.69356700807196], [73.56784362792969, 19.693486559241357], [73.56795043945313, 19.693506671449008], [73.5679718017578, 19.693466447033707], [73.56809997558594, 19.693466447033707], [73.56814270019531, 19.693426222618402], [73.56827087402344, 19.693486559241357], [73.56827087402344, 19.69354689586431], [73.56822814941407, 19.69356700807196], [73.56814270019531, 19.693486559241357], [73.56805725097657, 19.693506671449008], [73.56803588867187, 19.69354689586431], [73.56790771484376, 19.69354689586431], [73.56788635253906, 19.69360723248726], [73.56777954101562, 19.69366756911021], [73.56777954101562, 19.693707793525512], [73.56786499023437, 19.693768130148467], [73.56777954101562, 19.693788242356117], [73.56773681640625, 19.693748017940816], [73.56780090332032, 19.69358712027961], [73.56763000488282, 19.69358712027961]]]}}, {"type": "Feature", "properties": {"id": 40, "unrecorded": true, "alerts": [{"type": "RAIL_BUFFER", "msg": "Footprint is ~13 m from the rail line - inside the 30 m safety buffer.", "citation": "Railways Act, 1989 - Sec. 3 (30 m safety strip)"}, {"type": "UNRECORDED", "msg": "Detected in imagery; no matching footprint in the existing building layer.", "citation": "Structure visible in imagery but absent from the OSM/cadastral building layer - verify permit"}], "area_m2": 586.5}, "geometry": {"type": "Polygon", "coordinates": [[[73.56897583007813, 19.69368768131786], [73.56889038085937, 19.693707793525512], [73.5688690185547, 19.693768130148467], [73.56874084472656, 19.693768130148467], [73.56871948242187, 19.693808354563767], [73.56859130859375, 19.693748017940816], [73.56852722167969, 19.693788242356117], [73.56844177246094, 19.693748017940816], [73.56820678710938, 19.693788242356117], [73.56818542480468, 19.693707793525512], [73.56820678710938, 19.69368768131786], [73.56822814941407, 19.693748017940816], [73.56829223632812, 19.693748017940816], [73.56831359863281, 19.69364745690256], [73.56852722167969, 19.69368768131786], [73.56852722167969, 19.69358712027961], [73.56861267089843, 19.69360723248726], [73.56854858398438, 19.69362734469491], [73.56854858398438, 19.69368768131786], [73.56865539550782, 19.693707793525512], [73.5686767578125, 19.693768130148467], [73.56880493164063, 19.693727905733162], [73.5688262939453, 19.69362734469491], [73.56884765625, 19.693707793525512], [73.56897583007813, 19.69368768131786]]]}}, {"type": "Feature", "properties": {"id": 41, "unrecorded": true, "alerts": [{"type": "UNRECORDED", "msg": "Detected in imagery; no matching footprint in the existing building layer.", "citation": "Structure visible in imagery but absent from the OSM/cadastral building layer - verify permit"}], "area_m2": 140.4}, "geometry": {"type": "Polygon", "coordinates": [[[73.5693603515625, 19.69394914001732], [73.56938171386719, 19.69390891560202], [73.56942443847656, 19.69388880339437], [73.56942443847656, 19.69386869118672], [73.56950988769532, 19.69386869118672], [73.56957397460937, 19.693828466771418], [73.5697021484375, 19.693828466771418], [73.5697235107422, 19.69384857897907], [73.5696807861328, 19.69384857897907], [73.56965942382813, 19.69386869118672], [73.56965942382813, 19.69390891560202], [73.56963806152343, 19.69386869118672], [73.56953125, 19.69386869118672], [73.56946716308593, 19.69390891560202], [73.56946716308593, 19.69394914001732], [73.56944580078125, 19.69392902780967], [73.56938171386719, 19.69392902780967], [73.5693603515625, 19.69394914001732]]]}}, {"type": "Feature", "properties": {"id": 42, "unrecorded": true, "alerts": [{"type": "UNRECORDED", "msg": "Detected in imagery; no matching footprint in the existing building layer.", "citation": "Structure visible in imagery but absent from the OSM/cadastral building layer - verify permit"}], "area_m2": 411.0}, "geometry": {"type": "Polygon", "coordinates": [[[73.57241516113281, 19.694049701055576], [73.57239379882813, 19.694069813263226], [73.57232971191407, 19.694069813263226], [73.5722869873047, 19.69400947664027], [73.5722442626953, 19.69400947664027], [73.5722442626953, 19.69396925222497], [73.57215881347656, 19.69388880339437], [73.57207336425782, 19.69388880339437], [73.57207336425782, 19.69386869118672], [73.57213745117187, 19.69384857897907], [73.57213745117187, 19.693788242356117], [73.5720947265625, 19.693768130148467], [73.57213745117187, 19.693768130148467], [73.57220153808593, 19.69384857897907], [73.5722442626953, 19.69384857897907], [73.5722869873047, 19.69392902780967], [73.57232971191407, 19.69392902780967], [73.57235107421874, 19.69390891560202], [73.57235107421874, 19.69384857897907], [73.57237243652344, 19.69384857897907], [73.57237243652344, 19.69388880339437], [73.57245788574218, 19.69396925222497], [73.57239379882813, 19.69396925222497], [73.57237243652344, 19.69398936443262], [73.57237243652344, 19.694029588847922], [73.57241516113281, 19.694049701055576]]]}}, {"type": "Feature", "properties": {"id": 43, "unrecorded": true, "alerts": [{"type": "RAIL_BUFFER", "msg": "Footprint is ~20 m from the rail line - inside the 30 m safety buffer.", "citation": "Railways Act, 1989 - Sec. 3 (30 m safety strip)"}, {"type": "UNRECORDED", "msg": "Detected in imagery; no matching footprint in the existing building layer.", "citation": "Structure visible in imagery but absent from the OSM/cadastral building layer - verify permit"}], "area_m2": 350.9}, "geometry": {"type": "Polygon", "coordinates": [[[73.56021728515626, 19.694029588847922], [73.56023864746093, 19.69400947664027], [73.56034545898437, 19.69398936443262], [73.56036682128907, 19.69396925222497], [73.56036682128907, 19.69392902780967], [73.56045227050781, 19.69392902780967], [73.5604736328125, 19.69390891560202], [73.5604736328125, 19.69384857897907], [73.56049499511718, 19.69384857897907], [73.56049499511718, 19.69392902780967], [73.56053771972657, 19.69394914001732], [73.56055908203125, 19.69400947664027], [73.56062316894531, 19.694049701055576], [73.56060180664062, 19.694069813263226], [73.56058044433594, 19.694029588847922], [73.56051635742188, 19.694029588847922], [73.56049499511718, 19.694049701055576], [73.56034545898437, 19.694049701055576], [73.5603240966797, 19.694069813263226], [73.5602813720703, 19.694029588847922], [73.56021728515626, 19.694029588847922]]]}}, {"type": "Feature", "properties": {"id": 44, "unrecorded": true, "alerts": [{"type": "UNRECORDED", "msg": "Detected in imagery; no matching footprint in the existing building layer.", "citation": "Structure visible in imagery but absent from the OSM/cadastral building layer - verify permit"}], "area_m2": 165.4}, "geometry": {"type": "Polygon", "coordinates": [[[73.5673095703125, 19.69425082313208], [73.56733093261718, 19.69423071092443], [73.56733093261718, 19.69417037430148], [73.56735229492188, 19.69417037430148], [73.56737365722657, 19.694150262093828], [73.56741638183594, 19.694150262093828], [73.56743774414062, 19.694130149886178], [73.56748046875, 19.694130149886178], [73.56745910644531, 19.694150262093828], [73.56745910644531, 19.69419048650913], [73.56748046875, 19.69421059871678], [73.56745910644531, 19.69423071092443], [73.56745910644531, 19.69425082313208], [73.56743774414062, 19.69427093533973], [73.56741638183594, 19.69425082313208], [73.5673095703125, 19.69425082313208]]]}}, {"type": "Feature", "properties": {"id": 45, "unrecorded": true, "alerts": [{"type": "RAIL_BUFFER", "msg": "Footprint is ~0 m from the rail line - inside the 30 m safety buffer.", "citation": "Railways Act, 1989 - Sec. 3 (30 m safety strip)"}, {"type": "UNRECORDED", "msg": "Detected in imagery; no matching footprint in the existing building layer.", "citation": "Structure visible in imagery but absent from the OSM/cadastral building layer - verify permit"}], "area_m2": 303.3}, "geometry": {"type": "Polygon", "coordinates": [[[73.56555786132813, 19.69425082313208], [73.56555786132813, 19.69417037430148], [73.56553649902344, 19.694150262093828], [73.56557922363281, 19.694150262093828], [73.5656005859375, 19.694130149886178], [73.5656005859375, 19.694089925470877], [73.56564331054688, 19.694089925470877], [73.56566467285157, 19.694069813263226], [73.56566467285157, 19.694049701055576], [73.56568603515625, 19.694069813263226], [73.56572875976562, 19.694069813263226], [73.56575012207031, 19.694089925470877], [73.56581420898438, 19.694089925470877], [73.56570739746094, 19.69419048650913], [73.56568603515625, 19.69419048650913], [73.56557922363281, 19.69427093533973], [73.56555786132813, 19.69425082313208]]]}}, {"type": "Feature", "properties": {"id": 46, "unrecorded": true, "alerts": [{"type": "RAIL_BUFFER", "msg": "Footprint is ~21 m from the rail line - inside the 30 m safety buffer.", "citation": "Railways Act, 1989 - Sec. 3 (30 m safety strip)"}, {"type": "UNRECORDED", "msg": "Detected in imagery; no matching footprint in the existing building layer.", "citation": "Structure visible in imagery but absent from the OSM/cadastral building layer - verify permit"}], "area_m2": 416.1}, "geometry": {"type": "Polygon", "coordinates": [[[73.567138671875, 19.69427093533973], [73.56701049804687, 19.69429104754738], [73.56694641113282, 19.69421059871678], [73.56690368652343, 19.69421059871678], [73.56688232421875, 19.69425082313208], [73.56669006347656, 19.69427093533973], [73.56664733886718, 19.69419048650913], [73.56658325195312, 19.69419048650913], [73.56656188964844, 19.69423071092443], [73.56656188964844, 19.69419048650913], [73.56649780273438, 19.69417037430148], [73.56686096191406, 19.69421059871678], [73.56692504882812, 19.694089925470877], [73.56701049804687, 19.694130149886178], [73.56705322265626, 19.694069813263226], [73.56707458496093, 19.69417037430148], [73.56698913574219, 19.694150262093828], [73.5669677734375, 19.69421059871678], [73.567138671875, 19.69427093533973]]]}}, {"type": "Feature", "properties": {"id": 47, "unrecorded": true, "alerts": [{"type": "UNRECORDED", "msg": "Detected in imagery; no matching footprint in the existing building layer.", "citation": "Structure visible in imagery but absent from the OSM/cadastral building layer - verify permit"}], "area_m2": 313.3}, "geometry": {"type": "Polygon", "coordinates": [[[73.57147521972657, 19.694351384170336], [73.57145385742187, 19.69433127196268], [73.57132568359376, 19.694351384170336], [73.57132568359376, 19.69433127196268], [73.57128295898437, 19.69431115975503], [73.57126159667969, 19.69425082313208], [73.57109069824219, 19.69423071092443], [73.5710693359375, 19.69427093533973], [73.57104797363282, 19.69427093533973], [73.57104797363282, 19.69419048650913], [73.57111206054688, 19.69423071092443], [73.57117614746093, 19.69423071092443], [73.57121887207032, 19.694150262093828], [73.57130432128906, 19.694130149886178], [73.57132568359376, 19.694150262093828], [73.57130432128906, 19.69425082313208], [73.57134704589843, 19.69429104754738], [73.5714111328125, 19.69429104754738], [73.5714324951172, 19.69427093533973], [73.5714324951172, 19.69429104754738], [73.57147521972657, 19.69431115975503], [73.57147521972657, 19.694351384170336]]]}}, {"type": "Feature", "properties": {"id": 48, "unrecorded": true, "alerts": [{"type": "UNRECORDED", "msg": "Detected in imagery; no matching footprint in the existing building layer.", "citation": "Structure visible in imagery but absent from the OSM/cadastral building layer - verify permit"}], "area_m2": 193.0}, "geometry": {"type": "Polygon", "coordinates": [[[73.55697021484374, 19.69457261845449], [73.55694885253907, 19.69455250624684], [73.55694885253907, 19.69451228183154], [73.55699157714844, 19.69449216962389], [73.55699157714844, 19.694431833000937], [73.55697021484374, 19.694411720793287], [73.55697021484374, 19.69433127196268], [73.55692749023437, 19.69431115975503], [73.55692749023437, 19.69429104754738], [73.55697021484374, 19.69427093533973], [73.55697021484374, 19.69423071092443], [73.55701293945313, 19.69423071092443], [73.5570556640625, 19.69425082313208], [73.55699157714844, 19.69429104754738], [73.55699157714844, 19.694411720793287], [73.55701293945313, 19.694431833000937], [73.5570556640625, 19.694431833000937], [73.55703430175781, 19.694451945208588], [73.55703430175781, 19.69451228183154], [73.5570556640625, 19.69455250624684], [73.55699157714844, 19.69455250624684], [73.55697021484374, 19.69457261845449]]]}}, {"type": "Feature", "properties": {"id": 49, "unrecorded": true, "alerts": [{"type": "UNRECORDED", "msg": "Detected in imagery; no matching footprint in the existing building layer.", "citation": "Structure visible in imagery but absent from the OSM/cadastral building layer - verify permit"}], "area_m2": 293.2}, "geometry": {"type": "Polygon", "coordinates": [[[73.553466796875, 19.69457261845449], [73.553466796875, 19.694431833000937], [73.55350952148437, 19.694431833000937], [73.55353088378907, 19.694411720793287], [73.55355224609374, 19.694411720793287], [73.55355224609374, 19.694431833000937], [73.55357360839844, 19.694451945208588], [73.55374450683594, 19.694451945208588], [73.55374450683594, 19.69451228183154], [73.55368041992188, 19.69455250624684], [73.55368041992188, 19.69453239403919], [73.55365905761718, 19.69451228183154], [73.55359497070313, 19.69451228183154], [73.55357360839844, 19.69453239403919], [73.55353088378907, 19.69453239403919], [73.55350952148437, 19.69455250624684], [73.55350952148437, 19.69457261845449], [73.553466796875, 19.69457261845449]]]}}, {"type": "Feature", "properties": {"id": 50, "unrecorded": true, "alerts": [{"type": "UNRECORDED", "msg": "Detected in imagery; no matching footprint in the existing building layer.", "citation": "Structure visible in imagery but absent from the OSM/cadastral building layer - verify permit"}], "area_m2": 107.8}, "geometry": {"type": "Polygon", "coordinates": [[[73.57156066894531, 19.694653067285095], [73.57149658203124, 19.694653067285095], [73.57151794433594, 19.694632955077445], [73.57151794433594, 19.69459273066214], [73.57147521972657, 19.69455250624684], [73.57147521972657, 19.69453239403919], [73.57145385742187, 19.69451228183154], [73.57147521972657, 19.69451228183154], [73.57151794433594, 19.694451945208588], [73.57151794433594, 19.69453239403919], [73.57153930664063, 19.69455250624684], [73.57153930664063, 19.69457261845449], [73.57156066894531, 19.69459273066214], [73.57158203125, 19.69459273066214], [73.57158203125, 19.694632955077445], [73.57156066894531, 19.694653067285095]]]}}, {"type": "Feature", "properties": {"id": 51, "unrecorded": true, "alerts": [{"type": "UNRECORDED", "msg": "Detected in imagery; no matching footprint in the existing building layer.", "citation": "Structure visible in imagery but absent from the OSM/cadastral building layer - verify permit"}], "area_m2": 1112.8}, "geometry": {"type": "Polygon", "coordinates": [[[73.55684204101563, 19.694693291700396], [73.55682067871093, 19.694632955077445], [73.55675659179687, 19.694632955077445], [73.55677795410156, 19.69457261845449], [73.55669250488282, 19.69449216962389], [73.55669250488282, 19.694411720793287], [73.55658569335938, 19.694451945208588], [73.55664978027343, 19.69451228183154], [73.55667114257812, 19.694653067285095], [73.55656433105469, 19.69461284286979], [73.55652160644532, 19.694693291700396], [73.55652160644532, 19.69457261845449], [73.55658569335938, 19.69449216962389], [73.55650024414062, 19.694431833000937], [73.55650024414062, 19.69433127196268], [73.55626525878907, 19.69427093533973], [73.55630798339844, 19.69423071092443], [73.5563720703125, 19.69427093533973], [73.55639343261718, 19.69419048650913], [73.55641479492188, 19.69423071092443], [73.55652160644532, 19.69419048650913], [73.55669250488282, 19.69421059871678], [73.55662841796875, 19.69427093533973], [73.55675659179687, 19.694391608585637], [73.55675659179687, 19.69453239403919], [73.55679931640626, 19.69457261845449], [73.5568634033203, 19.69455250624684], [73.55684204101563, 19.694693291700396]]]}}, {"type": "Feature", "properties": {"id": 52, "unrecorded": true, "alerts": [{"type": "UNRECORDED", "msg": "Detected in imagery; no matching footprint in the existing building layer.", "citation": "Structure visible in imagery but absent from the OSM/cadastral building layer - verify permit"}], "area_m2": 243.1}, "geometry": {"type": "Polygon", "coordinates": [[[73.5680145263672, 19.694713403908047], [73.5680145263672, 19.69459273066214], [73.56803588867187, 19.69457261845449], [73.56812133789063, 19.69457261845449], [73.56814270019531, 19.69455250624684], [73.5681640625, 19.69457261845449], [73.56822814941407, 19.69457261845449], [73.56812133789063, 19.694632955077445], [73.56812133789063, 19.694733516115697], [73.56807861328124, 19.694733516115697], [73.56805725097657, 19.694753628323348], [73.5680145263672, 19.694713403908047]]]}}, {"type": "Feature", "properties": {"id": 53, "unrecorded": true, "alerts": [{"type": "UNRECORDED", "msg": "Detected in imagery; no matching footprint in the existing building layer.", "citation": "Structure visible in imagery but absent from the OSM/cadastral building layer - verify permit"}], "area_m2": 303.3}, "geometry": {"type": "Polygon", "coordinates": [[[73.57232971191407, 19.69483407715395], [73.57232971191407, 19.69479385273865], [73.57235107421874, 19.6948139649463], [73.5724365234375, 19.6948139649463], [73.57250061035157, 19.694733516115697], [73.57250061035157, 19.694673179492746], [73.57262878417968, 19.694673179492746], [73.57267150878906, 19.694653067285095], [73.57267150878906, 19.694733516115697], [73.57262878417968, 19.694753628323348], [73.57256469726562, 19.694753628323348], [73.57252197265625, 19.6948139649463], [73.57252197265625, 19.6948541893616], [73.57250061035157, 19.69483407715395], [73.57245788574218, 19.69483407715395], [73.57241516113281, 19.69487430156925], [73.57241516113281, 19.6948944137769], [73.57239379882813, 19.6948541893616], [73.57235107421874, 19.6948541893616], [73.57232971191407, 19.69483407715395]]]}}, {"type": "Feature", "properties": {"id": 54, "unrecorded": true, "alerts": [{"type": "UNRECORDED", "msg": "Detected in imagery; no matching footprint in the existing building layer.", "citation": "Structure visible in imagery but absent from the OSM/cadastral building layer - verify permit"}], "area_m2": 117.8}, "geometry": {"type": "Polygon", "coordinates": [[[73.56844177246094, 19.6948944137769], [73.56839904785156, 19.6948944137769], [73.56837768554688, 19.69491452598455], [73.56835632324218, 19.6948944137769], [73.56831359863281, 19.6948944137769], [73.5683349609375, 19.69487430156925], [73.5683349609375, 19.694773740530998], [73.56835632324218, 19.694753628323348], [73.56837768554688, 19.694773740530998], [73.56839904785156, 19.694773740530998], [73.56839904785156, 19.69483407715395], [73.56842041015625, 19.6948541893616], [73.56842041015625, 19.69487430156925], [73.56844177246094, 19.6948944137769]]]}}, {"type": "Feature", "properties": {"id": 55, "unrecorded": true, "alerts": [{"type": "RAIL_BUFFER", "msg": "Footprint is ~0 m from the rail line - inside the 30 m safety buffer.", "citation": "Railways Act, 1989 - Sec. 3 (30 m safety strip)"}, {"type": "UNRECORDED", "msg": "Detected in imagery; no matching footprint in the existing building layer.", "citation": "Structure visible in imagery but absent from the OSM/cadastral building layer - verify permit"}], "area_m2": 240.6}, "geometry": {"type": "Polygon", "coordinates": [[[73.5597900390625, 19.69491452598455], [73.55972595214844, 19.69491452598455], [73.55970458984375, 19.69483407715395], [73.55955505371094, 19.69479385273865], [73.55966186523438, 19.6948139649463], [73.55972595214844, 19.694753628323348], [73.55968322753907, 19.69453239403919], [73.559619140625, 19.694472057416238], [73.55964050292968, 19.694451945208588], [73.55970458984375, 19.69453239403919], [73.55974731445312, 19.69479385273865], [73.55985412597656, 19.69483407715395], [73.5597900390625, 19.69487430156925], [73.5597900390625, 19.69491452598455]]]}}, {"type": "Feature", "properties": {"id": 56, "unrecorded": true, "alerts": [{"type": "UNRECORDED", "msg": "Detected in imagery; no matching footprint in the existing building layer.", "citation": "Structure visible in imagery but absent from the OSM/cadastral building layer - verify permit"}], "area_m2": 3155.5}, "geometry": {"type": "Polygon", "coordinates": [[[73.55496215820312, 19.694994974815156], [73.554833984375, 19.6948541893616], [73.5546630859375, 19.694974862607506], [73.55455627441407, 19.6948944137769], [73.55470581054688, 19.6948139649463], [73.5543212890625, 19.694733516115697], [73.55451354980468, 19.69459273066214], [73.5544921875, 19.69431115975503], [73.55468444824218, 19.694632955077445], [73.55462036132812, 19.694371496377986], [73.55474853515625, 19.69392902780967], [73.55485534667969, 19.69396925222497], [73.55470581054688, 19.69421059871678], [73.55481262207032, 19.69421059871678], [73.55472717285156, 19.694351384170336], [73.55491943359375, 19.69461284286979], [73.55509033203126, 19.694391608585637], [73.55528259277344, 19.694411720793287], [73.55509033203126, 19.69449216962389], [73.55521850585937, 19.694632955077445], [73.55513305664063, 19.694733516115697], [73.55496215820312, 19.69461284286979], [73.55476989746094, 19.694733516115697], [73.55481262207032, 19.69483407715395], [73.55506896972656, 19.69483407715395], [73.55491943359375, 19.6948541893616], [73.55496215820312, 19.694994974815156]]]}}, {"type": "Feature", "properties": {"id": 57, "unrecorded": true, "alerts": [{"type": "UNRECORDED", "msg": "Detected in imagery; no matching footprint in the existing building layer.", "citation": "Structure visible in imagery but absent from the OSM/cadastral building layer - verify permit"}], "area_m2": 315.8}, "geometry": {"type": "Polygon", "coordinates": [[[73.565087890625, 19.695075423645758], [73.56513061523438, 19.695055311438107], [73.56513061523438, 19.695015087022806], [73.56510925292969, 19.694994974815156], [73.56513061523438, 19.694974862607506], [73.56523742675782, 19.694974862607506], [73.5652587890625, 19.694954750399855], [73.5652587890625, 19.69491452598455], [73.56523742675782, 19.6948944137769], [73.56519470214843, 19.6948944137769], [73.56521606445312, 19.69487430156925], [73.56523742675782, 19.69487430156925], [73.56528015136719, 19.69491452598455], [73.56536560058593, 19.694934638192205], [73.56536560058593, 19.694994974815156], [73.56538696289063, 19.695015087022806], [73.56534423828126, 19.695035199230457], [73.5652587890625, 19.695035199230457], [73.56523742675782, 19.695075423645758], [73.565087890625, 19.695075423645758]]]}}, {"type": "Feature", "properties": {"id": 58, "unrecorded": true, "alerts": [{"type": "RAIL_BUFFER", "msg": "Footprint is ~15 m from the rail line - inside the 30 m safety buffer.", "citation": "Railways Act, 1989 - Sec. 3 (30 m safety strip)"}, {"type": "UNRECORDED", "msg": "Detected in imagery; no matching footprint in the existing building layer.", "citation": "Structure visible in imagery but absent from the OSM/cadastral building layer - verify permit"}], "area_m2": 135.3}, "geometry": {"type": "Polygon", "coordinates": [[[73.5577178955078, 19.69519609689166], [73.55769653320313, 19.69517598468401], [73.5577178955078, 19.69515587247636], [73.5577178955078, 19.69511564806106], [73.55769653320313, 19.695095535853408], [73.55761108398437, 19.695095535853408], [73.55758972167969, 19.695075423645758], [73.55758972167969, 19.695055311438107], [73.55761108398437, 19.695075423645758], [73.55765380859376, 19.695075423645758], [73.5577178955078, 19.695035199230457], [73.5577178955078, 19.694974862607506], [73.55778198242187, 19.694974862607506], [73.5577606201172, 19.694994974815156], [73.5577606201172, 19.695035199230457], [73.5577392578125, 19.695055311438107], [73.5577392578125, 19.69513576026871], [73.5577606201172, 19.69515587247636], [73.55778198242187, 19.69515587247636], [73.5577178955078, 19.69519609689166]]]}}, {"type": "Feature", "properties": {"id": 59, "unrecorded": true, "alerts": [{"type": "UNRECORDED", "msg": "Detected in imagery; no matching footprint in the existing building layer.", "citation": "Structure visible in imagery but absent from the OSM/cadastral building layer - verify permit"}], "area_m2": 418.6}, "geometry": {"type": "Polygon", "coordinates": [[[73.56946716308593, 19.695276545722265], [73.56942443847656, 19.69521620909931], [73.56946716308593, 19.695095535853408], [73.56946716308593, 19.695015087022806], [73.56942443847656, 19.694994974815156], [73.56946716308593, 19.694974862607506], [73.56948852539062, 19.694994974815156], [73.56957397460937, 19.694994974815156], [73.56959533691406, 19.695035199230457], [73.56965942382813, 19.695035199230457], [73.5697235107422, 19.694954750399855], [73.5697021484375, 19.695075423645758], [73.56963806152343, 19.695075423645758], [73.56961669921876, 19.69511564806106], [73.56959533691406, 19.695075423645758], [73.56953125, 19.695095535853408], [73.56953125, 19.69515587247636], [73.56957397460937, 19.69519609689166], [73.56950988769532, 19.69521620909931], [73.56950988769532, 19.695296657929916], [73.56946716308593, 19.695276545722265]]]}}, {"type": "Feature", "properties": {"id": 60, "unrecorded": true, "alerts": [{"type": "UNRECORDED", "msg": "Detected in imagery; no matching footprint in the existing building layer.", "citation": "Structure visible in imagery but absent from the OSM/cadastral building layer - verify permit"}], "area_m2": 1110.3}, "geometry": {"type": "Polygon", "coordinates": [[[73.55647888183594, 19.695356994552867], [73.55650024414062, 19.695336882345217], [73.55647888183594, 19.695256433514615], [73.55654296875, 19.695236321306965], [73.55650024414062, 19.69515587247636], [73.55654296875, 19.695075423645758], [73.55662841796875, 19.695055311438107], [73.55660705566406, 19.694994974815156], [73.5567138671875, 19.694974862607506], [73.55675659179687, 19.694934638192205], [73.556884765625, 19.694954750399855], [73.5569061279297, 19.6948944137769], [73.55699157714844, 19.6948944137769], [73.55701293945313, 19.694934638192205], [73.556884765625, 19.694974862607506], [73.55684204101563, 19.695075423645758], [73.5567138671875, 19.69511564806106], [73.55673522949219, 19.695316770137566], [73.55660705566406, 19.695356994552867], [73.55658569335938, 19.695336882345217], [73.55647888183594, 19.695356994552867]]]}}, {"type": "Feature", "properties": {"id": 61, "unrecorded": true, "alerts": [{"type": "UNRECORDED", "msg": "Detected in imagery; no matching footprint in the existing building layer.", "citation": "Structure visible in imagery but absent from the OSM/cadastral building layer - verify permit"}], "area_m2": 924.8}, "geometry": {"type": "Polygon", "coordinates": [[[73.5626953125, 19.695356994552867], [73.5626953125, 19.695336882345217], [73.56278076171876, 19.695316770137566], [73.56278076171876, 19.695276545722265], [73.56273803710937, 19.695236321306965], [73.56278076171876, 19.69521620909931], [73.56278076171876, 19.69515587247636], [73.56273803710937, 19.69511564806106], [73.5628448486328, 19.69511564806106], [73.56290893554687, 19.69515587247636], [73.56295166015624, 19.695236321306965], [73.56299438476563, 19.695236321306965], [73.56301574707031, 19.695296657929916], [73.56307983398438, 19.695276545722265], [73.56305847167968, 19.69519609689166], [73.56312255859375, 19.695236321306965], [73.56310119628907, 19.695356994552867], [73.56314392089844, 19.695377106760517], [73.56310119628907, 19.695377106760517], [73.56305847167968, 19.69543744338347], [73.56295166015624, 19.69541733117582], [73.56282348632813, 19.69543744338347], [73.56280212402343, 19.695377106760517], [73.5626953125, 19.695356994552867]]]}}, {"type": "Feature", "properties": {"id": 62, "unrecorded": true, "alerts": [{"type": "UNRECORDED", "msg": "Detected in imagery; no matching footprint in the existing building layer.", "citation": "Structure visible in imagery but absent from the OSM/cadastral building layer - verify permit"}], "area_m2": 298.3}, "geometry": {"type": "Polygon", "coordinates": [[[73.57162475585938, 19.695578228837025], [73.57158203125, 19.695578228837025], [73.57158203125, 19.69547766779877], [73.57156066894531, 19.69545755559112], [73.57156066894531, 19.69541733117582], [73.57149658203124, 19.695377106760517], [73.57145385742187, 19.695377106760517], [73.5714324951172, 19.695397218968168], [73.5714111328125, 19.695377106760517], [73.5714324951172, 19.695336882345217], [73.57151794433594, 19.695336882345217], [73.57153930664063, 19.695296657929916], [73.57164611816407, 19.695356994552867], [73.57162475585938, 19.695377106760517], [73.57162475585938, 19.69543744338347], [73.57164611816407, 19.69545755559112], [73.57164611816407, 19.69551789221407], [73.57166748046875, 19.695538004421724], [73.57162475585938, 19.695578228837025]]]}}, {"type": "Feature", "properties": {"id": 63, "unrecorded": true, "alerts": [{"type": "UNRECORDED", "msg": "Detected in imagery; no matching footprint in the existing building layer.", "citation": "Structure visible in imagery but absent from the OSM/cadastral building layer - verify permit"}], "area_m2": 152.9}, "geometry": {"type": "Polygon", "coordinates": [[[73.57190246582032, 19.695598341044676], [73.57190246582032, 19.69549778000642], [73.571923828125, 19.69547766779877], [73.57194519042969, 19.69547766779877], [73.57196655273438, 19.69545755559112], [73.57196655273438, 19.69543744338347], [73.57198791503906, 19.69543744338347], [73.57198791503906, 19.69547766779877], [73.57200927734375, 19.69549778000642], [73.57200927734375, 19.695558116629375], [73.57203063964843, 19.695578228837025], [73.57198791503906, 19.695578228837025], [73.57196655273438, 19.695598341044676], [73.57190246582032, 19.695598341044676]]]}}, {"type": "Feature", "properties": {"id": 64, "unrecorded": true, "alerts": [{"type": "UNRECORDED", "msg": "Detected in imagery; no matching footprint in the existing building layer.", "citation": "Structure visible in imagery but absent from the OSM/cadastral building layer - verify permit"}], "area_m2": 323.3}, "geometry": {"type": "Polygon", "coordinates": [[[73.56562194824218, 19.695698902082928], [73.56566467285157, 19.695678789875277], [73.56562194824218, 19.69543744338347], [73.56564331054688, 19.69547766779877], [73.56575012207031, 19.69547766779877], [73.56579284667968, 19.695397218968168], [73.56581420898438, 19.695397218968168], [73.56579284667968, 19.69541733117582], [73.56581420898438, 19.695558116629375], [73.565771484375, 19.695558116629375], [73.56575012207031, 19.695578228837025], [73.56572875976562, 19.695658677667627], [73.56568603515625, 19.695678789875277], [73.56566467285157, 19.695719014290578], [73.56562194824218, 19.695698902082928]]]}}, {"type": "Feature", "properties": {"id": 65, "unrecorded": true, "alerts": [{"type": "UNRECORDED", "msg": "Detected in imagery; no matching footprint in the existing building layer.", "citation": "Structure visible in imagery but absent from the OSM/cadastral building layer - verify permit"}], "area_m2": 140.4}, "geometry": {"type": "Polygon", "coordinates": [[[73.56427612304688, 19.695719014290578], [73.56425476074219, 19.695698902082928], [73.56421203613282, 19.695698902082928], [73.56421203613282, 19.695658677667627], [73.56419067382812, 19.695638565459976], [73.56416931152344, 19.695638565459976], [73.56416931152344, 19.695598341044676], [73.56414794921875, 19.695578228837025], [73.56414794921875, 19.695538004421724], [73.56416931152344, 19.695558116629375], [73.56421203613282, 19.695558116629375], [73.56425476074219, 19.695598341044676], [73.56427612304688, 19.695598341044676], [73.56427612304688, 19.695719014290578]]]}}, {"type": "Feature", "properties": {"id": 66, "unrecorded": true, "alerts": [{"type": "UNRECORDED", "msg": "Detected in imagery; no matching footprint in the existing building layer.", "citation": "Structure visible in imagery but absent from the OSM/cadastral building layer - verify permit"}], "area_m2": 177.9}, "geometry": {"type": "Polygon", "coordinates": [[[73.55496215820312, 19.69608103402829], [73.55489807128906, 19.69608103402829], [73.55489807128906, 19.696020697405338], [73.55487670898438, 19.696000585197687], [73.554833984375, 19.696000585197687], [73.55481262207032, 19.696040809612988], [73.55464172363281, 19.696040809612988], [73.55468444824218, 19.696000585197687], [73.55479125976562, 19.696000585197687], [73.55481262207032, 19.695960360782387], [73.55487670898438, 19.695960360782387], [73.55489807128906, 19.695940248574736], [73.55494079589843, 19.695960360782387], [73.55491943359375, 19.69606092182064], [73.55496215820312, 19.69608103402829]]]}}, {"type": "Feature", "properties": {"id": 67, "unrecorded": true, "alerts": [{"type": "UNRECORDED", "msg": "Detected in imagery; no matching footprint in the existing building layer.", "citation": "Structure visible in imagery but absent from the OSM/cadastral building layer - verify permit"}], "area_m2": 1476.2}, "geometry": {"type": "Polygon", "coordinates": [[[73.56506652832032, 19.69610114623594], [73.56498107910156, 19.69606092182064], [73.56478881835938, 19.69610114623594], [73.56483154296875, 19.695980472990037], [73.56472473144531, 19.695859799744134], [73.56461791992187, 19.695859799744134], [73.56466064453124, 19.69573912649823], [73.5645751953125, 19.695698902082928], [73.56466064453124, 19.69547766779877], [73.5645965576172, 19.69541733117582], [73.56468200683594, 19.695356994552867], [73.56468200683594, 19.695256433514615], [73.56463928222657, 19.695236321306965], [73.56474609375, 19.695236321306965], [73.56478881835938, 19.695377106760517], [73.56472473144531, 19.695377106760517], [73.56470336914063, 19.69545755559112], [73.56478881835938, 19.695598341044676], [73.56474609375, 19.695698902082928], [73.56487426757812, 19.69575923870588], [73.56485290527344, 19.695960360782387], [73.56502380371094, 19.695960360782387], [73.56504516601562, 19.696020697405338], [73.56513061523438, 19.696040809612988], [73.56506652832032, 19.69610114623594]]]}}, {"type": "Feature", "properties": {"id": 68, "unrecorded": true, "alerts": [{"type": "UNRECORDED", "msg": "Detected in imagery; no matching footprint in the existing building layer.", "citation": "Structure visible in imagery but absent from the OSM/cadastral building layer - verify permit"}], "area_m2": 378.5}, "geometry": {"type": "Polygon", "coordinates": [[[73.56844177246094, 19.696201707274195], [73.56842041015625, 19.696161482858894], [73.56831359863281, 19.696161482858894], [73.56831359863281, 19.696121258443593], [73.56835632324218, 19.69610114623594], [73.56835632324218, 19.695940248574736], [73.56837768554688, 19.695900024159435], [73.56848449707032, 19.695900024159435], [73.56846313476562, 19.695920136367086], [73.56846313476562, 19.695960360782387], [73.56848449707032, 19.695980472990037], [73.56844177246094, 19.696000585197687], [73.56844177246094, 19.69608103402829], [73.56848449707032, 19.696121258443593], [73.568505859375, 19.696121258443593], [73.568505859375, 19.696181595066545], [73.56844177246094, 19.696201707274195]]]}}, {"type": "Feature", "properties": {"id": 69, "unrecorded": true, "alerts": [{"type": "RAIL_BUFFER", "msg": "Footprint is ~0 m from the rail line - inside the 30 m safety buffer.", "citation": "Railways Act, 1989 - Sec. 3 (30 m safety strip)"}, {"type": "UNRECORDED", "msg": "Detected in imagery; no matching footprint in the existing building layer.", "citation": "Structure visible in imagery but absent from the OSM/cadastral building layer - verify permit"}], "area_m2": 1140.4}, "geometry": {"type": "Polygon", "coordinates": [[[73.55547485351562, 19.696262043897146], [73.55549621582031, 19.696161482858894], [73.555517578125, 19.696201707274195], [73.55558166503906, 19.696181595066545], [73.55553894042968, 19.696121258443593], [73.55566711425782, 19.69608103402829], [73.55579528808593, 19.696161482858894], [73.55583801269532, 19.696121258443593], [73.55583801269532, 19.696000585197687], [73.555859375, 19.69606092182064], [73.55596618652343, 19.69606092182064], [73.55596618652343, 19.695960360782387], [73.55609436035157, 19.69610114623594], [73.55613708496094, 19.69610114623594], [73.55611572265624, 19.696161482858894], [73.5560516357422, 19.696161482858894], [73.55577392578125, 19.696342492727748], [73.55577392578125, 19.696302268312447], [73.555859375, 19.696282156104797], [73.55581665039062, 19.696181595066545], [73.55577392578125, 19.696181595066545], [73.55575256347656, 19.696262043897146], [73.5556884765625, 19.696262043897146], [73.55558166503906, 19.69638271714305], [73.55558166503906, 19.696302268312447], [73.55547485351562, 19.696262043897146]]]}}, {"type": "Feature", "properties": {"id": 70, "unrecorded": true, "alerts": [{"type": "NO_ROAD", "msg": "Nearest mapped road is ~219 m away.", "citation": "Relative to the mapped OSM road network (itself incomplete here) - review access in the field before treating as a genuine easement issue"}, {"type": "UNRECORDED", "msg": "Detected in imagery; no matching footprint in the existing building layer.", "citation": "Structure visible in imagery but absent from the OSM/cadastral building layer - verify permit"}], "area_m2": 378.5}, "geometry": {"type": "Polygon", "coordinates": [[[73.553466796875, 19.696463165973654], [73.553466796875, 19.696181595066545], [73.55355224609374, 19.696181595066545], [73.55359497070313, 19.696201707274195], [73.55355224609374, 19.696221819481845], [73.55355224609374, 19.696302268312447], [73.55357360839844, 19.696322380520098], [73.55368041992188, 19.696322380520098], [73.55370178222657, 19.696302268312447], [73.55374450683594, 19.696322380520098], [73.55374450683594, 19.6963626049354], [73.55368041992188, 19.6963626049354], [73.55365905761718, 19.6964028293507], [73.5536376953125, 19.69638271714305], [73.55355224609374, 19.69638271714305], [73.5534881591797, 19.696422941558353], [73.5534881591797, 19.696463165973654], [73.553466796875, 19.696463165973654]]]}}, {"type": "Feature", "properties": {"id": 71, "unrecorded": true, "alerts": [{"type": "RAIL_BUFFER", "msg": "Footprint is ~18 m from the rail line - inside the 30 m safety buffer.", "citation": "Railways Act, 1989 - Sec. 3 (30 m safety strip)"}, {"type": "NO_ROAD", "msg": "Nearest mapped road is ~228 m away.", "citation": "Relative to the mapped OSM road network (itself incomplete here) - review access in the field before treating as a genuine easement issue"}, {"type": "UNRECORDED", "msg": "Detected in imagery; no matching footprint in the existing building layer.", "citation": "Structure visible in imagery but absent from the OSM/cadastral building layer - verify permit"}], "area_m2": 195.5}, "geometry": {"type": "Polygon", "coordinates": [[[73.55427856445313, 19.696644175842508], [73.55427856445313, 19.696583839219556], [73.5542999267578, 19.696563727011906], [73.5542999267578, 19.696523502596605], [73.55427856445313, 19.696503390388955], [73.55427856445313, 19.696483278181304], [73.5542999267578, 19.696463165973654], [73.5542999267578, 19.696422941558353], [73.55427856445313, 19.6964028293507], [73.5543426513672, 19.6964028293507], [73.5543426513672, 19.696443053766004], [73.55436401367187, 19.696463165973654], [73.55444946289063, 19.696463165973654], [73.55447082519531, 19.696483278181304], [73.55447082519531, 19.696503390388955], [73.55438537597657, 19.696503390388955], [73.5543212890625, 19.696563727011906], [73.5543212890625, 19.696624063634857], [73.5542999267578, 19.696644175842508], [73.55427856445313, 19.696644175842508]]]}}, {"type": "Feature", "properties": {"id": 72, "unrecorded": true, "alerts": [{"type": "UNRECORDED", "msg": "Detected in imagery; no matching footprint in the existing building layer.", "citation": "Structure visible in imagery but absent from the OSM/cadastral building layer - verify permit"}], "area_m2": 433.6}, "geometry": {"type": "Polygon", "coordinates": [[[73.56754455566406, 19.696624063634857], [73.56754455566406, 19.696563727011906], [73.56756591796875, 19.696563727011906], [73.56760864257812, 19.696624063634857], [73.56767272949219, 19.696624063634857], [73.56771545410156, 19.696583839219556], [73.56771545410156, 19.696523502596605], [73.567822265625, 19.696523502596605], [73.56784362792969, 19.696543614804256], [73.56790771484376, 19.696543614804256], [73.56792907714843, 19.696583839219556], [73.56790771484376, 19.696644175842508], [73.56786499023437, 19.696644175842508], [73.56784362792969, 19.696664288050158], [73.56771545410156, 19.696664288050158], [73.56769409179688, 19.69668440025781], [73.56760864257812, 19.69668440025781], [73.56754455566406, 19.696624063634857]]]}}, {"type": "Feature", "properties": {"id": 73, "unrecorded": true, "alerts": [{"type": "UNRECORDED", "msg": "Detected in imagery; no matching footprint in the existing building layer.", "citation": "Structure visible in imagery but absent from the OSM/cadastral building layer - verify permit"}], "area_m2": 1200.5}, "geometry": {"type": "Polygon", "coordinates": [[[73.56410522460938, 19.696845297919015], [73.56408386230468, 19.696784961296064], [73.56399841308594, 19.696764849088414], [73.56395568847657, 19.696664288050158], [73.5638916015625, 19.69668440025781], [73.56384887695313, 19.696644175842508], [73.56376342773437, 19.696644175842508], [73.5637420654297, 19.69670451246546], [73.5636993408203, 19.69668440025781], [73.5637420654297, 19.696583839219556], [73.56380615234374, 19.696563727011906], [73.56380615234374, 19.696503390388955], [73.56387023925781, 19.696483278181304], [73.56382751464844, 19.6963626049354], [73.56395568847657, 19.6963626049354], [73.5638916015625, 19.696282156104797], [73.56397705078125, 19.696262043897146], [73.56401977539062, 19.69638271714305], [73.56410522460938, 19.6963626049354], [73.56408386230468, 19.696543614804256], [73.56412658691406, 19.696603951427207], [73.56397705078125, 19.696624063634857], [73.56397705078125, 19.696664288050158], [73.5640625, 19.696724624673113], [73.56412658691406, 19.69668440025781], [73.56414794921875, 19.696764849088414], [73.56410522460938, 19.696784961296064], [73.56410522460938, 19.696845297919015]]]}}, {"type": "Feature", "properties": {"id": 74, "unrecorded": true, "alerts": [{"type": "UNRECORDED", "msg": "Detected in imagery; no matching footprint in the existing building layer.", "citation": "Structure visible in imagery but absent from the OSM/cadastral building layer - verify permit"}], "area_m2": 614.1}, "geometry": {"type": "Polygon", "coordinates": [[[73.56350708007812, 19.696724624673113], [73.56342163085938, 19.696764849088414], [73.56344299316406, 19.696905634541967], [73.56333618164062, 19.696885522334316], [73.56333618164062, 19.696784961296064], [73.56331481933594, 19.696764849088414], [73.56322937011718, 19.696764849088414], [73.56316528320312, 19.696825185711365], [73.56314392089844, 19.696805073503715], [73.56316528320312, 19.696744736880763], [73.56301574707031, 19.69670451246546], [73.563037109375, 19.696664288050158], [73.56312255859375, 19.69668440025781], [73.56314392089844, 19.696644175842508], [73.5632080078125, 19.696664288050158], [73.56322937011718, 19.696624063634857], [73.56327209472656, 19.696664288050158], [73.56335754394532, 19.696664288050158], [73.56337890625, 19.69670451246546], [73.56348571777343, 19.69670451246546], [73.56350708007812, 19.696664288050158], [73.56350708007812, 19.696724624673113]]]}}, {"type": "Feature", "properties": {"id": 75, "unrecorded": true, "alerts": [{"type": "RAIL_BUFFER", "msg": "Footprint is ~0 m from the rail line - inside the 30 m safety buffer.", "citation": "Railways Act, 1989 - Sec. 3 (30 m safety strip)"}, {"type": "NO_ROAD", "msg": "Nearest mapped road is ~239 m away.", "citation": "Relative to the mapped OSM road network (itself incomplete here) - review access in the field before treating as a genuine easement issue"}, {"type": "UNRECORDED", "msg": "Detected in imagery; no matching footprint in the existing building layer.", "citation": "Structure visible in imagery but absent from the OSM/cadastral building layer - verify permit"}], "area_m2": 208.0}, "geometry": {"type": "Polygon", "coordinates": [[[73.5543212890625, 19.696965971164918], [73.5543426513672, 19.696945858957267], [73.5543426513672, 19.696905634541967], [73.55436401367187, 19.696905634541967], [73.55438537597657, 19.696885522334316], [73.55447082519531, 19.696885522334316], [73.55451354980468, 19.696845297919015], [73.55451354980468, 19.696784961296064], [73.55453491210938, 19.696764849088414], [73.55455627441407, 19.696784961296064], [73.55459899902344, 19.696784961296064], [73.55459899902344, 19.696805073503715], [73.55457763671875, 19.696825185711365], [73.55457763671875, 19.696885522334316], [73.55455627441407, 19.696885522334316], [73.55453491210938, 19.696905634541967], [73.5544921875, 19.696905634541967], [73.55438537597657, 19.696965971164918], [73.5543212890625, 19.696965971164918]]]}}, {"type": "Feature", "properties": {"id": 76, "unrecorded": false, "alerts": [], "area_m2": 105.3}, "geometry": {"type": "Polygon", "coordinates": [[[73.55761108398437, 19.69698608337257], [73.557568359375, 19.69698608337257], [73.557568359375, 19.696965971164918], [73.55754699707032, 19.696945858957267], [73.55754699707032, 19.696845297919015], [73.55758972167969, 19.696845297919015], [73.55761108398437, 19.696865410126666], [73.55763244628906, 19.696865410126666], [73.55765380859376, 19.696885522334316], [73.55763244628906, 19.696885522334316], [73.55761108398437, 19.696905634541967], [73.55761108398437, 19.69698608337257]]]}}, {"type": "Feature", "properties": {"id": 77, "unrecorded": true, "alerts": [{"type": "NO_ROAD", "msg": "Nearest mapped road is ~353 m away.", "citation": "Relative to the mapped OSM road network (itself incomplete here) - review access in the field before treating as a genuine easement issue"}, {"type": "UNRECORDED", "msg": "Detected in imagery; no matching footprint in the existing building layer.", "citation": "Structure visible in imagery but absent from the OSM/cadastral building layer - verify permit"}], "area_m2": 90.2}, "geometry": {"type": "Polygon", "coordinates": [[[73.5714324951172, 19.697026307787873], [73.5714324951172, 19.697006195580222], [73.57145385742187, 19.69698608337257], [73.57145385742187, 19.696945858957267], [73.5714324951172, 19.696925746749617], [73.57145385742187, 19.696925746749617], [73.57147521972657, 19.696905634541967], [73.57147521972657, 19.696885522334316], [73.57156066894531, 19.696885522334316], [73.57156066894531, 19.696905634541967], [73.57151794433594, 19.696905634541967], [73.57149658203124, 19.696925746749617], [73.57149658203124, 19.696965971164918], [73.57151794433594, 19.69698608337257], [73.57151794433594, 19.697006195580222], [73.57147521972657, 19.697006195580222], [73.57145385742187, 19.697026307787873], [73.5714324951172, 19.697026307787873]]]}}, {"type": "Feature", "properties": {"id": 78, "unrecorded": true, "alerts": [{"type": "NO_ROAD", "msg": "Nearest mapped road is ~239 m away.", "citation": "Relative to the mapped OSM road network (itself incomplete here) - review access in the field before treating as a genuine easement issue"}, {"type": "UNRECORDED", "msg": "Detected in imagery; no matching footprint in the existing building layer.", "citation": "Structure visible in imagery but absent from the OSM/cadastral building layer - verify permit"}], "area_m2": 681.7}, "geometry": {"type": "Polygon", "coordinates": [[[73.56929626464844, 19.697026307787873], [73.56933898925782, 19.697006195580222], [73.56931762695312, 19.696885522334316], [73.56927490234375, 19.696825185711365], [73.56931762695312, 19.696805073503715], [73.56931762695312, 19.696744736880763], [73.56938171386719, 19.696724624673113], [73.56940307617188, 19.696764849088414], [73.56944580078125, 19.696764849088414], [73.56946716308593, 19.69670451246546], [73.56961669921876, 19.696664288050158], [73.56950988769532, 19.696784961296064], [73.56953125, 19.696845297919015], [73.56961669921876, 19.696845297919015], [73.56957397460937, 19.696885522334316], [73.56953125, 19.696885522334316], [73.56944580078125, 19.696965971164918], [73.56944580078125, 19.697006195580222], [73.56929626464844, 19.697026307787873]]]}}, {"type": "Feature", "properties": {"id": 79, "unrecorded": true, "alerts": [{"type": "RAIL_BUFFER", "msg": "Footprint is ~5 m from the rail line - inside the 30 m safety buffer.", "citation": "Railways Act, 1989 - Sec. 3 (30 m safety strip)"}, {"type": "NO_ROAD", "msg": "Nearest mapped road is ~238 m away.", "citation": "Relative to the mapped OSM road network (itself incomplete here) - review access in the field before treating as a genuine easement issue"}, {"type": "UNRECORDED", "msg": "Detected in imagery; no matching footprint in the existing building layer.", "citation": "Structure visible in imagery but absent from the OSM/cadastral building layer - verify permit"}], "area_m2": 1325.8}, "geometry": {"type": "Polygon", "coordinates": [[[73.553466796875, 19.697046419995523], [73.55350952148437, 19.697026307787873], [73.553466796875, 19.696965971164918], [73.553466796875, 19.696764849088414], [73.55350952148437, 19.696744736880763], [73.55350952148437, 19.696664288050158], [73.553466796875, 19.696644175842508], [73.55355224609374, 19.696603951427207], [73.55361633300781, 19.69670451246546], [73.55368041992188, 19.69670451246546], [73.55370178222657, 19.696644175842508], [73.5536376953125, 19.696503390388955], [73.55382995605468, 19.696543614804256], [73.55385131835938, 19.696483278181304], [73.55393676757812, 19.696483278181304], [73.55395812988282, 19.696422941558353], [73.55395812988282, 19.696523502596605], [73.55387268066406, 19.696523502596605], [73.55385131835938, 19.696583839219556], [73.5539794921875, 19.696644175842508], [73.55387268066406, 19.696664288050158], [73.55387268066406, 19.696744736880763], [73.55372314453125, 19.696805073503715], [73.55353088378907, 19.696965971164918], [73.55353088378907, 19.697026307787873], [73.553466796875, 19.697046419995523]]]}}, {"type": "Feature", "properties": {"id": 80, "unrecorded": true, "alerts": [{"type": "UNRECORDED", "msg": "Detected in imagery; no matching footprint in the existing building layer.", "citation": "Structure visible in imagery but absent from the OSM/cadastral building layer - verify permit"}], "area_m2": 140.4}, "geometry": {"type": "Polygon", "coordinates": [[[73.56876220703126, 19.697126868826125], [73.56874084472656, 19.697126868826125], [73.56874084472656, 19.697086644410824], [73.56869812011719, 19.697046419995523], [73.56869812011719, 19.697006195580222], [73.5686767578125, 19.69698608337257], [73.56865539550782, 19.69698608337257], [73.5686767578125, 19.696965971164918], [73.5686767578125, 19.696925746749617], [73.56874084472656, 19.696925746749617], [73.56874084472656, 19.696965971164918], [73.56876220703126, 19.69698608337257], [73.56876220703126, 19.697026307787873], [73.56880493164063, 19.697066532203173], [73.56878356933593, 19.697066532203173], [73.56876220703126, 19.697086644410824], [73.56876220703126, 19.697126868826125]]]}}, {"type": "Feature", "properties": {"id": 81, "unrecorded": true, "alerts": [{"type": "UNRECORDED", "msg": "Detected in imagery; no matching footprint in the existing building layer.", "citation": "Structure visible in imagery but absent from the OSM/cadastral building layer - verify permit"}], "area_m2": 824.6}, "geometry": {"type": "Polygon", "coordinates": [[[73.56792907714843, 19.697066532203173], [73.56795043945313, 19.697026307787873], [73.56809997558594, 19.696945858957267], [73.56809997558594, 19.696805073503715], [73.56807861328124, 19.696784961296064], [73.5681640625, 19.696784961296064], [73.56818542480468, 19.696744736880763], [73.56824951171875, 19.696744736880763], [73.56827087402344, 19.696724624673113], [73.56831359863281, 19.696764849088414], [73.56831359863281, 19.696805073503715], [73.56835632324218, 19.696825185711365], [73.56835632324218, 19.696865410126666], [73.56829223632812, 19.696965971164918], [73.56822814941407, 19.697006195580222], [73.56814270019531, 19.69698608337257], [73.56809997558594, 19.697026307787873], [73.56807861328124, 19.697126868826125], [73.56792907714843, 19.697066532203173]]]}}, {"type": "Feature", "properties": {"id": 82, "unrecorded": true, "alerts": [{"type": "GOVT_ENCROACH", "msg": "Structure overlaps government/institutional land by ~20 m2.", "citation": "Revenue Dept. review - structure on classified government/institutional land"}, {"type": "UNRECORDED", "msg": "Detected in imagery; no matching footprint in the existing building layer.", "citation": "Structure visible in imagery but absent from the OSM/cadastral building layer - verify permit"}], "area_m2": 411.0}, "geometry": {"type": "Polygon", "coordinates": [[[73.55929870605469, 19.697126868826125], [73.55932006835937, 19.697046419995523], [73.55927734375, 19.697006195580222], [73.55921325683593, 19.697006195580222], [73.55919189453125, 19.696905634541967], [73.55925598144532, 19.696885522334316], [73.55925598144532, 19.696825185711365], [73.55936279296876, 19.696825185711365], [73.55940551757813, 19.696965971164918], [73.5594482421875, 19.696965971164918], [73.5594696044922, 19.696905634541967], [73.55951232910157, 19.696965971164918], [73.55959777832031, 19.697006195580222], [73.55953369140624, 19.697026307787873], [73.55953369140624, 19.697086644410824], [73.55938415527343, 19.696945858957267], [73.55927734375, 19.696925746749617], [73.55925598144532, 19.69698608337257], [73.55929870605469, 19.697026307787873], [73.55934143066406, 19.697026307787873], [73.55936279296876, 19.697086644410824], [73.55929870605469, 19.697126868826125]]]}}, {"type": "Feature", "properties": {"id": 83, "unrecorded": true, "alerts": [{"type": "UNRECORDED", "msg": "Detected in imagery; no matching footprint in the existing building layer.", "citation": "Structure visible in imagery but absent from the OSM/cadastral building layer - verify permit"}], "area_m2": 391.0}, "geometry": {"type": "Polygon", "coordinates": [[[73.56568603515625, 19.697327990902632], [73.56555786132813, 19.697267654279678], [73.56555786132813, 19.697247542072027], [73.56564331054688, 19.697227429864377], [73.56564331054688, 19.697167093241426], [73.56553649902344, 19.697146981033775], [73.5654510498047, 19.697086644410824], [73.56551513671874, 19.697066532203173], [73.56549377441407, 19.697006195580222], [73.56551513671874, 19.696905634541967], [73.56547241210937, 19.696865410126666], [73.56557922363281, 19.696845297919015], [73.56553649902344, 19.696865410126666], [73.56551513671874, 19.697046419995523], [73.56564331054688, 19.697106756618474], [73.56564331054688, 19.697146981033775], [73.56568603515625, 19.697187205449076], [73.56572875976562, 19.697187205449076], [73.56572875976562, 19.697307878694982], [73.56568603515625, 19.697327990902632]]]}}, {"type": "Feature", "properties": {"id": 84, "unrecorded": true, "alerts": [{"type": "UNRECORDED", "msg": "Detected in imagery; no matching footprint in the existing building layer.", "citation": "Structure visible in imagery but absent from the OSM/cadastral building layer - verify permit"}], "area_m2": 92.7}, "geometry": {"type": "Polygon", "coordinates": [[[73.56619873046876, 19.697649786225043], [73.56619873046876, 19.697569337394437], [73.56617736816406, 19.697549225186787], [73.56622009277343, 19.697509000771486], [73.56622009277343, 19.697468776356185], [73.56624145507813, 19.697468776356185], [73.56624145507813, 19.697488888563836], [73.5662628173828, 19.697509000771486], [73.5662628173828, 19.697529112979137], [73.56624145507813, 19.697549225186787], [73.56624145507813, 19.697649786225043], [73.56619873046876, 19.697649786225043]]]}}, {"type": "Feature", "properties": {"id": 85, "unrecorded": true, "alerts": [{"type": "UNRECORDED", "msg": "Detected in imagery; no matching footprint in the existing building layer.", "citation": "Structure visible in imagery but absent from the OSM/cadastral building layer - verify permit"}], "area_m2": 165.4}, "geometry": {"type": "Polygon", "coordinates": [[[73.56724548339844, 19.697850908301547], [73.56722412109374, 19.697830796093896], [73.56720275878907, 19.697830796093896], [73.5671600341797, 19.697790571678595], [73.5671600341797, 19.697750347263295], [73.56718139648437, 19.697730235055644], [73.56722412109374, 19.697730235055644], [73.56724548339844, 19.697710122847994], [73.56724548339844, 19.697690010640343], [73.56726684570313, 19.697669898432693], [73.56726684570313, 19.697649786225043], [73.5673095703125, 19.697649786225043], [73.5673095703125, 19.697669898432693], [73.56728820800781, 19.697690010640343], [73.56728820800781, 19.697790571678595], [73.56726684570313, 19.697790571678595], [73.56724548339844, 19.697810683886246], [73.56724548339844, 19.697850908301547]]]}}, {"type": "Feature", "properties": {"id": 86, "unrecorded": true, "alerts": [{"type": "UNRECORDED", "msg": "Detected in imagery; no matching footprint in the existing building layer.", "citation": "Structure visible in imagery but absent from the OSM/cadastral building layer - verify permit"}], "area_m2": 105.3}, "geometry": {"type": "Polygon", "coordinates": [[[73.55624389648438, 19.697850908301547], [73.55624389648438, 19.697830796093896], [73.55622253417968, 19.697810683886246], [73.55617980957031, 19.697810683886246], [73.55615844726563, 19.697790571678595], [73.55615844726563, 19.697730235055644], [73.55617980957031, 19.697750347263295], [73.55622253417968, 19.697750347263295], [73.55624389648438, 19.697730235055644], [73.55628662109375, 19.697730235055644], [73.55628662109375, 19.697770459470945], [73.55626525878907, 19.697790571678595], [73.55626525878907, 19.697830796093896], [73.55624389648438, 19.697850908301547]]]}}, {"type": "Feature", "properties": {"id": 87, "unrecorded": true, "alerts": [{"type": "UNRECORDED", "msg": "Detected in imagery; no matching footprint in the existing building layer.", "citation": "Structure visible in imagery but absent from the OSM/cadastral building layer - verify permit"}], "area_m2": 483.7}, "geometry": {"type": "Polygon", "coordinates": [[[73.56775817871093, 19.697971581547453], [73.56771545410156, 19.698011805962754], [73.56771545410156, 19.698072142585705], [73.56767272949219, 19.698092254793355], [73.56767272949219, 19.698052030378054], [73.5676513671875, 19.698031918170404], [73.56758728027344, 19.698031918170404], [73.56756591796875, 19.698052030378054], [73.56754455566406, 19.698031918170404], [73.56743774414062, 19.698031918170404], [73.56739501953125, 19.697991693755103], [73.56741638183594, 19.697991693755103], [73.56745910644531, 19.697951469339802], [73.56745910644531, 19.697931357132152], [73.56750183105468, 19.697931357132152], [73.56754455566406, 19.697891132716848], [73.56771545410156, 19.697891132716848], [73.56775817871093, 19.697971581547453]]]}}, {"type": "Feature", "properties": {"id": 88, "unrecorded": true, "alerts": [{"type": "UNRECORDED", "msg": "Detected in imagery; no matching footprint in the existing building layer.", "citation": "Structure visible in imagery but absent from the OSM/cadastral building layer - verify permit"}], "area_m2": 125.3}, "geometry": {"type": "Polygon", "coordinates": [[[73.56107177734376, 19.698172703623957], [73.56105041503906, 19.698152591416306], [73.56102905273437, 19.698152591416306], [73.56102905273437, 19.698112367001006], [73.56100769042969, 19.698092254793355], [73.560986328125, 19.698092254793355], [73.560986328125, 19.698031918170404], [73.56100769042969, 19.698011805962754], [73.56100769042969, 19.697971581547453], [73.56102905273437, 19.697971581547453], [73.56102905273437, 19.698031918170404], [73.56107177734376, 19.698072142585705], [73.56109313964843, 19.698072142585705], [73.56109313964843, 19.698092254793355], [73.56111450195313, 19.698112367001006], [73.56107177734376, 19.698152591416306], [73.56107177734376, 19.698172703623957]]]}}, {"type": "Feature", "properties": {"id": 89, "unrecorded": true, "alerts": [{"type": "UNRECORDED", "msg": "Detected in imagery; no matching footprint in the existing building layer.", "citation": "Structure visible in imagery but absent from the OSM/cadastral building layer - verify permit"}], "area_m2": 213.0}, "geometry": {"type": "Polygon", "coordinates": [[[73.56126403808594, 19.69821292803926], [73.56128540039063, 19.69819281583161], [73.56128540039063, 19.698152591416306], [73.56130676269531, 19.698132479208656], [73.56130676269531, 19.698072142585705], [73.561328125, 19.698072142585705], [73.56134948730468, 19.698092254793355], [73.56139221191407, 19.698092254793355], [73.56141357421875, 19.698112367001006], [73.56147766113281, 19.698112367001006], [73.56145629882812, 19.698132479208656], [73.56145629882812, 19.698152591416306], [73.56141357421875, 19.69819281583161], [73.56141357421875, 19.69821292803926], [73.56137084960938, 19.69821292803926], [73.56134948730468, 19.69823304024691], [73.561328125, 19.69821292803926], [73.56126403808594, 19.69821292803926]]]}}, {"type": "Feature", "properties": {"id": 90, "unrecorded": true, "alerts": [{"type": "UNRECORDED", "msg": "Detected in imagery; no matching footprint in the existing building layer.", "citation": "Structure visible in imagery but absent from the OSM/cadastral building layer - verify permit"}], "area_m2": 2626.6}, "geometry": {"type": "Polygon", "coordinates": [[[73.55765380859376, 19.698333601285164], [73.55748291015625, 19.698373825700465], [73.55741882324219, 19.698313489077513], [73.55729064941406, 19.698393937908115], [73.5573974609375, 19.698474386738717], [73.55724792480468, 19.69849449894637], [73.5572265625, 19.698393937908115], [73.55716247558594, 19.698474386738717], [73.55716247558594, 19.69823304024691], [73.5570556640625, 19.69821292803926], [73.55703430175781, 19.698112367001006], [73.55679931640626, 19.69819281583161], [73.5567138671875, 19.698092254793355], [73.55684204101563, 19.697931357132152], [73.55697021484374, 19.697931357132152], [73.55703430175781, 19.698072142585705], [73.55718383789062, 19.698112367001006], [73.55720520019531, 19.698052030378054], [73.55709838867188, 19.698031918170404], [73.55720520019531, 19.697951469339802], [73.55697021484374, 19.697830796093896], [73.55707702636718, 19.697770459470945], [73.55711975097657, 19.697891132716848], [73.55720520019531, 19.697850908301547], [73.55726928710938, 19.697931357132152], [73.55731201171875, 19.697790571678595], [73.55733337402344, 19.697991693755103], [73.55744018554688, 19.698011805962754], [73.55735473632812, 19.698112367001006], [73.55750427246093, 19.69819281583161], [73.55744018554688, 19.698273264662213], [73.55765380859376, 19.698333601285164]]]}}, {"type": "Feature", "properties": {"id": 91, "unrecorded": true, "alerts": [{"type": "UNRECORDED", "msg": "Detected in imagery; no matching footprint in the existing building layer.", "citation": "Structure visible in imagery but absent from the OSM/cadastral building layer - verify permit"}], "area_m2": 797.0}, "geometry": {"type": "Polygon", "coordinates": [[[73.55583801269532, 19.69849449894637], [73.55583801269532, 19.698434162323416], [73.55588073730469, 19.698414050115765], [73.55583801269532, 19.698132479208656], [73.55592346191406, 19.698132479208656], [73.55592346191406, 19.698031918170404], [73.55594482421876, 19.698152591416306], [73.55607299804687, 19.698172703623957], [73.55611572265624, 19.698132479208656], [73.55613708496094, 19.698172703623957], [73.55622253417968, 19.698152591416306], [73.55628662109375, 19.69819281583161], [73.55613708496094, 19.698273264662213], [73.55615844726563, 19.698333601285164], [73.55607299804687, 19.698414050115765], [73.55598754882813, 19.698393937908115], [73.5560302734375, 19.698273264662213], [73.55590209960937, 19.69823304024691], [73.55588073730469, 19.698393937908115], [73.55594482421876, 19.698474386738717], [73.55583801269532, 19.69849449894637]]]}}, {"type": "Feature", "properties": {"id": 92, "unrecorded": true, "alerts": [{"type": "UNRECORDED", "msg": "Detected in imagery; no matching footprint in the existing building layer.", "citation": "Structure visible in imagery but absent from the OSM/cadastral building layer - verify permit"}], "area_m2": 112.8}, "geometry": {"type": "Polygon", "coordinates": [[[73.5560089111328, 19.698715733230525], [73.5560089111328, 19.698655396607574], [73.55598754882813, 19.698635284399924], [73.5560089111328, 19.698635284399924], [73.5560302734375, 19.698615172192273], [73.5560302734375, 19.698574947776972], [73.5560089111328, 19.698554835569322], [73.5560302734375, 19.69853472336167], [73.5560302734375, 19.69849449894637], [73.55609436035157, 19.69849449894637], [73.55611572265624, 19.69851461115402], [73.55607299804687, 19.69851461115402], [73.5560516357422, 19.69853472336167], [73.5560516357422, 19.698615172192273], [73.55607299804687, 19.698635284399924], [73.55607299804687, 19.698675508815224], [73.5560302734375, 19.698715733230525], [73.5560089111328, 19.698715733230525]]]}}, {"type": "Feature", "properties": {"id": 93, "unrecorded": true, "alerts": [{"type": "UNRECORDED", "msg": "Detected in imagery; no matching footprint in the existing building layer.", "citation": "Structure visible in imagery but absent from the OSM/cadastral building layer - verify permit"}], "area_m2": 1463.7}, "geometry": {"type": "Polygon", "coordinates": [[[73.56829223632812, 19.698615172192273], [73.56839904785156, 19.698474386738717], [73.56842041015625, 19.698574947776972], [73.56835632324218, 19.698635284399924], [73.56856994628906, 19.698655396607574], [73.56861267089843, 19.698434162323416], [73.56878356933593, 19.698353713492814], [73.56876220703126, 19.69823304024691], [73.56880493164063, 19.698333601285164], [73.5688690185547, 19.698273264662213], [73.56897583007813, 19.698333601285164], [73.5688262939453, 19.698333601285164], [73.56880493164063, 19.698414050115765], [73.56865539550782, 19.698454274531066], [73.56865539550782, 19.69853472336167], [73.56878356933593, 19.698615172192273], [73.56876220703126, 19.69853472336167], [73.56893310546874, 19.698434162323416], [73.56889038085937, 19.69849449894637], [73.5690185546875, 19.698474386738717], [73.56903991699218, 19.698655396607574], [73.56895446777344, 19.698735845438176], [73.56891174316407, 19.698655396607574], [73.56874084472656, 19.698735845438176], [73.56865539550782, 19.698655396607574], [73.56839904785156, 19.698735845438176], [73.56829223632812, 19.698615172192273]]]}}, {"type": "Feature", "properties": {"id": 94, "unrecorded": true, "alerts": [{"type": "UNRECORDED", "msg": "Detected in imagery; no matching footprint in the existing building layer.", "citation": "Structure visible in imagery but absent from the OSM/cadastral building layer - verify permit"}], "area_m2": 2032.6}, "geometry": {"type": "Polygon", "coordinates": [[[73.56006774902343, 19.69881629426878], [73.56002502441406, 19.698574947776972], [73.56008911132812, 19.698554835569322], [73.56011047363282, 19.69849449894637], [73.56023864746093, 19.698454274531066], [73.56023864746093, 19.698373825700465], [73.56015319824219, 19.698373825700465], [73.56011047363282, 19.698313489077513], [73.56023864746093, 19.698353713492814], [73.56023864746093, 19.69819281583161], [73.5602813720703, 19.698172703623957], [73.56034545898437, 19.698313489077513], [73.56053771972657, 19.698373825700465], [73.56051635742188, 19.69849449894637], [73.56055908203125, 19.69851461115402], [73.56049499511718, 19.69853472336167], [73.5604736328125, 19.698595059984623], [73.56053771972657, 19.698615172192273], [73.56055908203125, 19.698695621022875], [73.5604736328125, 19.698755957645826], [73.5603240966797, 19.698776069853476], [73.560302734375, 19.698675508815224], [73.56021728515626, 19.698655396607574], [73.56019592285156, 19.698715733230525], [73.56008911132812, 19.698735845438176], [73.56006774902343, 19.69881629426878]]]}}, {"type": "Feature", "properties": {"id": 95, "unrecorded": true, "alerts": [{"type": "UNRECORDED", "msg": "Detected in imagery; no matching footprint in the existing building layer.", "citation": "Structure visible in imagery but absent from the OSM/cadastral building layer - verify permit"}], "area_m2": 220.6}, "geometry": {"type": "Polygon", "coordinates": [[[73.56769409179688, 19.698776069853476], [73.56767272949219, 19.69879618206113], [73.56767272949219, 19.69883640647643], [73.5676513671875, 19.69881629426878], [73.56760864257812, 19.69881629426878], [73.56754455566406, 19.698776069853476], [73.56750183105468, 19.698776069853476], [73.56748046875, 19.69879618206113], [73.56748046875, 19.69881629426878], [73.56745910644531, 19.69879618206113], [73.56741638183594, 19.69879618206113], [73.56741638183594, 19.698735845438176], [73.56763000488282, 19.698735845438176], [73.5676513671875, 19.698715733230525], [73.5676513671875, 19.698695621022875], [73.56767272949219, 19.698695621022875], [73.56769409179688, 19.698715733230525], [73.56769409179688, 19.698776069853476]]]}}, {"type": "Feature", "properties": {"id": 96, "unrecorded": false, "alerts": [], "area_m2": 95.2}, "geometry": {"type": "Polygon", "coordinates": [[[73.56880493164063, 19.699057640760586], [73.5688262939453, 19.699037528552935], [73.5688262939453, 19.698997304137635], [73.56884765625, 19.698977191929984], [73.56884765625, 19.698957079722334], [73.56891174316407, 19.698957079722334], [73.56891174316407, 19.698977191929984], [73.56893310546874, 19.698997304137635], [73.56893310546874, 19.699017416345285], [73.56891174316407, 19.699017416345285], [73.56889038085937, 19.699037528552935], [73.56889038085937, 19.699057640760586], [73.56880493164063, 19.699057640760586]]]}}, {"type": "Feature", "properties": {"id": 97, "unrecorded": true, "alerts": [{"type": "UNRECORDED", "msg": "Detected in imagery; no matching footprint in the existing building layer.", "citation": "Structure visible in imagery but absent from the OSM/cadastral building layer - verify permit"}], "area_m2": 152.9}, "geometry": {"type": "Polygon", "coordinates": [[[73.5551971435547, 19.69909786517589], [73.5551544189453, 19.69909786517589], [73.5551544189453, 19.699077752968236], [73.55513305664063, 19.699057640760586], [73.55511169433593, 19.699057640760586], [73.55506896972656, 19.699017416345285], [73.55504760742187, 19.699017416345285], [73.55504760742187, 19.698997304137635], [73.55502624511719, 19.698977191929984], [73.55502624511719, 19.698916855307033], [73.55511169433593, 19.698916855307033], [73.55509033203126, 19.698936967514683], [73.55509033203126, 19.698977191929984], [73.55511169433593, 19.698997304137635], [73.55513305664063, 19.698997304137635], [73.55517578125, 19.699037528552935], [73.55521850585937, 19.699037528552935], [73.5551971435547, 19.699057640760586], [73.5551971435547, 19.69909786517589]]]}}, {"type": "Feature", "properties": {"id": 98, "unrecorded": true, "alerts": [{"type": "UNRECORDED", "msg": "Detected in imagery; no matching footprint in the existing building layer.", "citation": "Structure visible in imagery but absent from the OSM/cadastral building layer - verify permit"}], "area_m2": 406.0}, "geometry": {"type": "Polygon", "coordinates": [[[73.56399841308594, 19.699298987252394], [73.56395568847657, 19.699218538421793], [73.56397705078125, 19.69917831400649], [73.56412658691406, 19.699238650629443], [73.56419067382812, 19.699218538421793], [73.56421203613282, 19.69917831400649], [73.56421203613282, 19.69911797738354], [73.56416931152344, 19.69909786517589], [73.56419067382812, 19.699037528552935], [73.56421203613282, 19.699037528552935], [73.56421203613282, 19.699077752968236], [73.56425476074219, 19.69911797738354], [73.56429748535156, 19.69911797738354], [73.56429748535156, 19.69913808959119], [73.56434020996093, 19.69915820179884], [73.56429748535156, 19.699198426214142], [73.56431884765625, 19.699258762837093], [73.56427612304688, 19.699258762837093], [73.56425476074219, 19.699319099460045], [73.5642333984375, 19.699319099460045], [73.56421203613282, 19.699278875044744], [73.56414794921875, 19.699278875044744], [73.56412658691406, 19.699298987252394], [73.56410522460938, 19.699258762837093], [73.56401977539062, 19.699258762837093], [73.56399841308594, 19.699298987252394]]]}}, {"type": "Feature", "properties": {"id": 99, "unrecorded": true, "alerts": [{"type": "UNRECORDED", "msg": "Detected in imagery; no matching footprint in the existing building layer.", "citation": "Structure visible in imagery but absent from the OSM/cadastral building layer - verify permit"}], "area_m2": 110.3}, "geometry": {"type": "Polygon", "coordinates": [[[73.55878601074218, 19.699520221536552], [73.55878601074218, 19.6994196604983], [73.5587646484375, 19.69939954829065], [73.55878601074218, 19.69939954829065], [73.55880737304688, 19.699379436082996], [73.55882873535157, 19.69939954829065], [73.55887145996094, 19.69939954829065], [73.55887145996094, 19.69947999712125], [73.55885009765625, 19.69947999712125], [73.55882873535157, 19.699500109328902], [73.55882873535157, 19.699520221536552], [73.55878601074218, 19.699520221536552]]]}}, {"type": "Feature", "properties": {"id": 100, "unrecorded": true, "alerts": [{"type": "UNRECORDED", "msg": "Detected in imagery; no matching footprint in the existing building layer.", "citation": "Structure visible in imagery but absent from the OSM/cadastral building layer - verify permit"}], "area_m2": 97.7}, "geometry": {"type": "Polygon", "coordinates": [[[73.55558166503906, 19.699540333744203], [73.55558166503906, 19.699500109328902], [73.55560302734375, 19.69947999712125], [73.55560302734375, 19.69943977270595], [73.55558166503906, 19.6994196604983], [73.55560302734375, 19.69939954829065], [73.55564575195312, 19.69939954829065], [73.55566711425782, 19.6994196604983], [73.5556884765625, 19.6994196604983], [73.55566711425782, 19.69943977270595], [73.55566711425782, 19.6994598849136], [73.55564575195312, 19.69947999712125], [73.55564575195312, 19.699500109328902], [73.55562438964844, 19.699520221536552], [73.55562438964844, 19.699540333744203], [73.55558166503906, 19.699540333744203]]]}}, {"type": "Feature", "properties": {"id": 101, "unrecorded": false, "alerts": [], "area_m2": 195.5}, "geometry": {"type": "Polygon", "coordinates": [[[73.558251953125, 19.699560445951853], [73.55823059082032, 19.699560445951853], [73.55820922851562, 19.699540333744203], [73.55816650390625, 19.699540333744203], [73.55816650390625, 19.699500109328902], [73.55818786621094, 19.69947999712125], [73.55818786621094, 19.699379436082996], [73.55827331542969, 19.699379436082996], [73.55827331542969, 19.69943977270595], [73.55829467773438, 19.6994598849136], [73.55831604003906, 19.6994598849136], [73.55829467773438, 19.69947999712125], [73.55829467773438, 19.699500109328902], [73.558251953125, 19.699540333744203], [73.558251953125, 19.699560445951853]]]}}, {"type": "Feature", "properties": {"id": 102, "unrecorded": true, "alerts": [{"type": "UNRECORDED", "msg": "Detected in imagery; no matching footprint in the existing building layer.", "citation": "Structure visible in imagery but absent from the OSM/cadastral building layer - verify permit"}], "area_m2": 112.8}, "geometry": {"type": "Polygon", "coordinates": [[[73.56011047363282, 19.699600670367154], [73.56011047363282, 19.699580558159504], [73.56008911132812, 19.699560445951853], [73.56008911132812, 19.69947999712125], [73.56011047363282, 19.6994598849136], [73.56015319824219, 19.6994598849136], [73.56017456054687, 19.69947999712125], [73.56021728515626, 19.69947999712125], [73.56021728515626, 19.699500109328902], [73.56019592285156, 19.699500109328902], [73.56017456054687, 19.699520221536552], [73.56017456054687, 19.699540333744203], [73.56015319824219, 19.699540333744203], [73.5601318359375, 19.699560445951853], [73.5601318359375, 19.699600670367154], [73.56011047363282, 19.699600670367154]]]}}, {"type": "Feature", "properties": {"id": 103, "unrecorded": true, "alerts": [{"type": "UNRECORDED", "msg": "Detected in imagery; no matching footprint in the existing building layer.", "citation": "Structure visible in imagery but absent from the OSM/cadastral building layer - verify permit"}], "area_m2": 581.5}, "geometry": {"type": "Polygon", "coordinates": [[[73.56448974609376, 19.699640894782455], [73.56446838378906, 19.699620782574804], [73.56453247070313, 19.699560445951853], [73.56453247070313, 19.699520221536552], [73.56438293457032, 19.6994598849136], [73.56446838378906, 19.69947999712125], [73.56451110839843, 19.69943977270595], [73.56451110839843, 19.69939954829065], [73.56444702148437, 19.699379436082996], [73.56444702148437, 19.699298987252394], [73.56451110839843, 19.699198426214142], [73.5645751953125, 19.699218538421793], [73.5645751953125, 19.699298987252394], [73.56461791992187, 19.699339211667695], [73.56461791992187, 19.6994196604983], [73.56466064453124, 19.69947999712125], [73.56466064453124, 19.699540333744203], [73.56453247070313, 19.699580558159504], [73.56448974609376, 19.699640894782455]]]}}, {"type": "Feature", "properties": {"id": 104, "unrecorded": true, "alerts": [{"type": "UNRECORDED", "msg": "Detected in imagery; no matching footprint in the existing building layer.", "citation": "Structure visible in imagery but absent from the OSM/cadastral building layer - verify permit"}], "area_m2": 147.9}, "geometry": {"type": "Polygon", "coordinates": [[[73.55526123046874, 19.69968111919776], [73.55521850585937, 19.69968111919776], [73.5551971435547, 19.69970123140541], [73.55517578125, 19.69970123140541], [73.5551544189453, 19.69968111919776], [73.5551544189453, 19.699640894782455], [73.55511169433593, 19.699600670367154], [73.55511169433593, 19.699560445951853], [73.5551971435547, 19.699560445951853], [73.55521850585937, 19.699580558159504], [73.55521850585937, 19.699620782574804], [73.55526123046874, 19.699661006990105], [73.55526123046874, 19.69968111919776]]]}}, {"type": "Feature", "properties": {"id": 105, "unrecorded": false, "alerts": [{"type": "WATER_BUFFER", "msg": "Footprint is ~8 m from a waterway/water body - inside the 15 m buffer.", "citation": "State River Regulation Zone norms (15 m setback)"}], "area_m2": 1195.5}, "geometry": {"type": "Polygon", "coordinates": [[[73.55818786621094, 19.699882241274263], [73.5580810546875, 19.69972134361306], [73.55801696777344, 19.69974145582071], [73.55801696777344, 19.699842016858963], [73.55797424316407, 19.699882241274263], [73.55793151855468, 19.699821904651312], [73.55788879394531, 19.699821904651312], [73.55791015625, 19.699620782574804], [73.55797424316407, 19.699540333744203], [73.55797424316407, 19.6994598849136], [73.55793151855468, 19.69943977270595], [73.55797424316407, 19.6994196604983], [73.55801696777344, 19.699238650629443], [73.5580810546875, 19.699238650629443], [73.55812377929688, 19.699298987252394], [73.55803833007812, 19.699640894782455], [73.55823059082032, 19.699661006990105], [73.558251953125, 19.699842016858963], [73.55818786621094, 19.699882241274263]]]}}, {"type": "Feature", "properties": {"id": 106, "unrecorded": true, "alerts": [{"type": "UNRECORDED", "msg": "Detected in imagery; no matching footprint in the existing building layer.", "citation": "Structure visible in imagery but absent from the OSM/cadastral building layer - verify permit"}], "area_m2": 90.2}, "geometry": {"type": "Polygon", "coordinates": [[[73.56472473144531, 19.70000291452017], [73.56472473144531, 19.699942577897215], [73.56478881835938, 19.699942577897215], [73.56481018066407, 19.699922465689564], [73.56481018066407, 19.699902353481914], [73.56483154296875, 19.699902353481914], [73.56485290527344, 19.699882241274263], [73.56485290527344, 19.699922465689564], [73.56483154296875, 19.699942577897215], [73.56483154296875, 19.699962690104865], [73.56481018066407, 19.69998280231252], [73.56481018066407, 19.70000291452017], [73.56472473144531, 19.70000291452017]]]}}, {"type": "Feature", "properties": {"id": 107, "unrecorded": true, "alerts": [{"type": "UNRECORDED", "msg": "Detected in imagery; no matching footprint in the existing building layer.", "citation": "Structure visible in imagery but absent from the OSM/cadastral building layer - verify permit"}], "area_m2": 140.4}, "geometry": {"type": "Polygon", "coordinates": [[[73.56271667480469, 19.70002302672782], [73.56271667480469, 19.699942577897215], [73.5626953125, 19.699922465689564], [73.5626953125, 19.699902353481914], [73.56273803710937, 19.699902353481914], [73.56278076171876, 19.699862129066613], [73.56278076171876, 19.69978168023601], [73.56282348632813, 19.69978168023601], [73.56282348632813, 19.699842016858963], [73.5628448486328, 19.699862129066613], [73.56278076171876, 19.699902353481914], [73.56278076171876, 19.699942577897215], [73.56280212402343, 19.699962690104865], [73.56275939941406, 19.699962690104865], [73.56273803710937, 19.69998280231252], [73.56273803710937, 19.70002302672782], [73.56271667480469, 19.70002302672782]]]}}, {"type": "Feature", "properties": {"id": 108, "unrecorded": true, "alerts": [{"type": "UNRECORDED", "msg": "Detected in imagery; no matching footprint in the existing building layer.", "citation": "Structure visible in imagery but absent from the OSM/cadastral building layer - verify permit"}], "area_m2": 393.5}, "geometry": {"type": "Polygon", "coordinates": [[[73.56673278808594, 19.700143699973722], [73.56671142578125, 19.70008336335077], [73.56673278808594, 19.70006325114312], [73.56673278808594, 19.70000291452017], [73.56675415039062, 19.69998280231252], [73.56675415039062, 19.699942577897215], [73.56677551269532, 19.699942577897215], [73.566796875, 19.699922465689564], [73.566796875, 19.699902353481914], [73.56681823730469, 19.699902353481914], [73.56683959960938, 19.699882241274263], [73.56688232421875, 19.699882241274263], [73.56688232421875, 19.699902353481914], [73.56690368652343, 19.699922465689564], [73.56690368652343, 19.69998280231252], [73.56683959960938, 19.70008336335077], [73.56683959960938, 19.700123587766072], [73.56686096191406, 19.700143699973722], [73.56686096191406, 19.700163812181373], [73.56681823730469, 19.700163812181373], [73.566796875, 19.700143699973722], [73.56673278808594, 19.700143699973722]]]}}, {"type": "Feature", "properties": {"id": 109, "unrecorded": true, "alerts": [{"type": "UNRECORDED", "msg": "Detected in imagery; no matching footprint in the existing building layer.", "citation": "Structure visible in imagery but absent from the OSM/cadastral building layer - verify permit"}], "area_m2": 2473.7}, "geometry": {"type": "Polygon", "coordinates": [[[73.56604919433593, 19.700183924389023], [73.56596374511719, 19.700143699973722], [73.56604919433593, 19.70010347555842], [73.56604919433593, 19.70004313893547], [73.56592102050782, 19.699882241274263], [73.5659423828125, 19.69976156802836], [73.56585693359375, 19.69976156802836], [73.56581420898438, 19.69968111919776], [73.56634826660157, 19.699379436082996], [73.56636962890624, 19.699520221536552], [73.56634826660157, 19.69943977270595], [73.5662841796875, 19.6994196604983], [73.56624145507813, 19.699600670367154], [73.5662628173828, 19.699661006990105], [73.56632690429687, 19.699640894782455], [73.56636962890624, 19.69976156802836], [73.5662841796875, 19.699902353481914], [73.5663055419922, 19.69998280231252], [73.56619873046876, 19.70004313893547], [73.56622009277343, 19.70010347555842], [73.56617736816406, 19.700123587766072], [73.56609191894532, 19.70006325114312], [73.56604919433593, 19.700183924389023]]]}}, {"type": "Feature", "properties": {"id": 110, "unrecorded": false, "alerts": [], "area_m2": 859.7}, "geometry": {"type": "Polygon", "coordinates": [[[73.557568359375, 19.70030459763493], [73.55752563476562, 19.70032470984258], [73.55744018554688, 19.70030459763493], [73.55744018554688, 19.700224148804324], [73.5573974609375, 19.700183924389023], [73.55729064941406, 19.700224148804324], [73.55718383789062, 19.700204036596674], [73.55714111328125, 19.700244261011974], [73.55703430175781, 19.700224148804324], [73.55703430175781, 19.700143699973722], [73.55707702636718, 19.700123587766072], [73.55707702636718, 19.70008336335077], [73.55701293945313, 19.70006325114312], [73.55701293945313, 19.70002302672782], [73.55709838867188, 19.699962690104865], [73.55716247558594, 19.70008336335077], [73.55724792480468, 19.70006325114312], [73.55729064941406, 19.700123587766072], [73.55741882324219, 19.70010347555842], [73.55744018554688, 19.700183924389023], [73.55754699707032, 19.700183924389023], [73.557568359375, 19.70030459763493]]]}}, {"type": "Feature", "properties": {"id": 111, "unrecorded": true, "alerts": [{"type": "UNRECORDED", "msg": "Detected in imagery; no matching footprint in the existing building layer.", "citation": "Structure visible in imagery but absent from the OSM/cadastral building layer - verify permit"}], "area_m2": 112.8}, "geometry": {"type": "Polygon", "coordinates": [[[73.56831359863281, 19.70038504646553], [73.56831359863281, 19.70036493425788], [73.56829223632812, 19.70034482205023], [73.56831359863281, 19.70034482205023], [73.56835632324218, 19.70030459763493], [73.56837768554688, 19.70030459763493], [73.56839904785156, 19.70028448542728], [73.56839904785156, 19.700264373219625], [73.56842041015625, 19.700264373219625], [73.56844177246094, 19.700244261011974], [73.56844177246094, 19.70028448542728], [73.56846313476562, 19.70030459763493], [73.56844177246094, 19.70032470984258], [73.56844177246094, 19.70034482205023], [73.56842041015625, 19.70034482205023], [73.56839904785156, 19.70036493425788], [73.56835632324218, 19.70036493425788], [73.5683349609375, 19.70038504646553], [73.56831359863281, 19.70038504646553]]]}}, {"type": "Feature", "properties": {"id": 112, "unrecorded": false, "alerts": [], "area_m2": 478.7}, "geometry": {"type": "Polygon", "coordinates": [[[73.55799560546875, 19.70040515867318], [73.55793151855468, 19.70040515867318], [73.55788879394531, 19.70036493425788], [73.55786743164063, 19.700264373219625], [73.55782470703124, 19.700244261011974], [73.55780334472657, 19.700204036596674], [73.5577178955078, 19.700183924389023], [73.55769653320313, 19.700143699973722], [73.5577178955078, 19.700143699973722], [73.5577392578125, 19.70010347555842], [73.55778198242187, 19.70010347555842], [73.55782470703124, 19.70006325114312], [73.55782470703124, 19.70002302672782], [73.55786743164063, 19.70002302672782], [73.55788879394531, 19.70004313893547], [73.55788879394531, 19.70008336335077], [73.55784606933594, 19.70010347555842], [73.55786743164063, 19.700204036596674], [73.55791015625, 19.700224148804324], [73.55793151855468, 19.700264373219625], [73.55797424316407, 19.700264373219625], [73.55803833007812, 19.70034482205023], [73.55799560546875, 19.70040515867318]]]}}, {"type": "Feature", "properties": {"id": 113, "unrecorded": false, "alerts": [], "area_m2": 498.8}, "geometry": {"type": "Polygon", "coordinates": [[[73.55940551757813, 19.70068672958029], [73.55940551757813, 19.70066661737264], [73.55936279296876, 19.70064650516499], [73.55936279296876, 19.70062639295734], [73.55932006835937, 19.70058616854204], [73.55923461914062, 19.700566056334385], [73.55925598144532, 19.700545944126734], [73.55925598144532, 19.700485607503783], [73.55923461914062, 19.700465495296132], [73.55919189453125, 19.700465495296132], [73.55919189453125, 19.70042527088083], [73.55925598144532, 19.70034482205023], [73.55932006835937, 19.70038504646553], [73.55938415527343, 19.70038504646553], [73.5594482421875, 19.70042527088083], [73.55940551757813, 19.700465495296132], [73.55940551757813, 19.700525831919084], [73.5594268798828, 19.700545944126734], [73.55940551757813, 19.700566056334385], [73.55940551757813, 19.70062639295734], [73.5594268798828, 19.70064650516499], [73.55940551757813, 19.70068672958029]]]}}, {"type": "Feature", "properties": {"id": 114, "unrecorded": false, "alerts": [], "area_m2": 543.9}, "geometry": {"type": "Polygon", "coordinates": [[[73.55799560546875, 19.70068672958029], [73.55782470703124, 19.70066661737264], [73.55780334472657, 19.70068672958029], [73.5577606201172, 19.70068672958029], [73.5577392578125, 19.70072695399559], [73.55769653320313, 19.70070684178794], [73.55769653320313, 19.70064650516499], [73.55767517089843, 19.70062639295734], [73.5577178955078, 19.70060628074969], [73.55769653320313, 19.700465495296132], [73.5577392578125, 19.700465495296132], [73.5577606201172, 19.700445383088482], [73.55778198242187, 19.700465495296132], [73.55784606933594, 19.700465495296132], [73.55784606933594, 19.700566056334385], [73.55786743164063, 19.70058616854204], [73.55795288085938, 19.70058616854204], [73.55797424316407, 19.700566056334385], [73.55799560546875, 19.70068672958029]]]}}, {"type": "Feature", "properties": {"id": 115, "unrecorded": true, "alerts": [{"type": "UNRECORDED", "msg": "Detected in imagery; no matching footprint in the existing building layer.", "citation": "Structure visible in imagery but absent from the OSM/cadastral building layer - verify permit"}], "area_m2": 486.2}, "geometry": {"type": "Polygon", "coordinates": [[[73.56316528320312, 19.700867739449148], [73.56312255859375, 19.700867739449148], [73.56314392089844, 19.700747066203242], [73.56307983398438, 19.70072695399559], [73.56305847167968, 19.700807402826193], [73.56299438476563, 19.700807402826193], [73.56301574707031, 19.70072695399559], [73.56295166015624, 19.70066661737264], [73.56305847167968, 19.70066661737264], [73.56312255859375, 19.70058616854204], [73.56307983398438, 19.700465495296132], [73.563037109375, 19.700445383088482], [73.56305847167968, 19.70042527088083], [73.5632080078125, 19.700505719711433], [73.56318664550781, 19.700525831919084], [73.56318664550781, 19.700767178410892], [73.56314392089844, 19.700787290618543], [73.56316528320312, 19.700867739449148]]]}}, {"type": "Feature", "properties": {"id": 116, "unrecorded": false, "alerts": [], "area_m2": 215.5}, "geometry": {"type": "Polygon", "coordinates": [[[73.55912780761719, 19.70094818827975], [73.55914916992188, 19.7008878516568], [73.55917053222656, 19.7008878516568], [73.55919189453125, 19.700867739449148], [73.55919189453125, 19.700807402826193], [73.55921325683593, 19.700787290618543], [73.55923461914062, 19.70072695399559], [73.55925598144532, 19.70072695399559], [73.55925598144532, 19.700747066203242], [73.55927734375, 19.700767178410892], [73.55934143066406, 19.700767178410892], [73.55929870605469, 19.700807402826193], [73.55929870605469, 19.700827515033843], [73.55925598144532, 19.7008878516568], [73.55925598144532, 19.7009280760721], [73.55923461914062, 19.70094818827975], [73.55921325683593, 19.7009280760721], [73.55914916992188, 19.7009280760721], [73.55912780761719, 19.70094818827975]]]}}, {"type": "Feature", "properties": {"id": 117, "unrecorded": false, "alerts": [], "area_m2": 2511.3}, "geometry": {"type": "Polygon", "coordinates": [[[73.55795288085938, 19.70126998360216], [73.55791015625, 19.70120964697921], [73.55767517089843, 19.70120964697921], [73.55763244628906, 19.701109085940953], [73.55746154785156, 19.701129198148603], [73.5573974609375, 19.701048749318], [73.55729064941406, 19.701048749318], [73.55724792480468, 19.701129198148603], [73.5572265625, 19.7009683004874], [73.55750427246093, 19.7008878516568], [73.55748291015625, 19.700787290618543], [73.5572265625, 19.700867739449148], [73.55716247558594, 19.70072695399559], [73.55724792480468, 19.70058616854204], [73.55731201171875, 19.70070684178794], [73.55744018554688, 19.70064650516499], [73.55741882324219, 19.70038504646553], [73.55754699707032, 19.700445383088482], [73.55752563476562, 19.701088973733302], [73.55767517089843, 19.701088973733302], [73.55765380859376, 19.700827515033843], [73.5577606201172, 19.700827515033843], [73.55780334472657, 19.70102863711035], [73.55793151855468, 19.70102863711035], [73.55795288085938, 19.70126998360216]]]}}, {"type": "Feature", "properties": {"id": 118, "unrecorded": false, "alerts": [], "area_m2": 240.6}, "geometry": {"type": "Polygon", "coordinates": [[[73.55744018554688, 19.70183312541638], [73.55746154785156, 19.701772788793427], [73.55763244628906, 19.701772788793427], [73.55765380859376, 19.701752676585773], [73.55765380859376, 19.701732564378123], [73.55769653320313, 19.701732564378123], [73.5577392578125, 19.701792901001077], [73.5577392578125, 19.70183312541638], [73.55769653320313, 19.70183312541638], [73.55767517089843, 19.70185323762403], [73.55763244628906, 19.701813013208728], [73.55758972167969, 19.701813013208728], [73.55754699707032, 19.70185323762403], [73.55748291015625, 19.70185323762403], [73.55746154785156, 19.70183312541638], [73.55744018554688, 19.70183312541638]]]}}, {"type": "Feature", "properties": {"id": 119, "unrecorded": true, "alerts": [{"type": "UNRECORDED", "msg": "Detected in imagery; no matching footprint in the existing building layer.", "citation": "Structure visible in imagery but absent from the OSM/cadastral building layer - verify permit"}], "area_m2": 90.2}, "geometry": {"type": "Polygon", "coordinates": [[[73.56854858398438, 19.70195379866228], [73.568505859375, 19.70195379866228], [73.568505859375, 19.70193368645463], [73.56848449707032, 19.70191357424698], [73.56848449707032, 19.70189346203933], [73.56846313476562, 19.70187334983168], [73.56842041015625, 19.70187334983168], [73.56839904785156, 19.70189346203933], [73.56839904785156, 19.70187334983168], [73.56844177246094, 19.70183312541638], [73.56848449707032, 19.70183312541638], [73.56848449707032, 19.70185323762403], [73.568505859375, 19.70187334983168], [73.56854858398438, 19.70187334983168], [73.56854858398438, 19.70195379866228]]]}}, {"type": "Feature", "properties": {"id": 120, "unrecorded": true, "alerts": [{"type": "UNRECORDED", "msg": "Detected in imagery; no matching footprint in the existing building layer.", "citation": "Structure visible in imagery but absent from the OSM/cadastral building layer - verify permit"}], "area_m2": 852.2}, "geometry": {"type": "Polygon", "coordinates": [[[73.55491943359375, 19.702094584115837], [73.55489807128906, 19.702054359700536], [73.55470581054688, 19.702014135285232], [73.55476989746094, 19.70197391086993], [73.55472717285156, 19.70191357424698], [73.55485534667969, 19.70187334983168], [73.554833984375, 19.701813013208728], [73.55476989746094, 19.70183312541638], [73.55472717285156, 19.701772788793427], [73.55487670898438, 19.701732564378123], [73.55487670898438, 19.70189346203933], [73.55498352050782, 19.70183312541638], [73.55496215820312, 19.701752676585773], [73.55502624511719, 19.701732564378123], [73.55504760742187, 19.70163200333987], [73.55498352050782, 19.70161189113222], [73.55491943359375, 19.70167222775517], [73.55487670898438, 19.70161189113222], [73.55489807128906, 19.70155155450927], [73.5550048828125, 19.70155155450927], [73.55504760742187, 19.701450993471013], [73.55504760742187, 19.70157166671692], [73.55513305664063, 19.70161189113222], [73.55509033203126, 19.70163200333987], [73.55509033203126, 19.701732564378123], [73.55491943359375, 19.70193368645463], [73.55491943359375, 19.702094584115837]]]}}, {"type": "Feature", "properties": {"id": 121, "unrecorded": true, "alerts": [{"type": "UNRECORDED", "msg": "Detected in imagery; no matching footprint in the existing building layer.", "citation": "Structure visible in imagery but absent from the OSM/cadastral building layer - verify permit"}], "area_m2": 92.7}, "geometry": {"type": "Polygon", "coordinates": [[[73.55902099609375, 19.70219514515409], [73.55906372070312, 19.70219514515409], [73.5591064453125, 19.70223536956939], [73.55914916992188, 19.70223536956939], [73.55917053222656, 19.70221525736174], [73.55917053222656, 19.70219514515409], [73.55919189453125, 19.70219514515409], [73.55919189453125, 19.70221525736174], [73.55921325683593, 19.70223536956939], [73.55919189453125, 19.70225548177704], [73.55908508300782, 19.70225548177704], [73.55906372070312, 19.70227559398469], [73.55904235839844, 19.70225548177704], [73.55902099609375, 19.70225548177704], [73.55902099609375, 19.70219514515409]]]}}, {"type": "Feature", "properties": {"id": 122, "unrecorded": true, "alerts": [{"type": "UNRECORDED", "msg": "Detected in imagery; no matching footprint in the existing building layer.", "citation": "Structure visible in imagery but absent from the OSM/cadastral building layer - verify permit"}], "area_m2": 90.2}, "geometry": {"type": "Polygon", "coordinates": [[[73.55412902832032, 19.70229570619234], [73.55410766601562, 19.70227559398469], [73.554150390625, 19.70223536956939], [73.554150390625, 19.70221525736174], [73.55417175292969, 19.70221525736174], [73.55419311523437, 19.70219514515409], [73.55419311523437, 19.70217503294644], [73.55423583984376, 19.70217503294644], [73.55425720214843, 19.70215492073879], [73.55425720214843, 19.70219514515409], [73.55423583984376, 19.70219514515409], [73.55421447753906, 19.70221525736174], [73.55421447753906, 19.70223536956939], [73.55419311523437, 19.70225548177704], [73.55419311523437, 19.70227559398469], [73.55417175292969, 19.70229570619234], [73.55412902832032, 19.70229570619234]]]}}, {"type": "Feature", "properties": {"id": 123, "unrecorded": true, "alerts": [{"type": "UNRECORDED", "msg": "Detected in imagery; no matching footprint in the existing building layer.", "citation": "Structure visible in imagery but absent from the OSM/cadastral building layer - verify permit"}], "area_m2": 130.3}, "geometry": {"type": "Polygon", "coordinates": [[[73.553466796875, 19.70229570619234], [73.553466796875, 19.70223536956939], [73.55355224609374, 19.70223536956939], [73.55361633300781, 19.70219514515409], [73.5536376953125, 19.70219514515409], [73.55365905761718, 19.70221525736174], [73.55368041992188, 19.70221525736174], [73.55368041992188, 19.70225548177704], [73.55365905761718, 19.70225548177704], [73.55361633300781, 19.70229570619234], [73.55357360839844, 19.70225548177704], [73.55353088378907, 19.70225548177704], [73.55350952148437, 19.70227559398469], [73.55350952148437, 19.70229570619234], [73.553466796875, 19.70229570619234]]]}}, {"type": "Feature", "properties": {"id": 124, "unrecorded": true, "alerts": [{"type": "UNRECORDED", "msg": "Detected in imagery; no matching footprint in the existing building layer.", "citation": "Structure visible in imagery but absent from the OSM/cadastral building layer - verify permit"}], "area_m2": 689.2}, "geometry": {"type": "Polygon", "coordinates": [[[73.55664978027343, 19.703240979951925], [73.55667114257812, 19.70314041891367], [73.55660705566406, 19.70310019449837], [73.55660705566406, 19.703019745667767], [73.55656433105469, 19.702979521252466], [73.55660705566406, 19.702979521252466], [73.55662841796875, 19.702959409044816], [73.55673522949219, 19.702959409044816], [73.55677795410156, 19.70291918462951], [73.55679931640626, 19.702959409044816], [73.55679931640626, 19.703019745667767], [73.5568634033203, 19.70316053112132], [73.5568634033203, 19.703240979951925], [73.55664978027343, 19.703240979951925]]]}}, {"type": "Feature", "properties": {"id": 125, "unrecorded": true, "alerts": [{"type": "NO_ROAD", "msg": "Nearest mapped road is ~205 m away.", "citation": "Relative to the mapped OSM road network (itself incomplete here) - review access in the field before treating as a genuine easement issue"}, {"type": "UNRECORDED", "msg": "Detected in imagery; no matching footprint in the existing building layer.", "citation": "Structure visible in imagery but absent from the OSM/cadastral building layer - verify permit"}], "area_m2": 1376.0}, "geometry": {"type": "Polygon", "coordinates": [[[73.56739501953125, 19.70372367293554], [73.56737365722657, 19.703582887481986], [73.5673095703125, 19.703542663066685], [73.56733093261718, 19.70352255085903], [73.56733093261718, 19.70344210202843], [73.56728820800781, 19.703381765405478], [73.56733093261718, 19.703341540990177], [73.5673095703125, 19.703240979951925], [73.56733093261718, 19.70322086774427], [73.56752319335938, 19.703240979951925], [73.56754455566406, 19.70318064332897], [73.56756591796875, 19.703240979951925], [73.56760864257812, 19.703261092159575], [73.56756591796875, 19.703281204367226], [73.56756591796875, 19.703361653197828], [73.56763000488282, 19.703381765405478], [73.5676513671875, 19.70348232644373], [73.56763000488282, 19.703562775274335], [73.5676513671875, 19.703582887481986], [73.56750183105468, 19.703582887481986], [73.56748046875, 19.703602999689636], [73.56750183105468, 19.703683448520238], [73.56745910644531, 19.70372367293554], [73.56739501953125, 19.70372367293554]]]}}, {"type": "Feature", "properties": {"id": 126, "unrecorded": true, "alerts": [{"type": "WATER_BUFFER", "msg": "Footprint is ~6 m from a waterway/water body - inside the 15 m buffer.", "citation": "State River Regulation Zone norms (15 m setback)"}, {"type": "NO_ROAD", "msg": "Nearest mapped road is ~394 m away.", "citation": "Relative to the mapped OSM road network (itself incomplete here) - review access in the field before treating as a genuine easement issue"}, {"type": "UNRECORDED", "msg": "Detected in imagery; no matching footprint in the existing building layer.", "citation": "Structure visible in imagery but absent from the OSM/cadastral building layer - verify permit"}], "area_m2": 110.3}, "geometry": {"type": "Polygon", "coordinates": [[[73.56299438476563, 19.704508049033915], [73.56297302246094, 19.704528161241566], [73.56293029785157, 19.704487936826265], [73.56290893554687, 19.704487936826265], [73.56290893554687, 19.704467824618614], [73.5628875732422, 19.704447712410964], [73.56275939941406, 19.704447712410964], [73.56271667480469, 19.704487936826265], [73.56271667480469, 19.704447712410964], [73.56273803710937, 19.704427600203314], [73.56273803710937, 19.70440748799566], [73.5628448486328, 19.70440748799566], [73.56290893554687, 19.704447712410964], [73.56295166015624, 19.704447712410964], [73.56295166015624, 19.704487936826265], [73.56297302246094, 19.704508049033915], [73.56299438476563, 19.704508049033915]]]}}, {"type": "Feature", "properties": {"id": 127, "unrecorded": true, "alerts": [{"type": "NO_ROAD", "msg": "Nearest mapped road is ~321 m away.", "citation": "Relative to the mapped OSM road network (itself incomplete here) - review access in the field before treating as a genuine easement issue"}, {"type": "UNRECORDED", "msg": "Detected in imagery; no matching footprint in the existing building layer.", "citation": "Structure visible in imagery but absent from the OSM/cadastral building layer - verify permit"}], "area_m2": 157.9}, "geometry": {"type": "Polygon", "coordinates": [[[73.55669250488282, 19.704568385656867], [73.55673522949219, 19.704568385656867], [73.55677795410156, 19.704628722279818], [73.55682067871093, 19.704628722279818], [73.5568634033203, 19.704588497864517], [73.556884765625, 19.704588497864517], [73.55694885253907, 19.704628722279818], [73.55692749023437, 19.704648834487468], [73.55692749023437, 19.70466894669512], [73.556884765625, 19.70466894669512], [73.5568634033203, 19.70468905890277], [73.55684204101563, 19.70466894669512], [73.55677795410156, 19.70466894669512], [73.55675659179687, 19.70468905890277], [73.55675659179687, 19.704729283318073], [73.5567138671875, 19.70466894669512], [73.55673522949219, 19.70466894669512], [73.55675659179687, 19.704648834487468], [73.55675659179687, 19.704608610072167], [73.55669250488282, 19.704568385656867]]]}}, {"type": "Feature", "properties": {"id": 128, "unrecorded": true, "alerts": [{"type": "NO_ROAD", "msg": "Nearest mapped road is ~444 m away.", "citation": "Relative to the mapped OSM road network (itself incomplete here) - review access in the field before treating as a genuine easement issue"}, {"type": "UNRECORDED", "msg": "Detected in imagery; no matching footprint in the existing building layer.", "citation": "Structure visible in imagery but absent from the OSM/cadastral building layer - verify permit"}], "area_m2": 273.2}, "geometry": {"type": "Polygon", "coordinates": [[[73.5601318359375, 19.705533771624097], [73.56008911132812, 19.705513659416447], [73.56004638671875, 19.705332649547593], [73.56002502441406, 19.70531253733994], [73.55991821289062, 19.70529242513229], [73.55993957519532, 19.705272312924638], [73.55993957519532, 19.705191864094036], [73.5599609375, 19.705171751886386], [73.55998229980469, 19.705071190848134], [73.56000366210938, 19.705232088509337], [73.56006774902343, 19.705272312924638], [73.5601318359375, 19.705352761755243], [73.56008911132812, 19.705352761755243], [73.56006774902343, 19.705372873962894], [73.56006774902343, 19.705413098378195], [73.56015319824219, 19.705473435001146], [73.5601318359375, 19.705533771624097]]]}}, {"type": "Feature", "properties": {"id": 129, "unrecorded": true, "alerts": [{"type": "NO_ROAD", "msg": "Nearest mapped road is ~430 m away.", "citation": "Relative to the mapped OSM road network (itself incomplete here) - review access in the field before treating as a genuine easement issue"}, {"type": "UNRECORDED", "msg": "Detected in imagery; no matching footprint in the existing building layer.", "citation": "Structure visible in imagery but absent from the OSM/cadastral building layer - verify permit"}], "area_m2": 112.8}, "geometry": {"type": "Polygon", "coordinates": [[[73.56743774414062, 19.705674557077653], [73.56743774414062, 19.705614220454702], [73.56741638183594, 19.70559410824705], [73.56741638183594, 19.705533771624097], [73.56743774414062, 19.705553883831747], [73.56748046875, 19.705553883831747], [73.56750183105468, 19.705533771624097], [73.56752319335938, 19.705533771624097], [73.56754455566406, 19.705553883831747], [73.56756591796875, 19.705553883831747], [73.56754455566406, 19.705573996039398], [73.56752319335938, 19.705573996039398], [73.56750183105468, 19.70559410824705], [73.56750183105468, 19.705634332662353], [73.56748046875, 19.705634332662353], [73.56745910644531, 19.705654444870003], [73.56745910644531, 19.705674557077653], [73.56743774414062, 19.705674557077653]]]}}, {"type": "Feature", "properties": {"id": 130, "unrecorded": true, "alerts": [{"type": "NO_ROAD", "msg": "Nearest mapped road is ~684 m away.", "citation": "Relative to the mapped OSM road network (itself incomplete here) - review access in the field before treating as a genuine easement issue"}, {"type": "UNRECORDED", "msg": "Detected in imagery; no matching footprint in the existing building layer.", "citation": "Structure visible in imagery but absent from the OSM/cadastral building layer - verify permit"}], "area_m2": 238.1}, "geometry": {"type": "Polygon", "coordinates": [[[73.56538696289063, 19.707203084859103], [73.5654083251953, 19.707203084859103], [73.5654296875, 19.707162860443802], [73.56551513671874, 19.707182972651452], [73.56553649902344, 19.707203084859103], [73.56557922363281, 19.707203084859103], [73.5656005859375, 19.707162860443802], [73.56562194824218, 19.707162860443802], [73.56564331054688, 19.707203084859103], [73.56572875976562, 19.707203084859103], [73.56575012207031, 19.707223197066753], [73.56579284667968, 19.707223197066753], [73.56581420898438, 19.707203084859103], [73.56581420898438, 19.707243309274403], [73.5654083251953, 19.707243309274403], [73.56538696289063, 19.707203084859103]]]}}]}