{"type": "FeatureCollection", "features": [{"type": "Feature", "properties": {"id": 0, "area_m2": 672.0, "perimeter_m": 121.3, "landuse": "Residential", "building_count": 1, "building_ids": [0], "has_unrecorded_building": true, "road_connected": false, "road_distance_m": 639.1, "gps_lat": 19.689261, "gps_lon": 73.560189}, "geometry": {"type": "Polygon", "coordinates": [[[73.56004368305703, 19.689142322388815], [73.56004368305703, 19.689285653289303], [73.56010417037527, 19.689285653289303], [73.56012553267996, 19.689305765496954], [73.56015049458047, 19.689305765496954], [73.56015049458047, 19.68947514300308], [73.56032680034141, 19.68930915444864], [73.56032680034141, 19.68920011356483], [73.56028407573204, 19.68920011356483], [73.56028407573204, 19.689142322388815], [73.56004368305703, 19.689142322388815]]]}}, {"type": "Feature", "properties": {"id": 1, "area_m2": 972.9, "perimeter_m": 154.6, "landuse": "Residential", "building_count": 1, "building_ids": [1], "has_unrecorded_building": true, "road_connected": false, "road_distance_m": 473.5, "gps_lat": 19.689388, "gps_lon": 73.568717}, "geometry": {"type": "Polygon", "coordinates": [[[73.56871317916433, 19.68950688757346], [73.56883259720286, 19.68950688757346], [73.5688930845211, 19.68944993990219], [73.5688930845211, 19.689429827694553], [73.56903026526922, 19.689300674603086], [73.56854228072683, 19.689300674603086], [73.56838733726993, 19.68944655095051], [73.56861381064404, 19.68944655095051], [73.5686778975581, 19.68948677536581], [73.56869181685964, 19.68948677536581], [73.56871317916433, 19.68950688757346]]]}}, {"type": "Feature", "properties": {"id": 2, "area_m2": 1922.3, "perimeter_m": 268.0, "landuse": "Residential", "building_count": 1, "building_ids": [2], "has_unrecorded_building": true, "road_connected": false, "road_distance_m": 491.4, "gps_lat": 19.689484, "gps_lon": 73.565103}, "geometry": {"type": "Polygon", "coordinates": [[[73.5654522561162, 19.689637783454472], [73.56534694194298, 19.68953863214321], [73.56534694194298, 19.68943890708715], [73.56521873410834, 19.689398671999687], [73.56516007939038, 19.689412477577836], [73.56515468120078, 19.689404854137024], [73.56515468120078, 19.689260450187785], [73.56504402627003, 19.689260450187785], [73.56485582102096, 19.689142322388815], [73.56485348661398, 19.689142322388815], [73.56492076961473, 19.689395705102473], [73.56497266225101, 19.68944456104249], [73.5649647165298, 19.6894819647771], [73.5647675000968, 19.689574802556297], [73.56505507743493, 19.68961992733118], [73.56510960917923, 19.689825289773218], [73.56520796449847, 19.68964009041073], [73.56521064913926, 19.689647673027014], [73.56544639815601, 19.689647673027014], [73.5654522561162, 19.689637783454472]]]}}, {"type": "Feature", "properties": {"id": 3, "area_m2": 1369.8, "perimeter_m": 238.2, "landuse": "Residential", "building_count": 1, "building_ids": [3], "has_unrecorded_building": true, "road_connected": false, "road_distance_m": 489.9, "gps_lat": 19.689693, "gps_lon": 73.554815}, "geometry": {"type": "Polygon", "coordinates": [[[73.55472086959402, 19.68976834627292], [73.55474223189871, 19.68978845848057], [73.55476719379921, 19.68978845848057], [73.55476719379921, 19.68991761157137], [73.55496486186485, 19.68973151080931], [73.55496486186485, 19.68970800964997], [73.55526827874931, 19.68970800964997], [73.55527259444409, 19.689682971419717], [73.55491278801857, 19.689570054427985], [73.55488301224192, 19.689542021094894], [73.55480631881277, 19.689542021094894], [73.55478495650809, 19.689562133302545], [73.55470310688516, 19.689562133302545], [73.55470310688516, 19.68963332509444], [73.55435264969651, 19.68974330804265], [73.55435696539129, 19.68976834627292], [73.55472086959402, 19.68976834627292]]]}}, {"type": "Feature", "properties": {"id": 4, "area_m2": 713.7, "perimeter_m": 132.3, "landuse": "Residential", "building_count": 1, "building_ids": [4], "has_unrecorded_building": true, "road_connected": false, "road_distance_m": 411.3, "gps_lat": 19.689828, "gps_lon": 73.572282}, "geometry": {"type": "Polygon", "coordinates": [[[73.57204029137144, 19.689909131726473], [73.57225932174246, 19.689909131726473], [73.57230834960936, 19.689955290540073], [73.5723573774763, 19.689909131726473], [73.5725123209332, 19.689909131726473], [73.57239650248985, 19.68980009084267], [73.57239650248985, 19.689702918756097], [73.57225932174246, 19.689702918756097], [73.57223795943777, 19.689723030963748], [73.57217747211952, 19.689723030963748], [73.57217747211952, 19.689779978635013], [73.57204029137144, 19.689909131726473]]]}}, {"type": "Feature", "properties": {"id": 5, "area_m2": 648.5, "perimeter_m": 102.8, "landuse": "Residential", "building_count": 1, "building_ids": [5], "has_unrecorded_building": true, "road_connected": false, "road_distance_m": 559.8, "gps_lat": 19.689771, "gps_lon": 73.558018}, "geometry": {"type": "Polygon", "coordinates": [[[73.55792881489296, 19.689832071847565], [73.55795017719765, 19.689852184055216], [73.55795017719765, 19.689872296262852], [73.5580383300781, 19.689955290540073], [73.5581264829586, 19.689872296262866], [73.5581264829586, 19.689682806548447], [73.55808375834923, 19.689682806548447], [73.55808375834923, 19.689679417596754], [73.55802327103098, 19.689622469925496], [73.55790745258828, 19.689622469925496], [73.55790745258828, 19.68979184743225], [73.55792881489296, 19.6898119596399], [73.55792881489296, 19.689832071847565]]]}}, {"type": "Feature", "properties": {"id": 6, "area_m2": 802.0, "perimeter_m": 126.1, "landuse": "Residential", "building_count": 1, "building_ids": [6], "has_unrecorded_building": true, "road_connected": false, "road_distance_m": 422.4, "gps_lat": 19.689851, "gps_lon": 73.566867}, "geometry": {"type": "Polygon", "coordinates": [[[73.56670241886162, 19.68990658627954], [73.5667514467289, 19.68995274509347], [73.5667514467289, 19.69000969276473], [73.56690639018517, 19.69000969276473], [73.56690639018517, 19.689909131726473], [73.5670132017086, 19.689909131726473], [73.5670132017086, 19.689702918756097], [73.5668973832659, 19.689702918756097], [73.5668760209612, 19.689723030963748], [73.56685465865652, 19.689723030963748], [73.56683329635183, 19.6897431431714], [73.56679057174246, 19.6897431431714], [73.56670241886162, 19.689826137448936], [73.56674514347101, 19.689866361864237], [73.56670241886162, 19.68990658627954]]]}}, {"type": "Feature", "properties": {"id": 7, "area_m2": 587.6, "perimeter_m": 98.7, "landuse": "Residential", "building_count": 1, "building_ids": [7], "has_unrecorded_building": true, "road_connected": false, "road_distance_m": 434.8, "gps_lat": 19.689909, "gps_lon": 73.566208}, "geometry": {"type": "Polygon", "coordinates": [[[73.56612834029714, 19.69000969276473], [73.56626912064036, 19.69000969276473], [73.56629048294504, 19.68998958055708], [73.56635097026329, 19.68998958055708], [73.56635097026329, 19.689843704209654], [73.56629048294504, 19.689843704209654], [73.56622009277342, 19.689777433188386], [73.56617106490651, 19.689823592002003], [73.5660678529789, 19.689823592002003], [73.5660678529789, 19.689952745093457], [73.56612834029714, 19.69000969276473]]]}}, {"type": "Feature", "properties": {"id": 8, "area_m2": 2541.9, "perimeter_m": 243.0, "landuse": "Residential", "building_count": 1, "building_ids": [8], "has_unrecorded_building": true, "road_connected": false, "road_distance_m": 438.5, "gps_lat": 19.689796, "gps_lon": 73.565776}, "geometry": {"type": "Polygon", "coordinates": [[[73.5655505625065, 19.689989302653082], [73.5659521006304, 19.69005230941699], [73.56605517419194, 19.689622025600247], [73.56601589074414, 19.68936313321493], [73.56589716339127, 19.689642582133146], [73.56556869994644, 19.689642582133146], [73.56549897992461, 19.68962070210386], [73.5654672429997, 19.68994937899356], [73.5655505625065, 19.689989302653082]]]}}, {"type": "Feature", "properties": {"id": 9, "area_m2": 2578.4, "perimeter_m": 296.4, "landuse": "Residential", "building_count": 1, "building_ids": [9], "has_unrecorded_building": true, "road_connected": false, "road_distance_m": 443.5, "gps_lat": 19.689859, "gps_lon": 73.553825}, "geometry": {"type": "Polygon", "coordinates": [[[73.553466796875, 19.6899064978441], [73.55351626255138, 19.68992978334559], [73.55355878501103, 19.690089919726123], [73.55365294916425, 19.69000126594881], [73.55373141305833, 19.69011207436723], [73.55378143182578, 19.690017890911655], [73.55389603618927, 19.69003947048174], [73.55391068784529, 19.689998087706904], [73.5540249204586, 19.690213183416144], [73.5540249204586, 19.689908935098316], [73.55422784116861, 19.689832516687176], [73.55409620838857, 19.689770551795167], [73.55412242273289, 19.689622469925496], [73.55389133930703, 19.689622469925496], [73.55389133930703, 19.68969952980441], [73.55388331215018, 19.689707087221453], [73.55382490978326, 19.689716251342926], [73.55380714798648, 19.689682806548447], [73.55368186568538, 19.689682806548447], [73.55365725328171, 19.68972915077775], [73.55350681782265, 19.689752756136464], [73.55350681782265, 19.689807386400023], [73.553466796875, 19.68982622588437], [73.553466796875, 19.6899064978441]]]}}, {"type": "Feature", "properties": {"id": 10, "area_m2": 721.5, "perimeter_m": 130.6, "landuse": "Residential", "building_count": 1, "building_ids": [10], "has_unrecorded_building": true, "road_connected": false, "road_distance_m": 561.2, "gps_lat": 19.690012, "gps_lon": 73.560347}, "geometry": {"type": "Polygon", "coordinates": [[[73.5603731245466, 19.690150478218282], [73.5603944868513, 19.69013036601063], [73.56045497416953, 19.69013036601063], [73.56045497416953, 19.690053306131723], [73.56047633647422, 19.690033193924073], [73.56047633647422, 19.68994087629622], [73.56030003071328, 19.68977488774179], [73.56030003071328, 19.689940876296212], [73.56027866840859, 19.689960988503863], [73.56027866840859, 19.689981100711528], [73.5602573061039, 19.690001212919178], [73.5602573061039, 19.690041437334465], [73.56014148766047, 19.690150478218282], [73.5603731245466, 19.690150478218282]]]}}, {"type": "Feature", "properties": {"id": 11, "area_m2": 826.0, "perimeter_m": 144.8, "landuse": "Residential", "building_count": 1, "building_ids": [11], "has_unrecorded_building": true, "road_connected": false, "road_distance_m": 496.2, "gps_lat": 19.690063, "gps_lon": 73.556925}, "geometry": {"type": "Polygon", "coordinates": [[[73.55689106888254, 19.690190702633583], [73.55695155620079, 19.690133754962325], [73.55695155620079, 19.69013036601063], [73.55717418616766, 19.69013036601063], [73.55705836772422, 19.690021325126814], [73.55705836772422, 19.689924153040256], [73.55688206196328, 19.689924153040256], [73.55688206196328, 19.689964377455556], [73.55679661274452, 19.689964377455556], [73.55679661274452, 19.69008166174978], [73.55668079430117, 19.690190702633583], [73.55689106888254, 19.690190702633583]]]}}, {"type": "Feature", "properties": {"id": 12, "area_m2": 696.8, "perimeter_m": 126.8, "landuse": "Residential", "building_count": 1, "building_ids": [12], "has_unrecorded_building": true, "road_connected": false, "road_distance_m": 498.3, "gps_lat": 19.690206, "gps_lon": 73.557805}, "geometry": {"type": "Polygon", "coordinates": [[[73.55793078621443, 19.689999356957156], [73.55781840377371, 19.69010516290911], [73.557797041469, 19.69010516290911], [73.55777567916432, 19.690125275116763], [73.55767246723671, 19.690125275116763], [73.55767246723671, 19.69025442820823], [73.5576938295414, 19.69027454041588], [73.5576938295414, 19.690420416762688], [73.5578096479841, 19.69031137587949], [73.5578310102888, 19.69031137587949], [73.55785237259347, 19.69029126367184], [73.55787373489817, 19.69029126367184], [73.55793422221642, 19.69023431600058], [73.55793422221642, 19.690000856326087], [73.55793078621443, 19.689999356957156]]]}}, {"type": "Feature", "properties": {"id": 13, "area_m2": 2717.1, "perimeter_m": 352.6, "landuse": "Residential", "building_count": 1, "building_ids": [13], "has_unrecorded_building": true, "road_connected": false, "road_distance_m": 510.9, "gps_lat": 19.690395, "gps_lon": 73.559481}, "geometry": {"type": "Polygon", "coordinates": [[[73.55950486817115, 19.690453803221125], [73.55952935045764, 19.690450510419446], [73.55946191831865, 19.690492834478928], [73.55972207716269, 19.690562815808462], [73.55977012252131, 19.69065328340955], [73.56012663054915, 19.69065328340955], [73.55982099715952, 19.690447749065395], [73.55971706103291, 19.690252041252815], [73.55962426544733, 19.69028116301837], [73.55946400930357, 19.690205723947365], [73.5592107620241, 19.690205723947365], [73.5591728957526, 19.690294849901488], [73.55882367713711, 19.69021265421365], [73.55879643020322, 19.690291986671344], [73.55928085753764, 19.69047441835714], [73.5593050633618, 19.69038326104636], [73.55950486817115, 19.690453803221125]]]}}, {"type": "Feature", "properties": {"id": 14, "area_m2": 717.1, "perimeter_m": 112.9, "landuse": "Residential", "building_count": 1, "building_ids": [14], "has_unrecorded_building": true, "road_connected": false, "road_distance_m": 387.3, "gps_lat": 19.690598, "gps_lon": 73.563873}, "geometry": {"type": "Polygon", "coordinates": [[[73.56373936176796, 19.690636560153592], [73.56376072407265, 19.690656672361243], [73.56376072407265, 19.6907136200325], [73.56402247905235, 19.6907136200325], [73.56402247905235, 19.690547631477425], [73.56395839213829, 19.690547631477425], [73.56395839213829, 19.690507407062125], [73.56391566752892, 19.690507407062125], [73.56391566752892, 19.690467182646824], [73.56373936176796, 19.690467182646824], [73.56373936176796, 19.690636560153592]]]}}, {"type": "Feature", "properties": {"id": 15, "area_m2": 4597.1, "perimeter_m": 436.7, "landuse": "Residential", "building_count": 1, "building_ids": [15], "has_unrecorded_building": true, "road_connected": false, "road_distance_m": 357.8, "gps_lat": 19.690355, "gps_lon": 73.565556}, "geometry": {"type": "Polygon", "coordinates": [[[73.5653315495855, 19.689884359673638], [73.5652425701785, 19.690135676982738], [73.5653575846077, 19.690200647334482], [73.56522480630551, 19.690231899402367], [73.56538073140159, 19.690408060052977], [73.56536851726055, 19.69048855573973], [73.56518778203493, 19.69057363514574], [73.56546970844765, 19.690691603327707], [73.56546970844765, 19.69097517454489], [73.56547768756673, 19.69098150839895], [73.56569948247358, 19.690720488737906], [73.56561403325483, 19.690539478869052], [73.56565027018364, 19.690496833386298], [73.56602011925338, 19.69054657709138], [73.56577777642961, 19.690375456187102], [73.56593141656022, 19.690360991258082], [73.56584520736548, 19.69023924475757], [73.5659602393101, 19.69022721137868], [73.56592429570956, 19.69016838193144], [73.5653315495855, 19.689884359673638]]]}}, {"type": "Feature", "properties": {"id": 16, "area_m2": 764.8, "perimeter_m": 134.7, "landuse": "Residential", "building_count": 1, "building_ids": [16], "has_unrecorded_building": true, "road_connected": false, "road_distance_m": 340.1, "gps_lat": 19.691153, "gps_lon": 73.564768}, "geometry": {"type": "Polygon", "coordinates": [[[73.5647152946468, 19.691311693020783], [73.56473103470286, 19.69129687405437], [73.5649714273786, 19.69129687405437], [73.56485560893516, 19.691187833170552], [73.56485560893516, 19.69110738433995], [73.56483424663047, 19.6910872721323], [73.56483424663047, 19.690921283577843], [73.56471842818777, 19.691030324461043], [73.56463657856484, 19.691030324461043], [73.56463657856484, 19.691167720962902], [73.56463331157039, 19.69117079677667], [73.5647152946468, 19.691311693020783]]]}}, {"type": "Feature", "properties": {"id": 17, "area_m2": 1919.8, "perimeter_m": 305.1, "landuse": "Residential", "building_count": 1, "building_ids": [17], "has_unrecorded_building": true, "road_connected": false, "road_distance_m": 319.9, "gps_lat": 19.691134, "gps_lon": 73.563268}, "geometry": {"type": "Polygon", "coordinates": [[[73.56291858726985, 19.69123653743142], [73.56313761764089, 19.69123653743142], [73.56320800781252, 19.69130280845267], [73.56325703567941, 19.69125664963907], [73.56326579146902, 19.69125664963907], [73.56332987838309, 19.69131698626202], [73.56368319797528, 19.69131698626202], [73.5634418143874, 19.691203357210426], [73.56347336238834, 19.69117365536153], [73.5634418143874, 19.691143953512636], [73.56368319797528, 19.691030324461043], [73.56329616069297, 19.691030324461043], [73.56329616069297, 19.69080672160182], [73.56318142873853, 19.691022757551735], [73.56315830382502, 19.690990100045738], [73.56297031879922, 19.690990100045738], [73.56297031879922, 19.691156088600817], [73.56300403648862, 19.691156088600817], [73.56291858726985, 19.69123653743142]]]}}, {"type": "Feature", "properties": {"id": 18, "area_m2": 1488.7, "perimeter_m": 178.4, "landuse": "Residential", "building_count": 1, "building_ids": [18], "has_unrecorded_building": true, "road_connected": false, "road_distance_m": 347.7, "gps_lat": 19.691212, "gps_lon": 73.556225}, "geometry": {"type": "Polygon", "coordinates": [[[73.55600620747109, 19.691070548876343], [73.55600620747109, 19.691232630825745], [73.55604893208046, 19.691252743033395], [73.55604893208046, 19.691292967448703], [73.55614268014956, 19.69133709846967], [73.55619846821328, 19.69133709846967], [73.55619846821328, 19.691368206485333], [73.55640850682934, 19.691500038086954], [73.55637621988228, 19.691165665006576], [73.5564374151251, 19.691050436668693], [73.55622139443409, 19.691050436668693], [73.55611856058823, 19.690985892582226], [73.55605861512029, 19.691070548876343], [73.55600620747109, 19.691070548876343]]]}}, {"type": "Feature", "properties": {"id": 19, "area_m2": 913.8, "perimeter_m": 146.7, "landuse": "Residential", "building_count": 1, "building_ids": [19], "has_unrecorded_building": true, "road_connected": false, "road_distance_m": 312.3, "gps_lat": 19.691294, "gps_lon": 73.564576}, "geometry": {"type": "Polygon", "coordinates": [[[73.56469200706894, 19.691271670952847], [73.56466334819298, 19.691271670952847], [73.56466334819298, 19.691222417763512], [73.56457282560939, 19.691066845508924], [73.56454752975027, 19.691090661083994], [73.56448704243202, 19.691090661083994], [73.56448704243202, 19.691130885499295], [73.56444431782265, 19.691130885499295], [73.56444431782265, 19.69129687405437], [73.56445667320739, 19.69129687405437], [73.56442763365081, 19.691324214250145], [73.5645297670414, 19.691388318692987], [73.5645297670414, 19.691420936251955], [73.56468471049766, 19.691566812598776], [73.56468471049766, 19.691380711836665], [73.56473041613705, 19.691337680837734], [73.56469200706894, 19.691271670952847]]]}}, {"type": "Feature", "properties": {"id": 20, "area_m2": 1242.7, "perimeter_m": 162.1, "landuse": "Residential", "building_count": 1, "building_ids": [20], "has_unrecorded_building": true, "road_connected": false, "road_distance_m": 421.4, "gps_lat": 19.691298, "gps_lon": 73.559239}, "geometry": {"type": "Polygon", "coordinates": [[[73.55940810438173, 19.69151051516647], [73.55947230815391, 19.69138962188117], [73.55947230815391, 19.691275577558518], [73.55933583547544, 19.691211334329896], [73.55930500931223, 19.691211334329896], [73.55924092239816, 19.691150997706945], [73.55892383629336, 19.691150997706945], [73.55903965473671, 19.691260038590748], [73.55903965473671, 19.691365991781442], [73.55925018182577, 19.691405633239548], [73.55925274216584, 19.69140081221564], [73.55940810438173, 19.69151051516647]]]}}, {"type": "Feature", "properties": {"id": 21, "area_m2": 4720.0, "perimeter_m": 413.2, "landuse": "Residential", "building_count": 1, "building_ids": [21], "has_unrecorded_building": true, "road_connected": false, "road_distance_m": 394.6, "gps_lat": 19.691265, "gps_lon": 73.560498}, "geometry": {"type": "Polygon", "coordinates": [[[73.56068683351553, 19.69062905151824], [73.56038547993202, 19.691074895228883], [73.56038547993202, 19.69114109066837], [73.55994369275031, 19.69123352051583], [73.56019300993574, 19.691340214804878], [73.56010981514528, 19.691496867462455], [73.5604037062659, 19.691681329433553], [73.56047681901438, 19.691589550398746], [73.56060047647965, 19.69162835745718], [73.56057383874851, 19.691477883923227], [73.56059639132677, 19.691477883923227], [73.56062493040942, 19.691558490950197], [73.56087032759278, 19.691466076219097], [73.56080000611612, 19.691355732308683], [73.56085359708375, 19.691204367647593], [73.56077540873984, 19.691163471617788], [73.56077540873984, 19.690959488595503], [73.56065730645714, 19.690940956749582], [73.5607129827518, 19.6906264476507], [73.56068683351553, 19.69062905151824]], [[73.56028666138931, 19.69138029256863], [73.56027284927308, 19.691398497954967], [73.56022588807787, 19.691354284873864], [73.56028666138931, 19.69138029256863]]]}}, {"type": "Feature", "properties": {"id": 22, "area_m2": 1864.7, "perimeter_m": 199.5, "landuse": "Residential", "building_count": 1, "building_ids": [22], "has_unrecorded_building": true, "road_connected": false, "road_distance_m": 290.9, "gps_lat": 19.69163, "gps_lon": 73.555692}, "geometry": {"type": "Polygon", "coordinates": [[[73.55596054448641, 19.691452680821705], [73.55595004367841, 19.691452680821705], [73.5559573209475, 19.69144925511579], [73.55591538335807, 19.691404687374636], [73.55549351215859, 19.691484124132884], [73.55549351215859, 19.691614762771106], [73.55549711618357, 19.69161645933194], [73.55543140689552, 19.691631925346325], [73.55549080050645, 19.691799679245637], [73.55556174849788, 19.691799679245637], [73.55560447310725, 19.69188012807624], [73.55580250584119, 19.69188012807624], [73.55576489318355, 19.6917738932493], [73.55582653162399, 19.691715861818153], [73.55580516931931, 19.691635412987544], [73.55581332760303, 19.691627732117034], [73.55590161706907, 19.691655439740348], [73.55596988852237, 19.691462610876847], [73.55596054448641, 19.691452680821705]]]}}, {"type": "Feature", "properties": {"id": 23, "area_m2": 744.9, "perimeter_m": 133.3, "landuse": "Residential", "building_count": 1, "building_ids": [23], "has_unrecorded_building": true, "road_connected": true, "road_distance_m": 181.3, "gps_lat": 19.691893, "gps_lon": 73.572391}, "geometry": {"type": "Polygon", "coordinates": [[[73.57230564594765, 19.69202091352979], [73.57242146439036, 19.69202091352979], [73.5724819517086, 19.69196396585852], [73.5724819517086, 19.69194046469919], [73.57261913245664, 19.69194046469919], [73.57250331401329, 19.691831423815387], [73.57250331401329, 19.691774476144115], [73.57242146439036, 19.691774476144115], [73.57237243652344, 19.69172831733053], [73.57228428364296, 19.691811311607722], [73.57228428364296, 19.691871648230688], [73.57216846519961, 19.69198068911449], [73.57230564594765, 19.69198068911449], [73.57230564594765, 19.69202091352979]]]}}, {"type": "Feature", "properties": {"id": 24, "area_m2": 1115.2, "perimeter_m": 136.8, "landuse": "Residential", "building_count": 1, "building_ids": [24], "has_unrecorded_building": true, "road_connected": false, "road_distance_m": 259.0, "gps_lat": 19.69201, "gps_lon": 73.565135}, "geometry": {"type": "Polygon", "coordinates": [[[73.56493565083046, 19.69204441468914], [73.56493565083046, 19.692064526896782], [73.5650175004534, 19.692141586775698], [73.56509419388254, 19.692141586775698], [73.56511555618722, 19.692121474568047], [73.56514567428152, 19.692121474568047], [73.5651670365862, 19.692141586775698], [73.56527317198909, 19.692141586775698], [73.56534694194298, 19.692037407241752], [73.56534694194298, 19.691895149390017], [73.56493565083046, 19.691895149390017], [73.56493565083046, 19.69195209706128], [73.56488662296319, 19.69199825587521], [73.56493565083046, 19.69204441468914]]]}}, {"type": "Feature", "properties": {"id": 25, "area_m2": 1291.7, "perimeter_m": 168.5, "landuse": "Residential", "building_count": 1, "building_ids": [25], "has_unrecorded_building": true, "road_connected": true, "road_distance_m": 153.3, "gps_lat": 19.692162, "gps_lon": 73.570852}, "geometry": {"type": "Polygon", "coordinates": [[[73.57071177194643, 19.692322596644555], [73.57077506208446, 19.69235238988122], [73.57086177330314, 19.69229796522804], [73.57096580101488, 19.692273480195052], [73.5710224302448, 19.692166849487588], [73.5710040702468, 19.69214956389516], [73.57107203959923, 19.692117567962377], [73.57107203959923, 19.691916622756747], [73.57089573383827, 19.69199961703394], [73.57089573383827, 19.692035934843574], [73.57082804732839, 19.692035934843574], [73.57076756001015, 19.692092882514846], [73.57076756001015, 19.692136495881826], [73.57069040964174, 19.692136495881826], [73.57059666157265, 19.6921806269028], [73.57059666157265, 19.692322596644555], [73.57071177194643, 19.692322596644555]]]}}, {"type": "Feature", "properties": {"id": 26, "area_m2": 1930.7, "perimeter_m": 292.2, "landuse": "Residential", "building_count": 1, "building_ids": [26], "has_unrecorded_building": true, "road_connected": true, "road_distance_m": 167.4, "gps_lat": 19.692317, "gps_lon": 73.565905}, "geometry": {"type": "Polygon", "coordinates": [[[73.56549675553524, 19.692219668545228], [73.56570469379922, 19.69228492519873], [73.56570469379922, 19.69253219856597], [73.56582439468079, 19.692419502439712], [73.56589965820311, 19.692561220818106], [73.56598240376015, 19.692405414050146], [73.56598240376015, 19.692629093895412], [73.56603437800595, 19.692635117795216], [73.56613086612745, 19.692271750796515], [73.56622603476501, 19.692182151316096], [73.56604068698715, 19.69209490059454], [73.56599941158014, 19.692172620631652], [73.56599869908104, 19.692172956033893], [73.56590053251716, 19.692149850540993], [73.5658719926409, 19.692176720297127], [73.56551404997961, 19.692176720297127], [73.56549675553524, 19.692219668545228]], [[73.56596644877891, 19.69233422900664], [73.56596644877891, 19.69230346603529], [73.56598240376015, 19.692313480244916], [73.56598240376015, 19.69234925032107], [73.56596644877891, 19.69233422900664]]]}}, {"type": "Feature", "properties": {"id": 27, "area_m2": 2229.7, "perimeter_m": 252.3, "landuse": "Residential", "building_count": 1, "building_ids": [27], "has_unrecorded_building": true, "road_connected": false, "road_distance_m": 233.1, "gps_lat": 19.692204, "gps_lon": 73.556262}, "geometry": {"type": "Polygon", "coordinates": [[[73.55609165668984, 19.691841475014538], [73.55609165668984, 19.69198591114551], [73.55604218638479, 19.691976596073353], [73.55602747547465, 19.692016962532744], [73.55609165668984, 19.692047175235594], [73.55609165668984, 19.692153219137786], [73.55602756977578, 19.692213555760738], [73.55602756977578, 19.692331377748676], [73.55613438129922, 19.692351489956327], [73.55613438129922, 19.69247684990232], [73.55619957921195, 19.69251104037399], [73.55633241063131, 19.692385982093615], [73.55639307636768, 19.692500213390723], [73.55644933656717, 19.692288341716477], [73.55651342348123, 19.692268229508826], [73.55655284998339, 19.692119752271058], [73.55649044809145, 19.69206100206473], [73.55619582044679, 19.692005524788698], [73.55612657720599, 19.69180995116617], [73.55609165668984, 19.691841475014538]]]}}, {"type": "Feature", "properties": {"id": 28, "area_m2": 780.7, "perimeter_m": 130.1, "landuse": "Residential", "building_count": 1, "building_ids": [28], "has_unrecorded_building": true, "road_connected": false, "road_distance_m": 258.8, "gps_lat": 19.692488, "gps_lon": 73.561718}, "geometry": {"type": "Polygon", "coordinates": [[[73.56174031204661, 19.69260416755166], [73.56180079936485, 19.69260416755166], [73.56180079936485, 19.69256394313636], [73.56186488627891, 19.69256394313636], [73.56186488627891, 19.692418066788935], [73.56180079936485, 19.692418066788935], [73.56180079936485, 19.692337617958334], [73.56160313129921, 19.692337617958334], [73.56160313129921, 19.692527107672753], [73.5616244936039, 19.692547219880403], [73.5616244936039, 19.69271320843481], [73.56174031204661, 19.69260416755166]]]}}, {"type": "Feature", "properties": {"id": 29, "area_m2": 3245.2, "perimeter_m": 382.8, "landuse": "Residential", "building_count": 1, "building_ids": [29], "has_unrecorded_building": true, "road_connected": true, "road_distance_m": 180.4, "gps_lat": 19.692488, "gps_lon": 73.564429}, "geometry": {"type": "Polygon", "coordinates": [[[73.56501951344451, 19.692591103520485], [73.56469074808808, 19.692513721922236], [73.56470027098761, 19.692433031246797], [73.56488200539943, 19.6923988113414], [73.56483364652654, 19.692331185966903], [73.56470954754754, 19.69227276754081], [73.5645243621195, 19.69232507211895], [73.5645022172829, 19.692283374225536], [73.56435149428864, 19.692330675179285], [73.56433979414913, 19.692363721562486], [73.56420486913927, 19.692327427460665], [73.56415944402751, 19.692391577791845], [73.56391835140973, 19.692350307944512], [73.56379741260164, 19.692578031165976], [73.56405973271946, 19.692547159984485], [73.56410609892339, 19.692590812892494], [73.56435755394442, 19.69253162785053], [73.56440159321328, 19.692583455528606], [73.56440159321328, 19.692684616382266], [73.56451255416195, 19.692684616382266], [73.56457519531251, 19.692802567309915], [73.56465919876774, 19.692644391966965], [73.56503162073551, 19.692644391966965], [73.56503563984833, 19.692613654792527], [73.56501951344451, 19.692591103520485]]]}}, {"type": "Feature", "properties": {"id": 30, "area_m2": 1373.2, "perimeter_m": 176.9, "landuse": "Residential", "building_count": 1, "building_ids": [30], "has_unrecorded_building": true, "road_connected": true, "road_distance_m": 149.9, "gps_lat": 19.69254, "gps_lon": 73.553614}, "geometry": {"type": "Polygon", "coordinates": [[[73.553466796875, 19.692730775195866], [73.55355527892931, 19.692814079384025], [73.55361612695042, 19.692670861218502], [73.55374675856568, 19.69268843081939], [73.55383896297431, 19.69260162210473], [73.55379623836492, 19.692561397689424], [73.55383896297431, 19.692521173274123], [73.55372314453123, 19.692412132390636], [73.55367411666434, 19.692458291204236], [73.55367382208966, 19.692458291204236], [73.55366893885056, 19.692439901293568], [73.55371078914615, 19.69240050002822], [73.55361789436262, 19.692313041338522], [73.553466796875, 19.692336750578473], [73.553466796875, 19.692730775195866]]]}}, {"type": "Feature", "properties": {"id": 31, "area_m2": 987.1, "perimeter_m": 140.5, "landuse": "Residential", "building_count": 1, "building_ids": [31], "has_unrecorded_building": true, "road_connected": true, "road_distance_m": 193.7, "gps_lat": 19.692693, "gps_lon": 73.555995}, "geometry": {"type": "Polygon", "coordinates": [[[73.5558139467289, 19.692785177420518], [73.55589579635183, 19.692785177420518], [73.5559385209612, 19.69282540183582], [73.55614338821847, 19.69282540183582], [73.55620387553672, 19.69276845416456], [73.55620387553672, 19.69269624874435], [73.55614338821847, 19.692639301073093], [73.55605793899973, 19.692639301073093], [73.55601521439036, 19.692599076657793], [73.55601161479454, 19.692599076657793], [73.55601161479454, 19.692449811359364], [73.55583530903358, 19.69261579991375], [73.55583530903358, 19.692635912121414], [73.5558139467289, 19.692656024329064], [73.5558139467289, 19.692785177420518]]]}}, {"type": "Feature", "properties": {"id": 32, "area_m2": 3277.7, "perimeter_m": 378.5, "landuse": "Residential", "building_count": 1, "building_ids": [32], "has_unrecorded_building": true, "road_connected": false, "road_distance_m": 232.5, "gps_lat": 19.692815, "gps_lon": 73.560177}, "geometry": {"type": "Polygon", "coordinates": [[[73.56021903682677, 19.69315321465067], [73.56018838338315, 19.692893477890493], [73.56024666933052, 19.69291176959784], [73.5603639589028, 19.69284551404347], [73.5605219526105, 19.69284551404347], [73.56084635905816, 19.69299822532473], [73.56048358592477, 19.692542833225104], [73.56041099166194, 19.692679525488394], [73.56038120421564, 19.692679525488394], [73.56033219853101, 19.69261031859429], [73.56017128394606, 19.692648193107292], [73.56014298548793, 19.692701478038327], [73.56001807953115, 19.692651079492656], [73.5598991206597, 19.692725744517794], [73.55980513398526, 19.69265937950452], [73.55967692428153, 19.692780086526646], [73.55961373330113, 19.692780086526646], [73.55978457727677, 19.692994548375164], [73.56002479231057, 19.692938008892288], [73.5601656067654, 19.69315896582217], [73.56021903682677, 19.69315321465067]]]}}, {"type": "Feature", "properties": {"id": 33, "area_m2": 1147.1, "perimeter_m": 145.8, "landuse": "Residential", "building_count": 1, "building_ids": [33], "has_unrecorded_building": true, "road_connected": false, "road_distance_m": 223.9, "gps_lat": 19.69315, "gps_lon": 73.558833}, "geometry": {"type": "Polygon", "coordinates": [[[73.55867649555702, 19.693287982611785], [73.55873698287527, 19.693287982611785], [73.55878601074217, 19.693334141425385], [73.5588350386091, 19.693287982611785], [73.55900233745079, 19.693287982611785], [73.55900233745079, 19.693178941727968], [73.5589809751461, 19.693158829520318], [73.5589809751461, 19.693130473902272], [73.55900233745079, 19.69311036169462], [73.55900233745079, 19.692981208603154], [73.55888651900808, 19.692981208603154], [73.55883143901329, 19.69303306538119], [73.55883143901329, 19.693021433018455], [73.55871562057058, 19.693021433018455], [73.55863377094765, 19.69309849289737], [73.55863377094765, 19.69320753378118], [73.55867649555702, 19.69320753378118], [73.55867649555702, 19.693287982611785]]]}}, {"type": "Feature", "properties": {"id": 34, "area_m2": 1897.6, "perimeter_m": 277.6, "landuse": "Residential", "building_count": 1, "building_ids": [34], "has_unrecorded_building": true, "road_connected": true, "road_distance_m": 89.4, "gps_lat": 19.693298, "gps_lon": 73.554365}, "geometry": {"type": "Polygon", "coordinates": [[[73.55418026027847, 19.693120623184726], [73.55399815083047, 19.693206349492986], [73.55399815083047, 19.693328207027086], [73.55413047408382, 19.693328207027086], [73.55419311523436, 19.693446157954753], [73.55425575638492, 19.693328207027086], [73.55425588530883, 19.693328207027086], [73.5543199722229, 19.69346899248064], [73.55446452193777, 19.69346899248064], [73.55453491210938, 19.693535263501893], [73.55462306498985, 19.69345226922468], [73.55462306498985, 19.693311483771115], [73.55482492609953, 19.693121435336963], [73.5544576458547, 19.693236697815387], [73.55444003899431, 19.693303003925564], [73.55442900180641, 19.693303003925564], [73.55438033410213, 19.69326863913012], [73.55436023624463, 19.693192952112398], [73.55422801359656, 19.693068466978737], [73.55419783266252, 19.693153711322186], [73.55418026027847, 19.693120623184726]]]}}, {"type": "Feature", "properties": {"id": 35, "area_m2": 2536.2, "perimeter_m": 276.7, "landuse": "Residential", "building_count": 1, "building_ids": [36], "has_unrecorded_building": true, "road_connected": true, "road_distance_m": 153.6, "gps_lat": 19.693351, "gps_lon": 73.562092}, "geometry": {"type": "Polygon", "coordinates": [[[73.56227077006797, 19.693673974873914], [73.56227077006797, 19.69353188207308], [73.56231092781266, 19.69351927948624], [73.56240833229423, 19.69338172275805], [73.56234205799794, 19.693350524756987], [73.56236096118954, 19.69324374276314], [73.56220704442038, 19.69309883302295], [73.562164319811, 19.693179281853542], [73.56203961997197, 19.693061879302974], [73.56200400111844, 19.693196017222792], [73.56187679635333, 19.693181047111377], [73.56164536490814, 19.693253676560794], [73.5617953920414, 19.693324300421413], [73.5617953920414, 19.693384637044364], [73.56183811665078, 19.693404749252014], [73.56183811665078, 19.69346899248064], [73.56205968936055, 19.69346899248064], [73.56204456212599, 19.693525960506705], [73.56221189452015, 19.693683500805246], [73.56227077006797, 19.693673974873914]], [[73.56206738591088, 19.69344000785179], [73.56206053439801, 19.693465810133212], [73.56203860955685, 19.693403884657787], [73.56206738591088, 19.69344000785179]]]}}, {"type": "Feature", "properties": {"id": 36, "area_m2": 1437.5, "perimeter_m": 253.9, "landuse": "Residential", "building_count": 1, "building_ids": [37], "has_unrecorded_building": true, "road_connected": true, "road_distance_m": 175.0, "gps_lat": 19.693502, "gps_lon": 73.56027}, "geometry": {"type": "Polygon", "coordinates": [[[73.56026271342735, 19.693670114557147], [73.56026271342735, 19.693593054678235], [73.56028458769441, 19.693572460467646], [73.56036592006858, 19.693629890141846], [73.56063014018595, 19.693629890141846], [73.56041224956016, 19.693493130194057], [73.56041224956016, 19.69346051263509], [73.56039088725548, 19.69344040042744], [73.56039088725548, 19.693139737689428], [73.56027019546204, 19.69336699579162], [73.56017185688515, 19.69327441187302], [73.56017185688515, 19.69346390158677], [73.56006504536171, 19.69346390158677], [73.56006504536171, 19.693561073673344], [73.55994922691836, 19.693670114557147], [73.56026271342735, 19.693670114557147]]]}}, {"type": "Feature", "properties": {"id": 37, "area_m2": 1488.4, "perimeter_m": 201.4, "landuse": "Residential", "building_count": 1, "building_ids": [43], "has_unrecorded_building": true, "road_connected": true, "road_distance_m": 116.3, "gps_lat": 19.693994, "gps_lon": 73.560424}, "geometry": {"type": "Polygon", "coordinates": [[[73.56025370650808, 19.69409247091781], [73.56032409667971, 19.694158741939063], [73.5603731245466, 19.694112583125463], [73.56052266067941, 19.694112583125463], [73.56054078465475, 19.69409551974393], [73.56058350926409, 19.694175968574534], [73.56072800599766, 19.69403992762053], [73.56061519834424, 19.693969123432705], [73.56059233421124, 19.693904544980484], [73.56056178569297, 19.6938901645531], [73.56056178569297, 19.69378569690918], [73.56040684223672, 19.69378569690918], [73.56040684223672, 19.693866145739783], [73.56030003071328, 19.693866145739783], [73.56030003071328, 19.693933791024733], [73.56020571890072, 19.693951549583893], [73.5600560384418, 19.69409247091781], [73.56025370650808, 19.69409247091781]]]}}, {"type": "Feature", "properties": {"id": 38, "area_m2": 1265.4, "perimeter_m": 193.9, "landuse": "Residential", "building_count": 1, "building_ids": [48], "has_unrecorded_building": true, "road_connected": true, "road_distance_m": 73.9, "gps_lat": 19.6944, "gps_lon": 73.557008}, "geometry": {"type": "Polygon", "coordinates": [[[73.55688206196328, 19.694473418574976], [73.55688206196328, 19.694578552853105], [73.55697021484373, 19.694661547130327], [73.55701924271067, 19.694615388316727], [73.55716373348451, 19.694615388316727], [73.5571010923336, 19.694497437388407], [73.5571010923336, 19.694477991814868], [73.55721691077703, 19.69436895093105], [73.55705836772422, 19.69436895093105], [73.55705836772422, 19.694324701009982], [73.55718847527653, 19.69424303846945], [73.5570287065692, 19.694167828854543], [73.55690342426796, 19.694167828854543], [73.55690342426796, 19.694232072083167], [73.55686069965859, 19.694252184290818], [73.55686069965859, 19.694350023011594], [73.55690342426796, 19.694370135219245], [73.55690342426796, 19.694437767399567], [73.55692154824278, 19.69445483078062], [73.55688206196328, 19.694473418574976]]]}}, {"type": "Feature", "properties": {"id": 39, "area_m2": 2950.4, "perimeter_m": 303.8, "landuse": "Residential", "building_count": 1, "building_ids": [51], "has_unrecorded_building": true, "road_connected": true, "road_distance_m": 23.7, "gps_lat": 19.694397, "gps_lon": 73.556553}, "geometry": {"type": "Polygon", "coordinates": [[[73.55679402062732, 19.694337918448962], [73.55672287410711, 19.694270935339734], [73.55679750406057, 19.694200672643703], [73.55679854382169, 19.69415970649294], [73.55651279635585, 19.694126078260567], [73.5564470501785, 19.694150837775805], [73.556372426562, 19.694010324316025], [73.55633026053036, 19.69416911841563], [73.55629947308474, 19.69414979454871], [73.55613664827071, 19.694303091045438], [73.55643345356484, 19.694379301026203], [73.55643345356484, 19.694463274035982], [73.55649218655304, 19.6945047460379], [73.55645481586953, 19.69455165776444], [73.55645481586953, 19.69478415045865], [73.55655382753065, 19.694773229192304], [73.55659658631131, 19.69469271601842], [73.55675225994325, 19.69475134153579], [73.55675350225539, 19.69475120450525], [73.55674510100128, 19.694695837147332], [73.55677253878771, 19.694695837147332], [73.55678410700682, 19.694728510928783], [73.55679402062732, 19.694337918448962]]]}}, {"type": "Feature", "properties": {"id": 40, "area_m2": 1154.9, "perimeter_m": 196.1, "landuse": "Residential", "building_count": 1, "building_ids": [58], "has_unrecorded_building": true, "road_connected": true, "road_distance_m": 37.0, "gps_lat": 19.69507, "gps_lon": 73.557721}, "geometry": {"type": "Polygon", "coordinates": [[[73.55773833158155, 19.695258844948196], [73.55800257670938, 19.695092990406472], [73.55780604838829, 19.695092990406472], [73.55780604838829, 19.695081358044387], [73.55782741069298, 19.695061245836737], [73.55782741069298, 19.69502102142142], [73.55794322913633, 19.69491198053762], [73.55765110493202, 19.69491198053762], [73.55765110493202, 19.69500154576786], [73.55763668414183, 19.69501059703616], [73.5575229311039, 19.69490350069267], [73.5575229311039, 19.695101470252023], [73.55758341842214, 19.695158417923295], [73.55762073570739, 19.695158417923295], [73.55760207706479, 19.69517598468401], [73.55770540360835, 19.695273264679365], [73.55773833158155, 19.695258844948196]]]}}, {"type": "Feature", "properties": {"id": 41, "area_m2": 2541.2, "perimeter_m": 237.7, "landuse": "Residential", "building_count": 1, "building_ids": [60], "has_unrecorded_building": true, "road_connected": true, "road_distance_m": 4.0, "gps_lat": 19.695107, "gps_lon": 73.556714}, "geometry": {"type": "Polygon", "coordinates": [[[73.5565060212118, 19.69541601169086], [73.5565637409859, 19.695405143274748], [73.55658901614696, 19.69542893936301], [73.55680700114654, 19.695360529772064], [73.55678563884184, 19.695159407695556], [73.55689254979116, 19.695125856146944], [73.55693527440053, 19.695025295108692], [73.55710711876033, 19.694971365698947], [73.55704027838803, 19.694845507794888], [73.55700353420211, 19.694831531707013], [73.55685798800647, 19.694831531707013], [73.55683945031652, 19.69488389036515], [73.5567336681374, 19.694867291710157], [73.55668093862728, 19.694916935551127], [73.5565197670278, 19.6949472835564], [73.55654224673926, 19.69501077623163], [73.5564969675398, 19.69502143361007], [73.5564255700067, 19.69515587247636], [73.55644878944281, 19.695199593800222], [73.55643452034, 19.695204071830766], [73.5565060212118, 19.69541601169086]]]}}, {"type": "Feature", "properties": {"id": 42, "area_m2": 990146.5, "perimeter_m": 13710.4, "landuse": "Vacant / Unclassified", "building_count": 0, "building_ids": [], "has_unrecorded_building": false, "road_connected": true, "road_distance_m": 4.0, "gps_lat": 19.691548, "gps_lon": 73.562413}, "geometry": {"type": "Polygon", "coordinates": [[[73.553466796875, 19.68982622588437], [73.55350681782265, 19.689807386400023], [73.55350681782265, 19.689752756136464], [73.55365725328171, 19.68972915077775], [73.55368186568538, 19.689682806548447], [73.55380714798648, 19.689682806548447], [73.55382490978326, 19.689716251342926], [73.55388331215018, 19.689707087221453], [73.55389133930703, 19.68969952980441], [73.55389133930703, 19.689622469925496], [73.55412242273289, 19.689622469925496], [73.55409620838857, 19.689770551795167], [73.55422784116861, 19.689832516687176], [73.5540249204586, 19.689908935098316], [73.5540249204586, 19.690213183416144], [73.55391068784529, 19.689998087706904], [73.55389603618927, 19.69003947048174], [73.55378143182578, 19.690017890911655], [73.55373141305833, 19.69011207436723], [73.55365294916425, 19.69000126594881], [73.55355878501103, 19.690089919726123], [73.55351626255138, 19.68992978334559], [73.553466796875, 19.6899064978441], [73.553466796875, 19.692336750578473], [73.55361789436262, 19.692313041338522], [73.55371078914615, 19.69240050002822], [73.55366893885056, 19.692439901293568], [73.55367382208966, 19.692458291204236], [73.55367411666434, 19.692458291204236], [73.55372314453123, 19.692412132390636], [73.55383896297431, 19.692521173274123], [73.55379623836492, 19.692561397689424], [73.55383896297431, 19.69260162210473], [73.55374675856568, 19.69268843081939], [73.55361612695042, 19.692670861218502], [73.55355527892931, 19.692814079384025], [73.553466796875, 19.692730775195866], [73.553466796875, 19.69413114676091], [73.55601688622052, 19.694571557107253], [73.55602055949818, 19.69457237004533], [73.55602412955805, 19.694573520509472], [73.55602756150323, 19.694574997254044], [73.55603082178686, 19.694576785844042], [73.55613802178686, 19.694642485844042], [73.55614128787752, 19.6946447280064], [73.55614428377763, 19.694647282805246], [73.55614697588254, 19.694650121583745], [73.55614933399531, 19.694653212499688], [73.55623523399531, 19.694779412499688], [73.55623571223627, 19.694780197398053], [73.55623622978122, 19.694780959876727], [73.55635912978121, 19.694983259876725], [73.5563609487005, 19.69498666014636], [73.55636237528739, 19.69499022251708], [73.55643452034, 19.695204071830766], [73.55644878944281, 19.695199593800222], [73.5564255700067, 19.69515587247636], [73.5564969675398, 19.69502143361007], [73.55654224673926, 19.69501077623163], [73.5565197670278, 19.6949472835564], [73.55668093862728, 19.694916935551127], [73.5567336681374, 19.694867291710157], [73.55683945031652, 19.69488389036515], [73.55685798800647, 19.694831531707013], [73.55700353420211, 19.694831531707013], [73.55704027838803, 19.694845507794888], [73.55710711876033, 19.694971365698947], [73.55693527440053, 19.695025295108692], [73.55689254979116, 19.695125856146944], [73.55678563884184, 19.695159407695556], [73.55680700114654, 19.695360529772064], [73.55658901614696, 19.69542893936301], [73.5565637409859, 19.695405143274748], [73.5565060212118, 19.69541601169086], [73.55658471795925, 19.695649281261275], [73.55661026758027, 19.695698363845842], [73.55675225762774, 19.69563101895186], [73.55675750148282, 19.695628761415428], [73.55712920148282, 19.69548446141543], [73.55713061690494, 19.695483927435593], [73.55753701690494, 19.695335027435593], [73.5575395298619, 19.69533415420118], [73.55764724768693, 19.69529873216707], [73.55770540360835, 19.695273264679365], [73.55760207706479, 19.69517598468401], [73.55762073570739, 19.695158417923295], [73.55758341842214, 19.695158417923295], [73.5575229311039, 19.695101470252023], [73.5575229311039, 19.69490350069267], [73.55763668414183, 19.69501059703616], [73.55765110493202, 19.69500154576786], [73.55765110493202, 19.69491198053762], [73.55794322913633, 19.69491198053762], [73.55782741069298, 19.69502102142142], [73.55782741069298, 19.695061245836737], [73.55780604838829, 19.695081358044387], [73.55780604838829, 19.695092990406472], [73.55800257670938, 19.695092990406472], [73.55773833158155, 19.695258844948196], [73.55860202831943, 19.694880617150947], [73.55918424981652, 19.69462219638], [73.55918898687078, 19.69462027520746], [73.55972078687078, 19.694424375207458], [73.55972144261834, 19.694424172934777], [73.55972219497075, 19.694423871529075], [73.56010449497074, 19.694291171529077], [73.56011353360894, 19.69428861940642], [73.56063941843092, 19.694172942710907], [73.56084717210851, 19.69412157232938], [73.56100854973921, 19.694074824433947], [73.56128622162258, 19.693971836288902], [73.56128894213494, 19.69397088310583], [73.56198564213494, 19.693740883105832], [73.56199003611249, 19.69373957139186], [73.5621769361125, 19.693689571391857], [73.56218487151489, 19.69368787306677], [73.56221189452015, 19.693683500805246], [73.56204456212599, 19.693525960506705], [73.56205968936055, 19.69346899248064], [73.56183811665078, 19.69346899248064], [73.56183811665078, 19.693404749252014], [73.5617953920414, 19.693384637044364], [73.5617953920414, 19.693324300421413], [73.56164536490814, 19.693253676560794], [73.56187679635333, 19.693181047111377], [73.56200400111844, 19.693196017222792], [73.56203961997197, 19.693061879302974], [73.562164319811, 19.693179281853542], [73.56220704442038, 19.69309883302295], [73.56236096118954, 19.69324374276314], [73.56234205799794, 19.693350524756987], [73.56240833229423, 19.69338172275805], [73.56231092781266, 19.69351927948624], [73.56227077006797, 19.69353188207308], [73.56227077006797, 19.693673974873914], [73.56240737151488, 19.69365187306677], [73.56241200491807, 19.69365126037938], [73.56358960491808, 19.69353006037938], [73.56359514853519, 19.69352968148014], [73.56401624853518, 19.69351538148014], [73.56402457242662, 19.693515526530643], [73.56403283003054, 19.69351652418193], [73.56446244612214, 19.6935910413116], [73.5646890599874, 19.693614184855285], [73.56499395512927, 19.693603118938007], [73.565361268385, 19.693556861772397], [73.56577563172937, 19.693462931487737], [73.5657792955433, 19.693462190036154], [73.5661241955433, 19.693400690036153], [73.56612712524347, 19.69340022305136], [73.56644432524347, 19.69335562305136], [73.5664504212645, 19.69335500036288], [73.5673907212645, 19.69329480036288], [73.56739384520866, 19.69329466082013], [73.56770440846677, 19.693286787104665], [73.56816491000589, 19.693263311332505], [73.56858867624898, 19.69320616093306], [73.56859724885202, 19.69320546603641], [73.56899331130062, 19.69319446430173], [73.56968016873661, 19.693115073769583], [73.57188161541758, 19.69285896140937], [73.57219209378162, 19.69281715857051], [73.57219955231561, 19.69281650392414], [73.57220704308963, 19.692816540713224], [73.57221449396343, 19.69281726858347], [73.57222183318102, 19.69281868052509], [73.57222899006172, 19.692820762940308], [73.57223589568088, 19.69282349577433], [73.57224248353359, 19.69282685270847], [73.57224869017521, 19.69283080141362], [73.57225445583244, 19.692835303861592], [73.5722597249788, 19.692840316691342], [73.57226444686957, 19.69284579162659], [73.57226857603034, 19.692851675940705], [73.57227207269503, 19.692857912964534], [73.57227440010357, 19.69286328206444], [73.57269287109375, 19.692814903673586], [73.57269287109375, 19.689142322388815], [73.56485582102096, 19.689142322388815], [73.56504402627003, 19.689260450187785], [73.56515468120078, 19.689260450187785], [73.56515468120078, 19.689404854137024], [73.56516007939038, 19.689412477577836], [73.56521873410834, 19.689398671999687], [73.56534694194298, 19.68943890708715], [73.56534694194298, 19.68953863214321], [73.5654522561162, 19.689637783454472], [73.56544639815601, 19.689647673027014], [73.56521064913926, 19.689647673027014], [73.56520796449847, 19.68964009041073], [73.56510960917923, 19.689825289773218], [73.56505507743493, 19.68961992733118], [73.5647675000968, 19.689574802556297], [73.5649647165298, 19.6894819647771], [73.56497266225101, 19.68944456104249], [73.56492076961473, 19.689395705102473], [73.56485348661398, 19.689142322388815], [73.56028407573204, 19.689142322388815], [73.56028407573204, 19.68920011356483], [73.56032680034141, 19.68920011356483], [73.56032680034141, 19.68930915444864], [73.56015049458047, 19.68947514300308], [73.56015049458047, 19.689305765496954], [73.56012553267996, 19.689305765496954], [73.56010417037527, 19.689285653289303], [73.56004368305703, 19.689285653289303], [73.56004368305703, 19.689142322388815], [73.553466796875, 19.689142322388815], [73.553466796875, 19.68982622588437]], [[73.55496486186485, 19.68973151080931], [73.55476719379921, 19.68991761157137], [73.55476719379921, 19.68978845848057], [73.55474223189871, 19.68978845848057], [73.55472086959402, 19.68976834627292], [73.55435696539129, 19.68976834627292], [73.55435264969651, 19.68974330804265], [73.55470310688516, 19.68963332509444], [73.55470310688516, 19.689562133302545], [73.55478495650809, 19.689562133302545], [73.55480631881277, 19.689542021094894], [73.55488301224192, 19.689542021094894], [73.55491278801857, 19.689570054427985], [73.55527259444409, 19.689682971419717], [73.55526827874931, 19.68970800964997], [73.55496486186485, 19.68970800964997], [73.55496486186485, 19.68973151080931]], [[73.55705836772422, 19.690021325126814], [73.55717418616766, 19.69013036601063], [73.55695155620079, 19.69013036601063], [73.55695155620079, 19.690133754962325], [73.55689106888254, 19.690190702633583], [73.55668079430117, 19.690190702633583], [73.55679661274452, 19.69008166174978], [73.55679661274452, 19.689964377455556], [73.55688206196328, 19.689964377455556], [73.55688206196328, 19.689924153040256], [73.55705836772422, 19.689924153040256], [73.55705836772422, 19.690021325126814]], [[73.55767246723671, 19.69025442820823], [73.55767246723671, 19.690125275116763], [73.55777567916432, 19.690125275116763], [73.557797041469, 19.69010516290911], [73.55781840377371, 19.69010516290911], [73.55793078621443, 19.689999356957156], [73.55793422221642, 19.690000856326087], [73.55793422221642, 19.69023431600058], [73.55787373489817, 19.69029126367184], [73.55785237259347, 19.69029126367184], [73.5578310102888, 19.69031137587949], [73.5578096479841, 19.69031137587949], [73.5576938295414, 19.690420416762688], [73.5576938295414, 19.69027454041588], [73.55767246723671, 19.69025442820823]], [[73.55619846821328, 19.69133709846967], [73.55614268014956, 19.69133709846967], [73.55604893208046, 19.691292967448703], [73.55604893208046, 19.691252743033395], [73.55600620747109, 19.691232630825745], [73.55600620747109, 19.691070548876343], [73.55605861512029, 19.691070548876343], [73.55611856058823, 19.690985892582226], [73.55622139443409, 19.691050436668693], [73.5564374151251, 19.691050436668693], [73.55637621988228, 19.691165665006576], [73.55640850682934, 19.691500038086954], [73.55619846821328, 19.691368206485333], [73.55619846821328, 19.69133709846967]], [[73.55549351215859, 19.691484124132884], [73.55591538335807, 19.691404687374636], [73.5559573209475, 19.69144925511579], [73.55595004367841, 19.691452680821705], [73.55596054448641, 19.691452680821705], [73.55596988852237, 19.691462610876847], [73.55590161706907, 19.691655439740348], [73.55581332760303, 19.691627732117034], [73.55580516931931, 19.691635412987544], [73.55582653162399, 19.691715861818153], [73.55576489318355, 19.6917738932493], [73.55580250584119, 19.69188012807624], [73.55560447310725, 19.69188012807624], [73.55556174849788, 19.691799679245637], [73.55549080050645, 19.691799679245637], [73.55543140689552, 19.691631925346325], [73.55549711618357, 19.69161645933194], [73.55549351215859, 19.691614762771106], [73.55549351215859, 19.691484124132884]], [[73.55609165668984, 19.692047175235594], [73.55602747547465, 19.692016962532744], [73.55604218638479, 19.691976596073353], [73.55609165668984, 19.69198591114551], [73.55609165668984, 19.691841475014538], [73.55612657720599, 19.69180995116617], [73.55619582044679, 19.692005524788698], [73.55649044809145, 19.69206100206473], [73.55655284998339, 19.692119752271058], [73.55651342348123, 19.692268229508826], [73.55644933656717, 19.692288341716477], [73.55639307636768, 19.692500213390723], [73.55633241063131, 19.692385982093615], [73.55619957921195, 19.69251104037399], [73.55613438129922, 19.69247684990232], [73.55613438129922, 19.692351489956327], [73.55602756977578, 19.692331377748676], [73.55602756977578, 19.692213555760738], [73.55609165668984, 19.692153219137786], [73.55609165668984, 19.692047175235594]], [[73.55620387553672, 19.69269624874435], [73.55620387553672, 19.69276845416456], [73.55614338821847, 19.69282540183582], [73.5559385209612, 19.69282540183582], [73.55589579635183, 19.692785177420518], [73.5558139467289, 19.692785177420518], [73.5558139467289, 19.692656024329064], [73.55583530903358, 19.692635912121414], [73.55583530903358, 19.69261579991375], [73.55601161479454, 19.692449811359364], [73.55601161479454, 19.692599076657793], [73.55601521439036, 19.692599076657793], [73.55605793899973, 19.692639301073093], [73.55614338821847, 19.692639301073093], [73.55620387553672, 19.69269624874435]], [[73.55425575638492, 19.693328207027086], [73.55419311523436, 19.693446157954753], [73.55413047408382, 19.693328207027086], [73.55399815083047, 19.693328207027086], [73.55399815083047, 19.693206349492986], [73.55418026027847, 19.693120623184726], [73.55419783266252, 19.693153711322186], [73.55422801359656, 19.693068466978737], [73.55436023624463, 19.693192952112398], [73.55438033410213, 19.69326863913012], [73.55442900180641, 19.693303003925564], [73.55444003899431, 19.693303003925564], [73.5544576458547, 19.693236697815387], [73.55482492609953, 19.693121435336963], [73.55462306498985, 19.693311483771115], [73.55462306498985, 19.69345226922468], [73.55453491210938, 19.693535263501893], [73.55446452193777, 19.69346899248064], [73.5543199722229, 19.69346899248064], [73.55425588530883, 19.693328207027086], [73.55425575638492, 19.693328207027086]], [[73.55651279635585, 19.694126078260567], [73.55679854382169, 19.69415970649294], [73.55679750406057, 19.694200672643703], [73.55672287410711, 19.694270935339734], [73.55679402062732, 19.694337918448962], [73.55678410700682, 19.694728510928783], [73.55677253878771, 19.694695837147332], [73.55674510100128, 19.694695837147332], [73.55675350225539, 19.69475120450525], [73.55675225994325, 19.69475134153579], [73.55659658631131, 19.69469271601842], [73.55655382753065, 19.694773229192304], [73.55645481586953, 19.69478415045865], [73.55645481586953, 19.69455165776444], [73.55649218655304, 19.6945047460379], [73.55643345356484, 19.694463274035982], [73.55643345356484, 19.694379301026203], [73.55613664827071, 19.694303091045438], [73.55629947308474, 19.69414979454871], [73.55633026053036, 19.69416911841563], [73.556372426562, 19.694010324316025], [73.5564470501785, 19.694150837775805], [73.55651279635585, 19.694126078260567]], [[73.55716373348451, 19.694615388316727], [73.55701924271067, 19.694615388316727], [73.55697021484373, 19.694661547130327], [73.55688206196328, 19.694578552853105], [73.55688206196328, 19.694473418574976], [73.55692154824278, 19.69445483078062], [73.55690342426796, 19.694437767399567], [73.55690342426796, 19.694370135219245], [73.55686069965859, 19.694350023011594], [73.55686069965859, 19.694252184290818], [73.55690342426796, 19.694232072083167], [73.55690342426796, 19.694167828854543], [73.5570287065692, 19.694167828854543], [73.55718847527653, 19.69424303846945], [73.55705836772422, 19.694324701009982], [73.55705836772422, 19.69436895093105], [73.55721691077703, 19.69436895093105], [73.5571010923336, 19.694477991814868], [73.5571010923336, 19.694497437388407], [73.55716373348451, 19.694615388316727]], [[73.5581264829586, 19.689872296262866], [73.5580383300781, 19.689955290540073], [73.55795017719765, 19.689872296262852], [73.55795017719765, 19.689852184055216], [73.55792881489296, 19.689832071847565], [73.55792881489296, 19.6898119596399], [73.55790745258828, 19.68979184743225], [73.55790745258828, 19.689622469925496], [73.55802327103098, 19.689622469925496], [73.55808375834923, 19.689679417596754], [73.55808375834923, 19.689682806548447], [73.5581264829586, 19.689682806548447], [73.5581264829586, 19.689872296262866]], [[73.56047633647422, 19.68994087629622], [73.56047633647422, 19.690033193924073], [73.56045497416953, 19.690053306131723], [73.56045497416953, 19.69013036601063], [73.5603944868513, 19.69013036601063], [73.5603731245466, 19.690150478218282], [73.56014148766047, 19.690150478218282], [73.5602573061039, 19.690041437334465], [73.5602573061039, 19.690001212919178], [73.56027866840859, 19.689981100711528], [73.56027866840859, 19.689960988503863], [73.56030003071328, 19.689940876296212], [73.56030003071328, 19.68977488774179], [73.56047633647422, 19.68994087629622]], [[73.56012663054915, 19.69065328340955], [73.55977012252131, 19.69065328340955], [73.55972207716269, 19.690562815808462], [73.55946191831865, 19.690492834478928], [73.55952935045764, 19.690450510419446], [73.55950486817115, 19.690453803221125], [73.5593050633618, 19.69038326104636], [73.55928085753764, 19.69047441835714], [73.55879643020322, 19.690291986671344], [73.55882367713711, 19.69021265421365], [73.5591728957526, 19.690294849901488], [73.5592107620241, 19.690205723947365], [73.55946400930357, 19.690205723947365], [73.55962426544733, 19.69028116301837], [73.55971706103291, 19.690252041252815], [73.55982099715952, 19.690447749065395], [73.56012663054915, 19.69065328340955]], [[73.56402247905235, 19.690547631477425], [73.56402247905235, 19.6907136200325], [73.56376072407265, 19.6907136200325], [73.56376072407265, 19.690656672361243], [73.56373936176796, 19.690636560153592], [73.56373936176796, 19.690467182646824], [73.56391566752892, 19.690467182646824], [73.56391566752892, 19.690507407062125], [73.56395839213829, 19.690507407062125], [73.56395839213829, 19.690547631477425], [73.56402247905235, 19.690547631477425]], [[73.56332987838309, 19.69131698626202], [73.56326579146902, 19.69125664963907], [73.56325703567941, 19.69125664963907], [73.56320800781252, 19.69130280845267], [73.56313761764089, 19.69123653743142], [73.56291858726985, 19.69123653743142], [73.56300403648862, 19.691156088600817], [73.56297031879922, 19.691156088600817], [73.56297031879922, 19.690990100045738], [73.56315830382502, 19.690990100045738], [73.56318142873853, 19.691022757551735], [73.56329616069297, 19.69080672160182], [73.56329616069297, 19.691030324461043], [73.56368319797528, 19.691030324461043], [73.5634418143874, 19.691143953512636], [73.56347336238834, 19.69117365536153], [73.5634418143874, 19.691203357210426], [73.56368319797528, 19.69131698626202], [73.56332987838309, 19.69131698626202]], [[73.56010981514528, 19.691496867462455], [73.56019300993574, 19.691340214804878], [73.55994369275031, 19.69123352051583], [73.56038547993202, 19.69114109066837], [73.56038547993202, 19.691074895228883], [73.56068683351553, 19.69062905151824], [73.5607129827518, 19.6906264476507], [73.56065730645714, 19.690940956749582], [73.56077540873984, 19.690959488595503], [73.56077540873984, 19.691163471617788], [73.56085359708375, 19.691204367647593], [73.56080000611612, 19.691355732308683], [73.56087032759278, 19.691466076219097], [73.56062493040942, 19.691558490950197], [73.56059639132677, 19.691477883923227], [73.56057383874851, 19.691477883923227], [73.56060047647965, 19.69162835745718], [73.56047681901438, 19.691589550398746], [73.5604037062659, 19.691681329433553], [73.56010981514528, 19.691496867462455]], [[73.55930500931223, 19.691211334329896], [73.55933583547544, 19.691211334329896], [73.55947230815391, 19.691275577558518], [73.55947230815391, 19.69138962188117], [73.55940810438173, 19.69151051516647], [73.55925274216584, 19.69140081221564], [73.55925018182577, 19.691405633239548], [73.55903965473671, 19.691365991781442], [73.55903965473671, 19.691260038590748], [73.55892383629336, 19.691150997706945], [73.55924092239816, 19.691150997706945], [73.55930500931223, 19.691211334329896]], [[73.56186488627891, 19.692418066788935], [73.56186488627891, 19.69256394313636], [73.56180079936485, 19.69256394313636], [73.56180079936485, 19.69260416755166], [73.56174031204661, 19.69260416755166], [73.5616244936039, 19.69271320843481], [73.5616244936039, 19.692547219880403], [73.56160313129921, 19.692527107672753], [73.56160313129921, 19.692337617958334], [73.56180079936485, 19.692337617958334], [73.56180079936485, 19.692418066788935], [73.56186488627891, 19.692418066788935]], [[73.5605219526105, 19.69284551404347], [73.5603639589028, 19.69284551404347], [73.56024666933052, 19.69291176959784], [73.56018838338315, 19.692893477890493], [73.56021903682677, 19.69315321465067], [73.5601656067654, 19.69315896582217], [73.56002479231057, 19.692938008892288], [73.55978457727677, 19.692994548375164], [73.55961373330113, 19.692780086526646], [73.55967692428153, 19.692780086526646], [73.55980513398526, 19.69265937950452], [73.5598991206597, 19.692725744517794], [73.56001807953115, 19.692651079492656], [73.56014298548793, 19.692701478038327], [73.56017128394606, 19.692648193107292], [73.56033219853101, 19.69261031859429], [73.56038120421564, 19.692679525488394], [73.56041099166194, 19.692679525488394], [73.56048358592477, 19.692542833225104], [73.56084635905816, 19.69299822532473], [73.5605219526105, 19.69284551404347]], [[73.55900233745079, 19.693178941727968], [73.55900233745079, 19.693287982611785], [73.5588350386091, 19.693287982611785], [73.55878601074217, 19.693334141425385], [73.55873698287527, 19.693287982611785], [73.55867649555702, 19.693287982611785], [73.55867649555702, 19.69320753378118], [73.55863377094765, 19.69320753378118], [73.55863377094765, 19.69309849289737], [73.55871562057058, 19.693021433018455], [73.55883143901329, 19.693021433018455], [73.55883143901329, 19.69303306538119], [73.55888651900808, 19.692981208603154], [73.55900233745079, 19.692981208603154], [73.55900233745079, 19.69311036169462], [73.5589809751461, 19.693130473902272], [73.5589809751461, 19.693158829520318], [73.55900233745079, 19.693178941727968]], [[73.56063014018595, 19.693629890141846], [73.56036592006858, 19.693629890141846], [73.56028458769441, 19.693572460467646], [73.56026271342735, 19.693593054678235], [73.56026271342735, 19.693670114557147], [73.55994922691836, 19.693670114557147], [73.56006504536171, 19.693561073673344], [73.56006504536171, 19.69346390158677], [73.56017185688515, 19.69346390158677], [73.56017185688515, 19.69327441187302], [73.56027019546204, 19.69336699579162], [73.56039088725548, 19.693139737689428], [73.56039088725548, 19.69344040042744], [73.56041224956016, 19.69346051263509], [73.56041224956016, 19.693493130194057], [73.56063014018595, 19.693629890141846]], [[73.56054078465475, 19.69409551974393], [73.56052266067941, 19.694112583125463], [73.5603731245466, 19.694112583125463], [73.56032409667971, 19.694158741939063], [73.56025370650808, 19.69409247091781], [73.5600560384418, 19.69409247091781], [73.56020571890072, 19.693951549583893], [73.56030003071328, 19.693933791024733], [73.56030003071328, 19.693866145739783], [73.56040684223672, 19.693866145739783], [73.56040684223672, 19.69378569690918], [73.56056178569297, 19.69378569690918], [73.56056178569297, 19.6938901645531], [73.56059233421124, 19.693904544980484], [73.56061519834424, 19.693969123432705], [73.56072800599766, 19.69403992762053], [73.56058350926409, 19.694175968574534], [73.56054078465475, 19.69409551974393]], [[73.56903026526922, 19.689300674603086], [73.5688930845211, 19.689429827694553], [73.5688930845211, 19.68944993990219], [73.56883259720286, 19.68950688757346], [73.56871317916433, 19.68950688757346], [73.56869181685964, 19.68948677536581], [73.5686778975581, 19.68948677536581], [73.56861381064404, 19.68944655095051], [73.56838733726993, 19.68944655095051], [73.56854228072683, 19.689300674603086], [73.56903026526922, 19.689300674603086]], [[73.56556869994644, 19.689642582133146], [73.56589716339127, 19.689642582133146], [73.56601589074414, 19.68936313321493], [73.56605517419194, 19.689622025600247], [73.5659521006304, 19.69005230941699], [73.5655505625065, 19.689989302653082], [73.56592429570956, 19.69016838193144], [73.5659602393101, 19.69022721137868], [73.56584520736548, 19.69023924475757], [73.56593141656022, 19.690360991258082], [73.56577777642961, 19.690375456187102], [73.56602011925338, 19.69054657709138], [73.56565027018364, 19.690496833386298], [73.56561403325483, 19.690539478869052], [73.56569948247358, 19.690720488737906], [73.56547768756673, 19.69098150839895], [73.56546970844765, 19.69097517454489], [73.56546970844765, 19.690691603327707], [73.56518778203493, 19.69057363514574], [73.56536851726055, 19.69048855573973], [73.56538073140159, 19.690408060052977], [73.56522480630551, 19.690231899402367], [73.5653575846077, 19.690200647334482], [73.5652425701785, 19.690135676982738], [73.5653315495855, 19.689884359673638], [73.5654672429997, 19.68994937899356], [73.56549897992461, 19.68962070210386], [73.56556869994644, 19.689642582133146]], [[73.5725123209332, 19.689909131726473], [73.5723573774763, 19.689909131726473], [73.57230834960936, 19.689955290540073], [73.57225932174246, 19.689909131726473], [73.57204029137144, 19.689909131726473], [73.57217747211952, 19.689779978635013], [73.57217747211952, 19.689723030963748], [73.57223795943777, 19.689723030963748], [73.57225932174246, 19.689702918756097], [73.57239650248985, 19.689702918756097], [73.57239650248985, 19.68980009084267], [73.5725123209332, 19.689909131726473]], [[73.56690639018517, 19.689909131726473], [73.56690639018517, 19.69000969276473], [73.5667514467289, 19.69000969276473], [73.5667514467289, 19.68995274509347], [73.56670241886162, 19.68990658627954], [73.56674514347101, 19.689866361864237], [73.56670241886162, 19.689826137448936], [73.56679057174246, 19.6897431431714], [73.56683329635183, 19.6897431431714], [73.56685465865652, 19.689723030963748], [73.5668760209612, 19.689723030963748], [73.5668973832659, 19.689702918756097], [73.5670132017086, 19.689702918756097], [73.5670132017086, 19.689909131726473], [73.56690639018517, 19.689909131726473]], [[73.56635097026329, 19.689843704209654], [73.56635097026329, 19.68998958055708], [73.56629048294504, 19.68998958055708], [73.56626912064036, 19.69000969276473], [73.56612834029714, 19.69000969276473], [73.5660678529789, 19.689952745093457], [73.5660678529789, 19.689823592002003], [73.56617106490651, 19.689823592002003], [73.56622009277342, 19.689777433188386], [73.56629048294504, 19.689843704209654], [73.56635097026329, 19.689843704209654]], [[73.56463657856484, 19.691167720962902], [73.56463657856484, 19.691030324461043], [73.56471842818777, 19.691030324461043], [73.56483424663047, 19.690921283577843], [73.56483424663047, 19.6910872721323], [73.56485560893516, 19.69110738433995], [73.56485560893516, 19.691187833170552], [73.5649714273786, 19.69129687405437], [73.56473103470286, 19.69129687405437], [73.5647152946468, 19.691311693020783], [73.56473041613705, 19.691337680837734], [73.56468471049766, 19.691380711836665], [73.56468471049766, 19.691566812598776], [73.5645297670414, 19.691420936251955], [73.5645297670414, 19.691388318692987], [73.56442763365081, 19.691324214250145], [73.56445667320739, 19.69129687405437], [73.56444431782265, 19.69129687405437], [73.56444431782265, 19.691130885499295], [73.56448704243202, 19.691130885499295], [73.56448704243202, 19.691090661083994], [73.56454752975027, 19.691090661083994], [73.56457282560939, 19.691066845508924], [73.56463331157039, 19.69117079677667], [73.56463657856484, 19.691167720962902]], [[73.57250331401329, 19.691831423815387], [73.57261913245664, 19.69194046469919], [73.5724819517086, 19.69194046469919], [73.5724819517086, 19.69196396585852], [73.57242146439036, 19.69202091352979], [73.57230564594765, 19.69202091352979], [73.57230564594765, 19.69198068911449], [73.57216846519961, 19.69198068911449], [73.57228428364296, 19.691871648230688], [73.57228428364296, 19.691811311607722], [73.57237243652344, 19.69172831733053], [73.57242146439036, 19.691774476144115], [73.57250331401329, 19.691774476144115], [73.57250331401329, 19.691831423815387]], [[73.56514567428152, 19.692121474568047], [73.56511555618722, 19.692121474568047], [73.56509419388254, 19.692141586775698], [73.5650175004534, 19.692141586775698], [73.56493565083046, 19.692064526896782], [73.56493565083046, 19.69204441468914], [73.56488662296319, 19.69199825587521], [73.56493565083046, 19.69195209706128], [73.56493565083046, 19.691895149390017], [73.56534694194298, 19.691895149390017], [73.56534694194298, 19.692037407241752], [73.56527317198909, 19.692141586775698], [73.5651670365862, 19.692141586775698], [73.56514567428152, 19.692121474568047]], [[73.5710224302448, 19.692166849487588], [73.57096580101488, 19.692273480195052], [73.57086177330314, 19.69229796522804], [73.57077506208446, 19.69235238988122], [73.57071177194643, 19.692322596644555], [73.57059666157265, 19.692322596644555], [73.57059666157265, 19.6921806269028], [73.57069040964174, 19.692136495881826], [73.57076756001015, 19.692136495881826], [73.57076756001015, 19.692092882514846], [73.57082804732839, 19.692035934843574], [73.57089573383827, 19.692035934843574], [73.57089573383827, 19.69199961703394], [73.57107203959923, 19.691916622756747], [73.57107203959923, 19.692117567962377], [73.5710040702468, 19.69214956389516], [73.5710224302448, 19.692166849487588]], [[73.56598240376015, 19.692405414050146], [73.56589965820311, 19.692561220818106], [73.56582439468079, 19.692419502439712], [73.56570469379922, 19.69253219856597], [73.56570469379922, 19.69228492519873], [73.56549675553524, 19.692219668545228], [73.56551404997961, 19.692176720297127], [73.5658719926409, 19.692176720297127], [73.56590053251716, 19.692149850540993], [73.56599869908104, 19.692172956033893], [73.56599941158014, 19.692172620631652], [73.56604068698715, 19.69209490059454], [73.56622603476501, 19.692182151316096], [73.56613086612745, 19.692271750796515], [73.56603437800595, 19.692635117795216], [73.56598240376015, 19.692629093895412], [73.56598240376015, 19.692405414050146]], [[73.56470954754754, 19.69227276754081], [73.56483364652654, 19.692331185966903], [73.56488200539943, 19.6923988113414], [73.56470027098761, 19.692433031246797], [73.56469074808808, 19.692513721922236], [73.56501951344451, 19.692591103520485], [73.56503563984833, 19.692613654792527], [73.56503162073551, 19.692644391966965], [73.56465919876774, 19.692644391966965], [73.56457519531251, 19.692802567309915], [73.56451255416195, 19.692684616382266], [73.56440159321328, 19.692684616382266], [73.56440159321328, 19.692583455528606], [73.56435755394442, 19.69253162785053], [73.56410609892339, 19.692590812892494], [73.56405973271946, 19.692547159984485], [73.56379741260164, 19.692578031165976], [73.56391835140973, 19.692350307944512], [73.56415944402751, 19.692391577791845], [73.56420486913927, 19.692327427460665], [73.56433979414913, 19.692363721562486], [73.56435149428864, 19.692330675179285], [73.5645022172829, 19.692283374225536], [73.5645243621195, 19.69232507211895], [73.56470954754754, 19.69227276754081]]]}}, {"type": "Feature", "properties": {"id": 43, "area_m2": 560.0, "perimeter_m": 101.5, "landuse": "Residential", "building_count": 1, "building_ids": [35], "has_unrecorded_building": true, "road_connected": true, "road_distance_m": 7.2, "gps_lat": 19.693426, "gps_lon": 73.572606}, "geometry": {"type": "Polygon", "coordinates": [[[73.57269287109375, 19.693262779510263], [73.57258335590859, 19.693262779510263], [73.57258335590859, 19.693343228340865], [73.57255839400808, 19.693343228340865], [73.57249790668983, 19.693400176012123], [73.57249790668983, 19.693512605847637], [73.57255839400808, 19.693569553518895], [73.57267421245079, 19.693569553518895], [73.57267421245079, 19.69349249363998], [73.5726778120466, 19.69348910468829], [73.57269287109375, 19.69348910468829], [73.57269287109375, 19.693262779510263]]]}}, {"type": "Feature", "properties": {"id": 44, "area_m2": 1886.1, "perimeter_m": 325.0, "landuse": "Residential", "building_count": 1, "building_ids": [40], "has_unrecorded_building": true, "road_connected": true, "road_distance_m": 4.0, "gps_lat": 19.693647, "gps_lon": 73.568698}, "geometry": {"type": "Polygon", "coordinates": [[[73.56878328958763, 19.693509146760388], [73.56876843418219, 19.693579077182985], [73.56857489431178, 19.693533523646984], [73.56854310723888, 19.693537241916836], [73.5684604311039, 19.693550050895492], [73.5684604311039, 19.69361097752368], [73.56828291931404, 19.693577552722093], [73.56825956659175, 19.69358117074949], [73.56825203422241, 19.693616628668995], [73.56824052477675, 19.69358412088984], [73.56821874409951, 19.693587495360962], [73.56811145665723, 19.693688504467808], [73.56812132623801, 19.693725672565712], [73.56858201479432, 19.69372356781171], [73.56858237000075, 19.693723567745092], [73.56908970742094, 19.693725695328332], [73.56931368158828, 19.693672978462953], [73.5692918903788, 19.69357433773107], [73.56889749770517, 19.69363622327716], [73.56886132990115, 19.693500018051182], [73.56878328958763, 19.693509146760388]], [[73.5687470395691, 19.693679790310032], [73.56871899988158, 19.693688589922655], [73.56870650159912, 19.693653289229786], [73.56868813990631, 19.693649831792175], [73.5687580653929, 19.693627887282485], [73.5687470395691, 19.693679790310032]]]}}, {"type": "Feature", "properties": {"id": 45, "area_m2": 63.1, "perimeter_m": 65.7, "landuse": "Vacant / Unclassified", "building_count": 0, "building_ids": [], "has_unrecorded_building": false, "road_connected": true, "road_distance_m": 16.6, "gps_lat": 19.69358, "gps_lon": 73.568401}, "geometry": {"type": "Polygon", "coordinates": [[[73.56826624645028, 19.69358013584183], [73.56828291931404, 19.693577552722093], [73.5684604311039, 19.69361097752368], [73.5684604311039, 19.693550050895492], [73.56854310723888, 19.693537241916836], [73.56826624645028, 19.69358013584183]]]}}, {"type": "Feature", "properties": {"id": 46, "area_m2": 575.4, "perimeter_m": 215.5, "landuse": "Vacant / Unclassified", "building_count": 0, "building_ids": [], "has_unrecorded_building": false, "road_connected": true, "road_distance_m": 4.0, "gps_lat": 19.693681, "gps_lon": 73.567896}, "geometry": {"type": "Polygon", "coordinates": [[[73.56811887396101, 19.693602968199322], [73.5677765670685, 19.693658461298106], [73.56747728273916, 19.69371952759386], [73.56726656535116, 19.693768209834914], [73.56748054843362, 19.693729221937144], [73.56748406542162, 19.693728739825843], [73.56748761479432, 19.69372856781171], [73.56812132623801, 19.693725672565712], [73.56811145665723, 19.693688504467808], [73.56821874409951, 19.693587495360962], [73.56823508877481, 19.693584963087325], [73.56811887396101, 19.693602968199322]]]}}, {"type": "Feature", "properties": {"id": 47, "area_m2": 17264.0, "perimeter_m": 987.4, "landuse": "Vacant / Unclassified", "building_count": 0, "building_ids": [], "has_unrecorded_building": false, "road_connected": true, "road_distance_m": 4.0, "gps_lat": 19.693458, "gps_lon": 73.571048}, "geometry": {"type": "Polygon", "coordinates": [[[73.5694165065227, 19.69372706580144], [73.57005844354006, 19.693715078182066], [73.57141474435768, 19.693676383864606], [73.57191855805871, 19.693662014846392], [73.57195875978655, 19.693658705261047], [73.57264651163013, 19.693601550814655], [73.57269287109375, 19.693596462580842], [73.57269287109375, 19.69348910468829], [73.5726778120466, 19.69348910468829], [73.57267421245079, 19.69349249363998], [73.57267421245079, 19.693569553518895], [73.57255839400808, 19.693569553518895], [73.57249790668983, 19.693512605847637], [73.57249790668983, 19.693400176012123], [73.57255839400808, 19.693343228340865], [73.57258335590859, 19.693343228340865], [73.57258335590859, 19.693262779510263], [73.57269287109375, 19.693262779510263], [73.57269287109375, 19.693051826292702], [73.56886132990115, 19.693500018051182], [73.56889749770517, 19.69363622327716], [73.5692918903788, 19.69357433773107], [73.56931368158828, 19.693672978462953], [73.56908970742094, 19.693725695328332], [73.5694165065227, 19.69372706580144]]]}}, {"type": "Feature", "properties": {"id": 48, "area_m2": 82.9, "perimeter_m": 57.6, "landuse": "Vacant / Unclassified", "building_count": 0, "building_ids": [], "has_unrecorded_building": false, "road_connected": true, "road_distance_m": 20.2, "gps_lat": 19.693541, "gps_lon": 73.568709}, "geometry": {"type": "Polygon", "coordinates": [[[73.56854310723888, 19.693537241916836], [73.56857489431178, 19.693533523646984], [73.56876843418219, 19.693579077182985], [73.56878328958763, 19.693509146760388], [73.56854310723888, 19.693537241916836]]]}}, {"type": "Feature", "properties": {"id": 49, "area_m2": 1400.3, "perimeter_m": 267.0, "landuse": "Residential", "building_count": 1, "building_ids": [41], "has_unrecorded_building": true, "road_connected": true, "road_distance_m": 4.0, "gps_lat": 19.69394, "gps_lon": 73.569516}, "geometry": {"type": "Polygon", "coordinates": [[[73.56950317975348, 19.693797326611705], [73.56948966513623, 19.69380580911683], [73.56935764790077, 19.69380580911683], [73.56935764790077, 19.693849940137806], [73.56933193111139, 19.693862046074308], [73.56915415747163, 19.694196787143593], [73.56917601428621, 19.694211618767984], [73.56940937942942, 19.693991909879557], [73.56941813521902, 19.693991909879557], [73.56953395366172, 19.694100950762756], [73.56953395366172, 19.69394256906462], [73.56955147255908, 19.693931573256606], [73.56959678267758, 19.693931573256606], [73.56972621440391, 19.694175288323322], [73.56972621440391, 19.693911461048955], [73.56988475745672, 19.693911461048955], [73.56975846531388, 19.693792559374348], [73.56950317975348, 19.693797326611705]]]}}, {"type": "Feature", "properties": {"id": 50, "area_m2": 1757.8, "perimeter_m": 219.0, "landuse": "Residential", "building_count": 1, "building_ids": [42], "has_unrecorded_building": true, "road_connected": true, "road_distance_m": 4.0, "gps_lat": 19.693917, "gps_lon": 73.572266}, "geometry": {"type": "Polygon", "coordinates": [[[73.57196542460741, 19.693730296023706], [73.57192412460742, 19.693733696023706], [73.57192195564232, 19.693733816135396], [73.57187531066855, 19.69373514647333], [73.57204026236906, 19.693812795933482], [73.57200657368203, 19.693823368354998], [73.57200657368203, 19.693951685464256], [73.57213114791433, 19.693951685464256], [73.57217747211952, 19.693995298831243], [73.57217747211952, 19.69407235871016], [73.57225124207342, 19.69407235871016], [73.57229396668279, 19.694132695333114], [73.57242146439036, 19.694132695333114], [73.57252791464781, 19.694032474419956], [73.5725271921159, 19.694032134294858], [73.57261913245668, 19.694032134294858], [73.57243922709922, 19.693862756788096], [73.57243922709922, 19.69378569690918], [73.57228554154116, 19.69378569690918], [73.57228428364296, 19.69378569690918], [73.57223493337372, 19.69378569690918], [73.57217680629735, 19.693712729511873], [73.57196542460741, 19.693730296023706]]]}}, {"type": "Feature", "properties": {"id": 51, "area_m2": 688.1, "perimeter_m": 127.4, "landuse": "Residential", "building_count": 1, "building_ids": [44], "has_unrecorded_building": true, "road_connected": true, "road_distance_m": 4.0, "gps_lat": 19.694173, "gps_lon": 73.56743}, "geometry": {"type": "Polygon", "coordinates": [[[73.56731419567438, 19.694245738246572], [73.56731819686247, 19.69424617568992], [73.56732212679678, 19.694247007719806], [73.56741622679678, 19.694271907719806], [73.56741981185566, 19.694273039553227], [73.56742326036104, 19.694274499821706], [73.5674265384637, 19.694276274191793], [73.56742961398703, 19.69427834524695], [73.56743245674286, 19.694280692658484], [73.56743503882778, 19.694283293385094], [73.56743733489701, 19.694286121899033], [73.56746944128457, 19.694330021751323], [73.5675258970211, 19.69427686973836], [73.5675258970211, 19.69425675753071], [73.56757492488838, 19.69421059871678], [73.56753220027899, 19.69417037430148], [73.56764171546453, 19.69406726781629], [73.56741007857839, 19.69406726781629], [73.56738871627371, 19.69408738002394], [73.56734599166434, 19.69408738002394], [73.56732462935965, 19.69410749223159], [73.5672641420414, 19.69410749223159], [73.5672641420414, 19.694204664318164], [73.56722605840524, 19.69424051934457], [73.56731419567438, 19.694245738246572]]]}}, {"type": "Feature", "properties": {"id": 52, "area_m2": 1055.8, "perimeter_m": 193.3, "landuse": "Residential", "building_count": 1, "building_ids": [46], "has_unrecorded_building": true, "road_connected": true, "road_distance_m": 4.0, "gps_lat": 19.694141, "gps_lon": 73.566906}, "geometry": {"type": "Polygon", "coordinates": [[[73.56657410301892, 19.694205848241218], [73.56657238582808, 19.694207169759892], [73.56649509907265, 19.69426320177479], [73.56649509907265, 19.694274137483283], [73.56683750794454, 19.69421849104342], [73.5668419377414, 19.694218019882445], [73.56684639567439, 19.69421803824657], [73.5671434243647, 19.694235626307115], [73.56714344408567, 19.694173885248922], [73.56708709312186, 19.693908618391564], [73.56698763090243, 19.694049081101863], [73.56689517917465, 19.69400556032135], [73.56682219385719, 19.694142988925766], [73.56667154416931, 19.694126302591098], [73.56657410301892, 19.694205848241218]]]}}, {"type": "Feature", "properties": {"id": 53, "area_m2": 1508.5, "perimeter_m": 213.1, "landuse": "Residential", "building_count": 1, "building_ids": [47], "has_unrecorded_building": true, "road_connected": true, "road_distance_m": 38.5, "gps_lat": 19.69424, "gps_lon": 73.571256}, "geometry": {"type": "Polygon", "coordinates": [[[73.57154201030235, 19.694316919639142], [73.57154201030235, 19.694272296498468], [73.57149928569298, 19.694252184290818], [73.57149928569298, 19.694119124594366], [73.57138346725027, 19.694228165477494], [73.57137724777228, 19.694228165477494], [73.57139818735837, 19.694129594347263], [73.57132480927972, 19.694060510267807], [73.57117287086012, 19.69409627205814], [73.57113486861508, 19.694167828854543], [73.57113228310597, 19.694167828854543], [73.57098118305703, 19.69407299028712], [73.57098118305703, 19.694333817409618], [73.57111061478335, 19.694333817409618], [73.57112930431883, 19.69429862571811], [73.57121154450896, 19.694308304166928], [73.5712283444997, 19.694355754791868], [73.57125889301797, 19.694370135219252], [73.57125889301797, 19.694425613965013], [73.57141338699934, 19.694401371769235], [73.57154201030235, 19.694316919639142]]]}}, {"type": "Feature", "properties": {"id": 54, "area_m2": 912.5, "perimeter_m": 158.0, "landuse": "Residential", "building_count": 1, "building_ids": [50], "has_unrecorded_building": true, "road_connected": true, "road_distance_m": 64.7, "gps_lat": 19.694549, "gps_lon": 73.571507}, "geometry": {"type": "Polygon", "coordinates": [[[73.57152570197049, 19.69432762744506], [73.57143947449529, 19.694449399761652], [73.57134023882635, 19.694449399761652], [73.57131217930143, 19.69446782322454], [73.57140842915078, 19.69455844064547], [73.57140842915078, 19.694578552853113], [73.57144485050226, 19.694612842869788], [73.57133533531672, 19.694715949354983], [73.57158833450754, 19.694715949354983], [73.57164882182579, 19.694659001683725], [73.57164882182579, 19.694529848592254], [73.57160609721642, 19.694529848592254], [73.57160609721642, 19.69452645964056], [73.57158473491172, 19.69450634743291], [73.57158473491172, 19.694288867301935], [73.57152570197049, 19.69432762744506]]]}}, {"type": "Feature", "properties": {"id": 55, "area_m2": 1054.1, "perimeter_m": 149.8, "landuse": "Residential", "building_count": 1, "building_ids": [52], "has_unrecorded_building": true, "road_connected": true, "road_distance_m": 48.7, "gps_lat": 19.694633, "gps_lon": 73.568119}, "geometry": {"type": "Polygon", "coordinates": [[[73.56818812846642, 19.694793672828325], [73.56818812846642, 19.69466855830052], [73.56835831472935, 19.69457242200316], [73.56840653254348, 19.694509736384603], [73.56819172806223, 19.694509736384603], [73.5681427001953, 19.694463577571003], [73.5680936723284, 19.694509736384603], [73.56800822310964, 19.694509736384603], [73.5679477357914, 19.694566684055875], [73.5679477357914, 19.69473945051432], [73.56805725097658, 19.69484255699919], [73.56810627884347, 19.694796398185584], [73.56818603212004, 19.694796398185584], [73.56818812846642, 19.694793672828325]]]}}, {"type": "Feature", "properties": {"id": 56, "area_m2": 1440.9, "perimeter_m": 231.8, "landuse": "Residential", "building_count": 1, "building_ids": [53], "has_unrecorded_building": true, "road_connected": true, "road_distance_m": 104.1, "gps_lat": 19.694801, "gps_lon": 73.572482}, "geometry": {"type": "Polygon", "coordinates": [[[73.57269287109375, 19.69457270688992], [73.57261301706362, 19.69461029742286], [73.57243381977578, 19.69461029742286], [73.57243381977578, 19.694712555425646], [73.57240312814972, 19.69475108287641], [73.57237873978097, 19.69475108287641], [73.57226292133828, 19.694642041993212], [73.57226292133828, 19.694860123760215], [73.57232340865652, 19.694917071431487], [73.57235251998226, 19.694917071431487], [73.5724819517086, 19.69516078649836], [73.5724819517086, 19.694905439068744], [73.57258876323203, 19.695006000107036], [73.57258876323203, 19.69483300410519], [73.57260044249689, 19.694816510393235], [73.57264455129575, 19.694816510393235], [73.57269287109375, 19.694793764303213], [73.57269287109375, 19.69457270688992]]]}}, {"type": "Feature", "properties": {"id": 57, "area_m2": 794.8, "perimeter_m": 139.9, "landuse": "Residential", "building_count": 1, "building_ids": [54], "has_unrecorded_building": true, "road_connected": true, "road_distance_m": 62.9, "gps_lat": 19.694854, "gps_lon": 73.568375}, "geometry": {"type": "Polygon", "coordinates": [[[73.56835632324217, 19.69466469964751], [73.56826817036172, 19.694747693924732], [73.56826817036172, 19.69484825496297], [73.56815235191829, 19.694957295846788], [73.56832865767996, 19.694957295846788], [73.56837768554689, 19.695003454660387], [73.56842671341379, 19.694957295846788], [73.56860301917547, 19.694957295846788], [73.56848720073204, 19.69484825496297], [73.56848720073204, 19.69482814275532], [73.56846583842734, 19.69480803054767], [73.56846583842734, 19.69471085846111], [73.5684053511091, 19.69471085846111], [73.56835632324217, 19.69466469964751]]]}}, {"type": "Feature", "properties": {"id": 58, "area_m2": 1811.9, "perimeter_m": 243.3, "landuse": "Residential", "building_count": 1, "building_ids": [59], "has_unrecorded_building": true, "road_connected": true, "road_distance_m": 106.3, "gps_lat": 19.695083, "gps_lon": 73.569565}, "geometry": {"type": "Polygon", "coordinates": [[[73.5695766782711, 19.69539840325603], [73.5695766782711, 19.69526153193103], [73.56961338330305, 19.695250012898867], [73.56961669921877, 19.69525625664331], [73.56962134150079, 19.69524751540109], [73.56969761929982, 19.69522357736388], [73.56965524274479, 19.6951836806352], [73.5696793403693, 19.695138305715645], [73.56975872854345, 19.695138305715645], [73.56983442263613, 19.694710718337227], [73.5696323808721, 19.69496434302625], [73.56961525345523, 19.69493209274527], [73.56951619095285, 19.69493209274527], [73.56948035108871, 19.694898350188], [73.56927509020822, 19.694994974815156], [73.56940037251015, 19.69505395027937], [73.56940037251015, 19.69508533149819], [73.56935074541681, 19.695225500420165], [73.56942142879706, 19.695325321027667], [73.5695766782711, 19.69539840325603]]]}}, {"type": "Feature", "properties": {"id": 59, "area_m2": 1234.7, "perimeter_m": 163.6, "landuse": "Residential", "building_count": 1, "building_ids": [62], "has_unrecorded_building": true, "road_connected": true, "road_distance_m": 166.7, "gps_lat": 19.695425, "gps_lon": 73.571562}, "geometry": {"type": "Polygon", "coordinates": [[[73.57174765395443, 19.695524557573165], [73.57171290873985, 19.69549184560781], [73.57171290873985, 19.69543150898484], [73.57169154643516, 19.69541139677719], [73.57169154643516, 19.695403153366797], [73.57175383483005, 19.695344510015804], [73.57151182289422, 19.69520780020724], [73.57147666549008, 19.69527400027533], [73.57139121627134, 19.69527400027533], [73.57132986467708, 19.695389523016992], [73.57143249511721, 19.695486147644004], [73.57147945757933, 19.69544193337012], [73.57149387836952, 19.69545098463842], [73.57149387836952, 19.6954836021974], [73.57151524067422, 19.69550371440505], [73.57151524067422, 19.695641110906912], [73.5716524214216, 19.695641110906912], [73.57173514738447, 19.69556322597045], [73.57174765395443, 19.695524557573165]]]}}, {"type": "Feature", "properties": {"id": 60, "area_m2": 789.1, "perimeter_m": 125.0, "landuse": "Residential", "building_count": 1, "building_ids": [63], "has_unrecorded_building": true, "road_connected": true, "road_distance_m": 186.5, "gps_lat": 19.695533, "gps_lon": 73.571972}, "geometry": {"type": "Polygon", "coordinates": [[[73.57199421829661, 19.695661223114563], [73.57201558060129, 19.695641110906912], [73.57219188636289, 19.695641110906912], [73.57207606791954, 19.69553207002311], [73.57207606791954, 19.69547173340014], [73.57205470561485, 19.69545162119249], [73.57205470561485, 19.69537456131358], [73.5718997621586, 19.69537456131358], [73.5718997621586, 19.695414785728882], [73.57189616256277, 19.695414785728882], [73.57183567524453, 19.695471733400154], [73.57183567524453, 19.695661223114563], [73.57199421829661, 19.695661223114563]]]}}, {"type": "Feature", "properties": {"id": 61, "area_m2": 1388.8, "perimeter_m": 181.3, "landuse": "Residential", "building_count": 1, "building_ids": [68], "has_unrecorded_building": true, "road_connected": true, "road_distance_m": 105.9, "gps_lat": 19.696047, "gps_lon": 73.568426}, "geometry": {"type": "Polygon", "coordinates": [[[73.56857264995078, 19.696226917898265], [73.56857264995078, 19.696058376373706], [73.56851216263254, 19.696058376373706], [73.56850856303673, 19.696054987422016], [73.56850856303673, 19.69603944845425], [73.56859725058534, 19.69599769962565], [73.5685362285993, 19.695940248574736], [73.56864574378484, 19.695837142089548], [73.56833640670102, 19.695837142089548], [73.5682895326664, 19.695925404131604], [73.5682895326664, 19.69606228297938], [73.56824680805703, 19.696082395187034], [73.56824680805703, 19.69622436492878], [73.5683791313104, 19.69622436492878], [73.56840793896711, 19.696278608661583], [73.56857264995078, 19.696226917898265]]]}}, {"type": "Feature", "properties": {"id": 62, "area_m2": 1406.1, "perimeter_m": 165.2, "landuse": "Residential", "building_count": 1, "building_ids": [72], "has_unrecorded_building": true, "road_connected": true, "road_distance_m": 47.9, "gps_lat": 19.696603, "gps_lon": 73.567735}, "geometry": {"type": "Polygon", "coordinates": [[[73.5675809770159, 19.696747282327696], [73.56772175735911, 19.696747282327696], [73.56774311966379, 19.696727170120045], [73.56787129349192, 19.696727170120045], [73.5678926557966, 19.696707057912395], [73.56795585476699, 19.696707057912395], [73.56800118887116, 19.696579014295768], [73.56794899368963, 19.69648073273437], [73.56787129349192, 19.69648073273437], [73.56784993118723, 19.696460620526718], [73.56764866352577, 19.696460620526718], [73.56764866352577, 19.696557792613284], [73.56764506392996, 19.69656118156497], [73.5676443878094, 19.69656118156497], [73.56760166320002, 19.69650084494202], [73.56747776508827, 19.69650084494202], [73.56747776508827, 19.696650110241134], [73.5675809770159, 19.696747282327696]]]}}, {"type": "Feature", "properties": {"id": 63, "area_m2": 758.6, "perimeter_m": 128.2, "landuse": "Residential", "building_count": 1, "building_ids": [77], "has_unrecorded_building": true, "road_connected": false, "road_distance_m": 346.1, "gps_lat": 19.696945, "gps_lon": 73.57148}, "geometry": {"type": "Polygon", "coordinates": [[[73.5714815229841, 19.69708918985776], [73.5715028852888, 19.69706907765011], [73.57158473491172, 19.69706907765011], [73.57158473491172, 19.696968516611854], [73.5716274595211, 19.696968516611854], [73.5716274595211, 19.69682264026443], [73.57140842915078, 19.69682264026443], [73.57140842915078, 19.69686286467973], [73.57127124840274, 19.69686286467973], [73.57138076358821, 19.69696597116492], [73.5713657045414, 19.69698014897396], [73.5713657045414, 19.69708918985776], [73.5714815229841, 19.69708918985776]]]}}, {"type": "Feature", "properties": {"id": 64, "area_m2": 2216.0, "perimeter_m": 263.4, "landuse": "Residential", "building_count": 1, "building_ids": [78], "has_unrecorded_building": true, "road_connected": false, "road_distance_m": 226.4, "gps_lat": 19.696843, "gps_lon": 73.569443}, "geometry": {"type": "Polygon", "coordinates": [[[73.56912725135018, 19.697112560104785], [73.56951259135704, 19.697060732910327], [73.56951259135704, 19.69699201777119], [73.56955891556223, 19.696948404404203], [73.5696016401716, 19.696948404404203], [73.56977794593328, 19.69678241584913], [73.56959908259272, 19.69678241584913], [73.56980678581832, 19.696547757437635], [73.56941799870756, 19.696652339078952], [73.56941554736102, 19.69664772328573], [73.56925083637734, 19.69669941404904], [73.56925083637734, 19.69676621024715], [73.56917736106514, 19.696800798058664], [73.56925410188894, 19.696909173119764], [73.56926499766612, 19.696970722134107], [73.56910911327863, 19.697044103242018], [73.56912725135018, 19.697112560104785]]]}}, {"type": "Feature", "properties": {"id": 65, "area_m2": 907.1, "perimeter_m": 152.3, "landuse": "Residential", "building_count": 1, "building_ids": [80], "has_unrecorded_building": true, "road_connected": true, "road_distance_m": 164.8, "gps_lat": 19.697025, "gps_lon": 73.56873}, "geometry": {"type": "Polygon", "coordinates": [[[73.5686313295414, 19.697072466601796], [73.56867405415078, 19.697112691017097], [73.56867405415078, 19.697189750896012], [73.56882899760704, 19.697189750896012], [73.56882899760704, 19.69712941427306], [73.56896617835513, 19.69712941427306], [73.56882899760704, 19.6970002611816], [73.56882899760704, 19.69696003676629], [73.56880763530235, 19.696939924558638], [73.56880763530235, 19.69686286467973], [73.56860996723671, 19.69686286467973], [73.56860996723671, 19.696939924558652], [73.56849414879336, 19.697048965442455], [73.5686313295414, 19.697048965442455], [73.5686313295414, 19.697072466601796]]]}}, {"type": "Feature", "properties": {"id": 66, "area_m2": 2114.0, "perimeter_m": 213.7, "landuse": "Residential", "building_count": 1, "building_ids": [81], "has_unrecorded_building": true, "road_connected": true, "road_distance_m": 101.2, "gps_lat": 19.69692, "gps_lon": 73.568153}, "geometry": {"type": "Polygon", "coordinates": [[[73.56796068877922, 19.69676286627356], [73.56803318501015, 19.696831120109994], [73.56803318501015, 19.69690936707494], [73.56789974394955, 19.696981156929866], [73.56783765951619, 19.697098059579986], [73.56812796336735, 19.697215194841412], [73.56816150316368, 19.69705730940771], [73.56816318818598, 19.697055722990942], [73.56824061428553, 19.697073946794678], [73.56834178159092, 19.697010448719173], [73.56842311381797, 19.696882827451788], [73.56842311381797, 19.696786322454802], [73.5683803892086, 19.69676621024715], [73.5683803892086, 19.69673880248214], [73.56827087402345, 19.696635695997283], [73.56822184615652, 19.696681854810876], [73.56814414595881, 19.696681854810876], [73.56812278365413, 19.696722079226177], [73.5679944104735, 19.696722079226177], [73.56796068877922, 19.69676286627356]]]}}, {"type": "Feature", "properties": {"id": 67, "area_m2": 866.4, "perimeter_m": 133.4, "landuse": "Residential", "building_count": 1, "building_ids": [85], "has_unrecorded_building": true, "road_connected": true, "road_distance_m": 5.2, "gps_lat": 19.697759, "gps_lon": 73.567246}, "geometry": {"type": "Polygon", "coordinates": [[[73.56715373092214, 19.697667352985757], [73.5670932436039, 19.69772430065703], [73.5670932436039, 19.697816618284868], [73.56717509322684, 19.697893678163783], [73.56719645553152, 19.697893678163783], [73.56731227397422, 19.69800271904691], [73.56731227397422, 19.697853453748483], [73.5673549985836, 19.697853453748483], [73.5673549985836, 19.697716057246623], [73.56737636088829, 19.697695945038973], [73.56737636088829, 19.697586904155155], [73.56720005512734, 19.697586904155155], [73.56720005512734, 19.697643851826413], [73.56717869282265, 19.697663964034064], [73.56717869282265, 19.697667352985757], [73.56715373092214, 19.697667352985757]]]}}, {"type": "Feature", "properties": {"id": 68, "area_m2": 1423.7, "perimeter_m": 162.3, "landuse": "Residential", "building_count": 1, "building_ids": [87], "has_unrecorded_building": true, "road_connected": true, "road_distance_m": 20.8, "gps_lat": 19.697985, "gps_lon": 73.567595}, "geometry": {"type": "Polygon", "coordinates": [[[73.56739231586953, 19.697899787821743], [73.56739231586953, 19.69792542273353], [73.56738871627371, 19.697928811685216], [73.56737249236055, 19.697928811685216], [73.5673182014818, 19.69800829968372], [73.56741007857839, 19.69809480024029], [73.56751689010183, 19.69809480024029], [73.56756591796875, 19.698140959053877], [73.5676059389164, 19.698103280085192], [73.5676059389164, 19.698194000119482], [73.56778224467735, 19.698111005842268], [73.56778224467735, 19.698037852569026], [73.56783944684634, 19.697983997803927], [73.56775673294743, 19.69782825064696], [73.56751689010183, 19.69782825064696], [73.56747416549246, 19.697868475062265], [73.56741370271106, 19.697868475062265], [73.56739231586953, 19.697899787821743]]]}}, {"type": "Feature", "properties": {"id": 69, "area_m2": 4543.7, "perimeter_m": 441.3, "landuse": "Residential", "building_count": 1, "building_ids": [93], "has_unrecorded_building": true, "road_connected": true, "road_distance_m": 95.2, "gps_lat": 19.698499, "gps_lon": 73.568723}, "geometry": {"type": "Polygon", "coordinates": [[[73.56873211961461, 19.698810256993838], [73.56888187351058, 19.6987397617571], [73.5688948784511, 19.698764249570385], [73.56907190517795, 19.69871420900878], [73.56910984404476, 19.698678490280006], [73.56907714768951, 19.69840144325427], [73.56903147107838, 19.698408610532496], [73.56904005838231, 19.69839648335505], [73.56921696525033, 19.69839648335505], [73.56909060320174, 19.698325102861297], [73.56916072952852, 19.698226068936815], [73.56904051296831, 19.698296807454305], [73.56885866504771, 19.69819408361827], [73.56882932678087, 19.69822170504411], [73.56870215240568, 19.69792237434461], [73.56864229080593, 19.697938143733335], [73.56870957774424, 19.698318240046696], [73.5685529315914, 19.698391979748468], [73.56851525932994, 19.698587052235222], [73.56849060165759, 19.698584730761798], [73.56843430653868, 19.69831972678927], [73.56820791284099, 19.69861813035459], [73.56837692169988, 19.69880907274482], [73.56863735599072, 19.698727341417715], [73.56872697108429, 19.698811712341023], [73.56873211961461, 19.698810256993838]]]}}, {"type": "Feature", "properties": {"id": 70, "area_m2": 1116.1, "perimeter_m": 167.5, "landuse": "Residential", "building_count": 1, "building_ids": [95], "has_unrecorded_building": true, "road_connected": true, "road_distance_m": 4.0, "gps_lat": 19.69878, "gps_lon": 73.567571}, "geometry": {"type": "Polygon", "coordinates": [[[73.56737293202481, 19.698859064131018], [73.56743144088308, 19.698859064131018], [73.56754725932579, 19.698968105014146], [73.56754725932579, 19.698853341660197], [73.56758842001904, 19.698879176338668], [73.56762370162527, 19.698879176338668], [73.56773952006797, 19.698988217221796], [73.56773952006797, 19.698822228667407], [73.56776088237267, 19.698802116459753], [73.56776088237267, 19.698689686624245], [73.56770039505442, 19.698632738952988], [73.56758457661171, 19.698632738952988], [73.56758457661171, 19.69867296336829], [73.56734959126015, 19.69867296336829], [73.56734959126015, 19.698755436229224], [73.56737293202481, 19.698859064131018]]]}}, {"type": "Feature", "properties": {"id": 71, "area_m2": 655.0, "perimeter_m": 115.3, "landuse": "Residential", "building_count": 1, "building_ids": [96], "has_unrecorded_building": false, "road_connected": true, "road_distance_m": 128.3, "gps_lat": 19.699017, "gps_lon": 73.568859}, "geometry": {"type": "Polygon", "coordinates": [[[73.56895717143516, 19.699120522830473], [73.56895717143516, 19.699080298415172], [73.56899989604453, 19.699080298415172], [73.56899989604453, 19.69897125753137], [73.56897853373985, 19.69895114532372], [73.56897853373985, 19.698894197652447], [73.56878086567421, 19.698894197652447], [73.56878086567421, 19.698951145323704], [73.56875950336952, 19.698971257531355], [73.56875950336952, 19.69901148194667], [73.56864368492617, 19.699120522830473], [73.56895717143516, 19.699120522830473]]]}}, {"type": "Feature", "properties": {"id": 72, "area_m2": 809.4, "perimeter_m": 143.1, "landuse": "Residential", "building_count": 1, "building_ids": [111], "has_unrecorded_building": true, "road_connected": true, "road_distance_m": 63.2, "gps_lat": 19.70031, "gps_lon": 73.568379}, "geometry": {"type": "Polygon", "coordinates": [[[73.56824680805703, 19.700447928535418], [73.56836262649973, 19.700447928535418], [73.56838398880441, 19.700427816327768], [73.56842671341379, 19.700427816327768], [73.56844807571848, 19.700407704120117], [73.56850856303673, 19.700407704120117], [73.56850856303673, 19.700350756448845], [73.56855759090396, 19.70030459763493], [73.56850856303673, 19.700258438821013], [73.56850856303673, 19.70009245026661], [73.56839274459402, 19.700201491149738], [73.56833225727577, 19.700201491149738], [73.56833225727577, 19.700241715565042], [73.56832865767996, 19.700241715565042], [73.56828593307058, 19.700281939980343], [73.56813098961359, 19.700281939980343], [73.56824680805703, 19.70039098086416], [73.56824680805703, 19.700447928535418]]]}}, {"type": "Feature", "properties": {"id": 73, "area_m2": 511832.9, "perimeter_m": 7542.9, "landuse": "Vacant / Unclassified", "building_count": 0, "building_ids": [], "has_unrecorded_building": false, "road_connected": true, "road_distance_m": 4.0, "gps_lat": 19.698197, "gps_lon": 73.570193}, "geometry": {"type": "Polygon", "coordinates": [[[73.57265375581832, 19.693673093442133], [73.57217680629735, 19.693712729511873], [73.57223493337372, 19.69378569690918], [73.57228428364296, 19.69378569690918], [73.57228554154116, 19.69378569690918], [73.57243922709922, 19.69378569690918], [73.57243922709922, 19.693862756788096], [73.57261913245668, 19.694032134294858], [73.5725271921159, 19.694032134294858], [73.57252791464781, 19.694032474419956], [73.57242146439036, 19.694132695333114], [73.57229396668279, 19.694132695333114], [73.57225124207342, 19.69407235871016], [73.57217747211952, 19.69407235871016], [73.57217747211952, 19.693995298831243], [73.57213114791433, 19.693951685464256], [73.57200657368203, 19.693951685464256], [73.57200657368203, 19.693823368354998], [73.57204026236906, 19.693812795933482], [73.57187531066855, 19.69373514647333], [73.57141705582053, 19.693748216130317], [73.57006055599875, 19.693786916125227], [73.57006015686882, 19.693786925545123], [73.56966553272119, 19.693794294810253], [73.56975846531388, 19.693792559374348], [73.56988475745672, 19.693911461048955], [73.56972621440391, 19.693911461048955], [73.56972621440391, 19.694175288323322], [73.56959678267758, 19.693931573256606], [73.56955147255908, 19.693931573256606], [73.56953395366172, 19.69394256906462], [73.56953395366172, 19.694100950762756], [73.56941813521902, 19.693991909879557], [73.56940937942942, 19.693991909879557], [73.56917601428621, 19.694211618767984], [73.56915415747163, 19.694196787143593], [73.56933193111139, 19.693862046074308], [73.56935764790077, 19.693849940137806], [73.56935764790077, 19.69380580911683], [73.56948966513623, 19.69380580911683], [73.56950317975348, 19.693797326611705], [73.56941755686881, 19.693798925545124], [73.56941709330232, 19.693798912773396], [73.56941662999924, 19.693798932254907], [73.56858220760262, 19.693795432999707], [73.56749155084123, 19.693800415897925], [73.56716500770749, 19.693859912331796], [73.56689025344136, 19.69394776024875], [73.56657410301892, 19.694205848241218], [73.56667154416931, 19.694126302591098], [73.56682219385719, 19.694142988925766], [73.56689517917465, 19.69400556032135], [73.56698763090243, 19.694049081101863], [73.56708709312186, 19.693908618391564], [73.56714344408567, 19.694173885248922], [73.5671434243647, 19.694235626307115], [73.56722605840524, 19.69424051934457], [73.5672641420414, 19.694204664318164], [73.5672641420414, 19.69410749223159], [73.56732462935965, 19.69410749223159], [73.56734599166434, 19.69408738002394], [73.56738871627371, 19.69408738002394], [73.56741007857839, 19.69406726781629], [73.56764171546453, 19.69406726781629], [73.56753220027899, 19.69417037430148], [73.56757492488838, 19.69421059871678], [73.5675258970211, 19.69425675753071], [73.5675258970211, 19.69427686973836], [73.56746944128457, 19.694330021751323], [73.56752853489701, 19.694410821899034], [73.56753059947665, 19.694413982681784], [73.56753230682018, 19.69441732706883], [73.56753363872062, 19.69442081939585], [73.56753458097465, 19.694424422420923], [73.56753512353417, 19.694428097721627], [73.56753526061335, 19.694431806104813], [73.56753499075039, 19.69443550802454], [73.56751469623808, 19.69459372640689], [73.56751748470761, 19.694793438518204], [73.56754800701414, 19.69487963577272], [73.56754866302659, 19.694881691034542], [73.56761336302658, 19.695108791034542], [73.56761412078956, 19.69511204787551], [73.5676145546621, 19.695115356821326], [73.56761466090883, 19.695118689384113], [73.56761443861507, 19.69512201687269], [73.5676138896946, 19.69512531063955], [73.5675873896946, 19.695247110639553], [73.56758640158957, 19.695250699209296], [73.56758502601953, 19.695254172830335], [73.56758327762631, 19.69525749452882], [73.5675811750201, 19.69526062894801], [73.56757874058141, 19.69526354272458], [73.56757600022287, 19.695266204843776], [73.56740968024594, 19.695411921448333], [73.567289177673, 19.69552997478198], [73.56712603090456, 19.695739459094128], [73.56708296604332, 19.6958971456143], [73.56708296604332, 19.696235], [73.5670828048622, 19.696238298855373], [73.56705210486219, 19.69655179885537], [73.5670514516397, 19.69655588339005], [73.5670503048424, 19.696559870358588], [73.5669529048424, 19.69683477035859], [73.56695140432228, 19.69683835316578], [73.56694950513234, 19.69684176419679], [73.56694722908975, 19.696844964267015], [73.56685767404426, 19.696957345164662], [73.56677173024163, 19.697141630303275], [73.56679489055689, 19.697281225484737], [73.56689982126038, 19.697516441894393], [73.56708571855967, 19.69782580681172], [73.56708742076502, 19.69782900036358], [73.56708877766935, 19.6978323372897], [73.56723877766935, 19.698264437289698], [73.56723983582216, 19.698268146034522], [73.56747813582217, 19.699326146034522], [73.56747873231424, 19.699329629404517], [73.56750523231425, 19.699554029404517], [73.56750545851656, 19.699557286411956], [73.56750536986847, 19.69956054930729], [73.56750496710141, 19.699563791167993], [73.56750425353867, 19.699566985245088], [73.56745715353867, 19.699738685245087], [73.56745601611267, 19.69974211374028], [73.56745452080833, 19.699745418196084], [73.56745268256688, 19.699748565594028], [73.56734378256688, 19.69991476559403], [73.56734152906104, 19.699917835718033], [73.56723272906103, 19.70005073571803], [73.56723117099344, 19.7000525174973], [73.56714856667028, 19.70014102904638], [73.56711291939298, 19.700201355207955], [73.56712159523546, 19.70024819005246], [73.56719734125191, 19.700409412681942], [73.56734046652558, 19.700588962908665], [73.56749719894422, 19.700679619107888], [73.56773587637811, 19.70073916624317], [73.5677391106901, 19.700740119728785], [73.56774224240586, 19.700741339589865], [73.56774524683013, 19.70074281620715], [73.56774810027142, 19.70074453793673], [73.56775078022883, 19.700746491201848], [73.56784788022884, 19.700823991201847], [73.56785059417481, 19.70082638057308], [73.56785304847381, 19.700829007083005], [73.56785521986353, 19.70083184583708], [73.56785708776313, 19.700834869929075], [73.56785863446835, 19.7008380506961], [73.56791163446835, 19.700962750696096], [73.56791226961465, 19.70096435486628], [73.56796350347845, 19.70110381944827], [73.56804286534238, 19.70121338016414], [73.56814828289639, 19.701257983343325], [73.56827808971006, 19.701293278247345], [73.56828092838175, 19.701294164928758], [73.56837502838175, 19.701327464928756], [73.56837826696723, 19.701328774698432], [73.56838136339928, 19.701330360172296], [73.56838429126827, 19.70133220782776], [73.56838702560223, 19.701334301906076], [73.5683895430799, 19.70133662454674], [73.56839182222959, 19.70133915593983], [73.56839384361228, 19.701341874494958], [73.56844974361228, 19.70142497449496], [73.56845022062451, 19.701425702647825], [73.56850916830965, 19.701518130328875], [73.568572401127, 19.701572675351215], [73.56899227628463, 19.70179353795171], [73.56918547222895, 19.701857775603198], [73.56940083046264, 19.701884805159487], [73.56965240747816, 19.70189852754215], [73.56965582248077, 19.701898859433843], [73.56965919198885, 19.701899478903382], [73.56966248873792, 19.701900380938312], [73.56980958873793, 19.701947480938312], [73.5698130575446, 19.70194877290835], [73.56981637581504, 19.701950377529453], [73.56981951184886, 19.701952279472238], [73.56982243568669, 19.701954460566906], [73.56994003568668, 19.70205136056691], [73.56994260032599, 19.70205368116469], [73.56994492435335, 19.702056216476418], [73.56994698758173, 19.702058944479752], [73.57003228758172, 19.70218364447975], [73.57003444289936, 19.702187231902275], [73.57012219450226, 19.702355082929824], [73.57023180718006, 19.702534306521073], [73.57034910571605, 19.70266901503876], [73.5705039165741, 19.702812037278918], [73.57069728786286, 19.70293250759182], [73.57113757860243, 19.70308898273874], [73.5711401266734, 19.70308998895383], [73.57137429724315, 19.70319199695808], [73.57195273616921, 19.7034020752775], [73.5719560882886, 19.703403470277056], [73.57195928283194, 19.70340516155406], [73.57196229034145, 19.703407133512755], [73.57210349034145, 19.703509533512758], [73.57210641216918, 19.703511882269414], [73.5721090683776, 19.703514495688392], [73.57211143205019, 19.703517347286787], [73.57228477263457, 19.7037496995563], [73.57237190372079, 19.703860810798915], [73.57260193158572, 19.704009796122392], [73.57260490412486, 19.704011930620347], [73.57260764059549, 19.704014328677992], [73.57269287109375, 19.704096713848536], [73.57269287109375, 19.694793764303213], [73.57264455129575, 19.694816510393235], [73.57260044249689, 19.694816510393235], [73.57258876323203, 19.69483300410519], [73.57258876323203, 19.695006000107036], [73.5724819517086, 19.694905439068744], [73.5724819517086, 19.69516078649836], [73.57235251998226, 19.694917071431487], [73.57232340865652, 19.694917071431487], [73.57226292133828, 19.694860123760215], [73.57226292133828, 19.694642041993212], [73.57237873978097, 19.69475108287641], [73.57240312814972, 19.69475108287641], [73.57243381977578, 19.694712555425646], [73.57243381977578, 19.69461029742286], [73.57261301706362, 19.69461029742286], [73.57269287109375, 19.69457270688992], [73.57269287109375, 19.693668814496135], [73.5726548193958, 19.69367299090201], [73.57265375581832, 19.693673093442133]], [[73.56819172806223, 19.694509736384603], [73.56840653254348, 19.694509736384603], [73.56835831472935, 19.69457242200316], [73.56818812846642, 19.69466855830052], [73.56818812846642, 19.694793672828325], [73.56818603212004, 19.694796398185584], [73.56810627884347, 19.694796398185584], [73.56805725097658, 19.69484255699919], [73.5679477357914, 19.69473945051432], [73.5679477357914, 19.694566684055875], [73.56800822310964, 19.694509736384603], [73.5680936723284, 19.694509736384603], [73.5681427001953, 19.694463577571003], [73.56819172806223, 19.694509736384603]], [[73.56815235191829, 19.694957295846788], [73.56826817036172, 19.69484825496297], [73.56826817036172, 19.694747693924732], [73.56835632324217, 19.69466469964751], [73.5684053511091, 19.69471085846111], [73.56846583842734, 19.69471085846111], [73.56846583842734, 19.69480803054767], [73.56848720073204, 19.69482814275532], [73.56848720073204, 19.69484825496297], [73.56860301917547, 19.694957295846788], [73.56842671341379, 19.694957295846788], [73.56837768554689, 19.695003454660387], [73.56832865767996, 19.694957295846788], [73.56815235191829, 19.694957295846788]], [[73.56850856303673, 19.69603944845425], [73.56850856303673, 19.696054987422016], [73.56851216263254, 19.696058376373706], [73.56857264995078, 19.696058376373706], [73.56857264995078, 19.696226917898265], [73.56840793896711, 19.696278608661583], [73.5683791313104, 19.69622436492878], [73.56824680805703, 19.69622436492878], [73.56824680805703, 19.696082395187034], [73.5682895326664, 19.69606228297938], [73.5682895326664, 19.695925404131604], [73.56833640670102, 19.695837142089548], [73.56864574378484, 19.695837142089548], [73.5685362285993, 19.695940248574736], [73.56859725058534, 19.69599769962565], [73.56850856303673, 19.69603944845425]], [[73.5678926557966, 19.696707057912395], [73.56787129349192, 19.696727170120045], [73.56774311966379, 19.696727170120045], [73.56772175735911, 19.696747282327696], [73.5675809770159, 19.696747282327696], [73.56747776508827, 19.696650110241134], [73.56747776508827, 19.69650084494202], [73.56760166320002, 19.69650084494202], [73.5676443878094, 19.69656118156497], [73.56764506392996, 19.69656118156497], [73.56764866352577, 19.696557792613284], [73.56764866352577, 19.696460620526718], [73.56784993118723, 19.696460620526718], [73.56787129349192, 19.69648073273437], [73.56794899368963, 19.69648073273437], [73.56800118887116, 19.696579014295768], [73.56795585476699, 19.696707057912395], [73.5678926557966, 19.696707057912395]], [[73.56789974394955, 19.696981156929866], [73.56803318501015, 19.69690936707494], [73.56803318501015, 19.696831120109994], [73.56796068877922, 19.69676286627356], [73.5679944104735, 19.696722079226177], [73.56812278365413, 19.696722079226177], [73.56814414595881, 19.696681854810876], [73.56822184615652, 19.696681854810876], [73.56827087402345, 19.696635695997283], [73.5683803892086, 19.69673880248214], [73.5683803892086, 19.69676621024715], [73.56842311381797, 19.696786322454802], [73.56842311381797, 19.696882827451788], [73.56834178159092, 19.697010448719173], [73.56824061428553, 19.697073946794678], [73.56816318818598, 19.697055722990942], [73.56816150316368, 19.69705730940771], [73.56812796336735, 19.697215194841412], [73.56783765951619, 19.697098059579986], [73.56789974394955, 19.696981156929866]], [[73.56719645553152, 19.697893678163783], [73.56717509322684, 19.697893678163783], [73.5670932436039, 19.697816618284868], [73.5670932436039, 19.69772430065703], [73.56715373092214, 19.697667352985757], [73.56717869282265, 19.697667352985757], [73.56717869282265, 19.697663964034064], [73.56720005512734, 19.697643851826413], [73.56720005512734, 19.697586904155155], [73.56737636088829, 19.697586904155155], [73.56737636088829, 19.697695945038973], [73.5673549985836, 19.697716057246623], [73.5673549985836, 19.697853453748483], [73.56731227397422, 19.697853453748483], [73.56731227397422, 19.69800271904691], [73.56719645553152, 19.697893678163783]], [[73.5673182014818, 19.69800829968372], [73.56737249236055, 19.697928811685216], [73.56738871627371, 19.697928811685216], [73.56739231586953, 19.69792542273353], [73.56739231586953, 19.697899787821743], [73.56741370271106, 19.697868475062265], [73.56747416549246, 19.697868475062265], [73.56751689010183, 19.69782825064696], [73.56775673294743, 19.69782825064696], [73.56783944684634, 19.697983997803927], [73.56778224467735, 19.698037852569026], [73.56778224467735, 19.698111005842268], [73.5676059389164, 19.698194000119482], [73.5676059389164, 19.698103280085192], [73.56756591796875, 19.698140959053877], [73.56751689010183, 19.69809480024029], [73.56741007857839, 19.69809480024029], [73.5673182014818, 19.69800829968372]], [[73.56907190517795, 19.69871420900878], [73.5688948784511, 19.698764249570385], [73.56888187351058, 19.6987397617571], [73.56873211961461, 19.698810256993838], [73.56872697108429, 19.698811712341023], [73.56863735599072, 19.698727341417715], [73.56837692169988, 19.69880907274482], [73.56820791284099, 19.69861813035459], [73.56843430653868, 19.69831972678927], [73.56849060165759, 19.698584730761798], [73.56851525932994, 19.698587052235222], [73.5685529315914, 19.698391979748468], [73.56870957774424, 19.698318240046696], [73.56864229080593, 19.697938143733335], [73.56870215240568, 19.69792237434461], [73.56882932678087, 19.69822170504411], [73.56885866504771, 19.69819408361827], [73.56904051296831, 19.698296807454305], [73.56916072952852, 19.698226068936815], [73.56909060320174, 19.698325102861297], [73.56921696525033, 19.69839648335505], [73.56904005838231, 19.69839648335505], [73.56903147107838, 19.698408610532496], [73.56907714768951, 19.69840144325427], [73.56910984404476, 19.698678490280006], [73.56907190517795, 19.69871420900878]], [[73.56758842001904, 19.698879176338668], [73.56754725932579, 19.698853341660197], [73.56754725932579, 19.698968105014146], [73.56743144088308, 19.698859064131018], [73.56737293202481, 19.698859064131018], [73.56734959126015, 19.698755436229224], [73.56734959126015, 19.69867296336829], [73.56758457661171, 19.69867296336829], [73.56758457661171, 19.698632738952988], [73.56770039505442, 19.698632738952988], [73.56776088237267, 19.698689686624245], [73.56776088237267, 19.698802116459753], [73.56773952006797, 19.698822228667407], [73.56773952006797, 19.698988217221796], [73.56762370162527, 19.698879176338668], [73.56758842001904, 19.698879176338668]], [[73.56844807571848, 19.700407704120117], [73.56842671341379, 19.700427816327768], [73.56838398880441, 19.700427816327768], [73.56836262649973, 19.700447928535418], [73.56824680805703, 19.700447928535418], [73.56824680805703, 19.70039098086416], [73.56813098961359, 19.700281939980343], [73.56828593307058, 19.700281939980343], [73.56832865767996, 19.700241715565042], [73.56833225727577, 19.700241715565042], [73.56833225727577, 19.700201491149738], [73.56839274459402, 19.700201491149738], [73.56850856303673, 19.70009245026661], [73.56850856303673, 19.700258438821013], [73.56855759090396, 19.70030459763493], [73.56850856303673, 19.700350756448845], [73.56850856303673, 19.700407704120117], [73.56844807571848, 19.700407704120117]], [[73.57138346725027, 19.694228165477494], [73.57149928569298, 19.694119124594366], [73.57149928569298, 19.694252184290818], [73.57154201030235, 19.694272296498468], [73.57154201030235, 19.694316919639142], [73.57141338699934, 19.694401371769235], [73.57125889301797, 19.694425613965013], [73.57125889301797, 19.694370135219252], [73.5712283444997, 19.694355754791868], [73.57121154450896, 19.694308304166928], [73.57112930431883, 19.69429862571811], [73.57111061478335, 19.694333817409618], [73.57098118305703, 19.694333817409618], [73.57098118305703, 19.69407299028712], [73.57113228310597, 19.694167828854543], [73.57113486861508, 19.694167828854543], [73.57117287086012, 19.69409627205814], [73.57132480927972, 19.694060510267807], [73.57139818735837, 19.694129594347263], [73.57137724777228, 19.694228165477494], [73.57138346725027, 19.694228165477494]], [[73.57131217930143, 19.69446782322454], [73.57134023882635, 19.694449399761652], [73.57143947449529, 19.694449399761652], [73.57152570197049, 19.69432762744506], [73.57158473491172, 19.694288867301935], [73.57158473491172, 19.69450634743291], [73.57160609721642, 19.69452645964056], [73.57160609721642, 19.694529848592254], [73.57164882182579, 19.694529848592254], [73.57164882182579, 19.694659001683725], [73.57158833450754, 19.694715949354983], [73.57133533531672, 19.694715949354983], [73.57144485050226, 19.694612842869788], [73.57140842915078, 19.694578552853113], [73.57140842915078, 19.69455844064547], [73.57131217930143, 19.69446782322454]], [[73.56962134150079, 19.69524751540109], [73.56961669921877, 19.69525625664331], [73.56961338330305, 19.695250012898867], [73.5695766782711, 19.69526153193103], [73.5695766782711, 19.69539840325603], [73.56942142879706, 19.695325321027667], [73.56935074541681, 19.695225500420165], [73.56940037251015, 19.69508533149819], [73.56940037251015, 19.69505395027937], [73.56927509020822, 19.694994974815156], [73.56948035108871, 19.694898350188], [73.56951619095285, 19.69493209274527], [73.56961525345523, 19.69493209274527], [73.5696323808721, 19.69496434302625], [73.56983442263613, 19.694710718337227], [73.56975872854345, 19.695138305715645], [73.5696793403693, 19.695138305715645], [73.56965524274479, 19.6951836806352], [73.56969761929982, 19.69522357736388], [73.56962134150079, 19.69524751540109]], [[73.57169154643516, 19.69541139677719], [73.57171290873985, 19.69543150898484], [73.57171290873985, 19.69549184560781], [73.57174765395443, 19.695524557573165], [73.57173514738447, 19.69556322597045], [73.5716524214216, 19.695641110906912], [73.57151524067422, 19.695641110906912], [73.57151524067422, 19.69550371440505], [73.57149387836952, 19.6954836021974], [73.57149387836952, 19.69545098463842], [73.57147945757933, 19.69544193337012], [73.57143249511721, 19.695486147644004], [73.57132986467708, 19.695389523016992], [73.57139121627134, 19.69527400027533], [73.57147666549008, 19.69527400027533], [73.57151182289422, 19.69520780020724], [73.57175383483005, 19.695344510015804], [73.57169154643516, 19.695403153366797], [73.57169154643516, 19.69541139677719]], [[73.57207606791954, 19.69547173340014], [73.57207606791954, 19.69553207002311], [73.57219188636289, 19.695641110906912], [73.57201558060129, 19.695641110906912], [73.57199421829661, 19.695661223114563], [73.57183567524453, 19.695661223114563], [73.57183567524453, 19.695471733400154], [73.57189616256277, 19.695414785728882], [73.5718997621586, 19.695414785728882], [73.5718997621586, 19.69537456131358], [73.57205470561485, 19.69537456131358], [73.57205470561485, 19.69545162119249], [73.57207606791954, 19.69547173340014]], [[73.5696016401716, 19.696948404404203], [73.56955891556223, 19.696948404404203], [73.56951259135704, 19.69699201777119], [73.56951259135704, 19.697060732910327], [73.56912725135018, 19.697112560104785], [73.56910911327863, 19.697044103242018], [73.56926499766612, 19.696970722134107], [73.56925410188894, 19.696909173119764], [73.56917736106514, 19.696800798058664], [73.56925083637734, 19.69676621024715], [73.56925083637734, 19.69669941404904], [73.56941554736102, 19.69664772328573], [73.56941799870756, 19.696652339078952], [73.56980678581832, 19.696547757437635], [73.56959908259272, 19.69678241584913], [73.56977794593328, 19.69678241584913], [73.5696016401716, 19.696948404404203]], [[73.57158473491172, 19.696968516611854], [73.57158473491172, 19.69706907765011], [73.5715028852888, 19.69706907765011], [73.5714815229841, 19.69708918985776], [73.5713657045414, 19.69708918985776], [73.5713657045414, 19.69698014897396], [73.57138076358821, 19.69696597116492], [73.57127124840274, 19.69686286467973], [73.57140842915078, 19.69686286467973], [73.57140842915078, 19.69682264026443], [73.5716274595211, 19.69682264026443], [73.5716274595211, 19.696968516611854], [73.57158473491172, 19.696968516611854]], [[73.56882899760704, 19.69712941427306], [73.56882899760704, 19.697189750896012], [73.56867405415078, 19.697189750896012], [73.56867405415078, 19.697112691017097], [73.5686313295414, 19.697072466601796], [73.5686313295414, 19.697048965442455], [73.56849414879336, 19.697048965442455], [73.56860996723671, 19.696939924558652], [73.56860996723671, 19.69686286467973], [73.56880763530235, 19.69686286467973], [73.56880763530235, 19.696939924558638], [73.56882899760704, 19.69696003676629], [73.56882899760704, 19.6970002611816], [73.56896617835513, 19.69712941427306], [73.56882899760704, 19.69712941427306]], [[73.56897853373985, 19.69895114532372], [73.56899989604453, 19.69897125753137], [73.56899989604453, 19.699080298415172], [73.56895717143516, 19.699080298415172], [73.56895717143516, 19.699120522830473], [73.56864368492617, 19.699120522830473], [73.56875950336952, 19.69901148194667], [73.56875950336952, 19.698971257531355], [73.56878086567421, 19.698951145323704], [73.56878086567421, 19.698894197652447], [73.56897853373985, 19.698894197652447], [73.56897853373985, 19.69895114532372]]]}}, {"type": "Feature", "properties": {"id": 74, "area_m2": 1549.0, "perimeter_m": 221.6, "landuse": "Residential", "building_count": 1, "building_ids": [64], "has_unrecorded_building": true, "road_connected": true, "road_distance_m": 4.0, "gps_lat": 19.69552, "gps_lon": 73.565701}, "geometry": {"type": "Polygon", "coordinates": [[[73.5655201274455, 19.69524476590226], [73.56559068125988, 19.695643316429155], [73.56547259997382, 19.695698902082928], [73.56569454250506, 19.6958033794401], [73.56573581791206, 19.695725659402985], [73.56578610561267, 19.69570198694133], [73.56580761115217, 19.695620998699262], [73.56589121916535, 19.695620998699262], [73.56586368878331, 19.69543956334492], [73.5659754556989, 19.69533433689828], [73.56575156783381, 19.69533433689828], [73.56570884322444, 19.695414785728882], [73.56568458939273, 19.695414785728882], [73.56558602698317, 19.695229196423224], [73.5655201274455, 19.69524476590226]]]}}, {"type": "Feature", "properties": {"id": 75, "area_m2": 664.4, "perimeter_m": 117.9, "landuse": "Residential", "building_count": 1, "building_ids": [65], "has_unrecorded_building": true, "road_connected": true, "road_distance_m": 4.0, "gps_lat": 19.695664, "gps_lon": 73.564237}, "geometry": {"type": "Polygon", "coordinates": [[[73.56408115864296, 19.69557137972128], [73.56408115864296, 19.695604275443305], [73.56410252094766, 19.695624387650955], [73.56410252094766, 19.695701447529864], [73.56414524555703, 19.695701447529864], [73.56414524555703, 19.695761784152815], [73.56422709517996, 19.695761784152815], [73.56434291362267, 19.695870825035943], [73.56434291362267, 19.69553545897479], [73.56428242630442, 19.69553545897479], [73.56427588298781, 19.69552929856541], [73.56408115864296, 19.69557137972128]]]}}, {"type": "Feature", "properties": {"id": 76, "area_m2": 2887.8, "perimeter_m": 316.8, "landuse": "Residential", "building_count": 1, "building_ids": [67], "has_unrecorded_building": true, "road_connected": true, "road_distance_m": 4.0, "gps_lat": 19.695808, "gps_lon": 73.564796}, "geometry": {"type": "Polygon", "coordinates": [[[73.56474887218516, 19.696132102349317], [73.56519128656252, 19.696072617375698], [73.5652612570651, 19.69600674146495], [73.5650969348141, 19.695968064888593], [73.56507194363418, 19.6958974787125], [73.56492670802899, 19.6958974787125], [73.56494530673179, 19.695722375427355], [73.56483093150446, 19.695668534365826], [73.56486280890965, 19.695593504423844], [73.56477467441164, 19.695448294725512], [73.564776879951, 19.695439988830405], [73.56487736462849, 19.695439988830405], [73.56486484502686, 19.695398734438164], [73.56462194329669, 19.69545450935075], [73.56462143852933, 19.69545462183911], [73.56455659425166, 19.695468635095434], [73.56458333865122, 19.695493814444085], [73.56449208299068, 19.695730082031204], [73.56457896325125, 19.695770980095965], [73.56452525294789, 19.69592268181402], [73.5646934484131, 19.69592268181402], [73.56475641426384, 19.69599381920956], [73.56470780334705, 19.696131117998256], [73.56474887218516, 19.696132102349317]]]}}, {"type": "Feature", "properties": {"id": 77, "area_m2": 3321.0, "perimeter_m": 331.7, "landuse": "Residential", "building_count": 1, "building_ids": [73], "has_unrecorded_building": true, "road_connected": true, "road_distance_m": 4.0, "gps_lat": 19.696581, "gps_lon": 73.563969}, "geometry": {"type": "Polygon", "coordinates": [[[73.56388078467072, 19.696219884725778], [73.56377781391416, 19.696244120982918], [73.56382210732457, 19.69629972286551], [73.56373484767445, 19.69629972286551], [73.5637857551194, 19.696443508068274], [73.56373936176796, 19.69645806755723], [73.56373936176796, 19.696518404180186], [73.56369155665416, 19.696533406718373], [73.56363195944962, 19.696673680833264], [73.56365281439963, 19.696732802674628], [73.56378107577589, 19.69679318051002], [73.56381156765761, 19.696707057912395], [73.5638212113909, 19.696707057912395], [73.5638735620454, 19.69675634506795], [73.56391706411881, 19.69674269294027], [73.56394908287297, 19.69681805557574], [73.56403209350621, 19.69683759381281], [73.56414542067655, 19.6971576800041], [73.56417201518516, 19.69715361685882], [73.56417201518516, 19.696823824552627], [73.56422574004831, 19.69679853407907], [73.56418871892625, 19.696659115321584], [73.564240946884, 19.696652090801745], [73.56415293114378, 19.69652779305837], [73.56418221438508, 19.69627966647533], [73.56406357975855, 19.69630758954213], [73.56402886870913, 19.69620955014365], [73.56388078467072, 19.696219884725778]]]}}, {"type": "Feature", "properties": {"id": 78, "area_m2": 152.5, "perimeter_m": 55.6, "landuse": "Residential", "building_count": 1, "building_ids": [74], "has_unrecorded_building": true, "road_connected": true, "road_distance_m": 4.0, "gps_lat": 19.696695, "gps_lon": 73.562994}, "geometry": {"type": "Polygon", "coordinates": [[[73.56304251229946, 19.696775638474982], [73.56304157563189, 19.696772149395446], [73.56304101436214, 19.696768589604556], [73.56303731436213, 19.696732889604554], [73.5630371778428, 19.696731122677264], [73.56303038549149, 19.69659788809372], [73.56300133065596, 19.69659104944857], [73.56292001703225, 19.696744159940007], [73.56304303803098, 19.696777251926882], [73.56304251229946, 19.696775638474982]]]}}, {"type": "Feature", "properties": {"id": 79, "area_m2": 2062.3, "perimeter_m": 278.4, "landuse": "Residential", "building_count": 1, "building_ids": [83], "has_unrecorded_building": true, "road_connected": true, "road_distance_m": 80.8, "gps_lat": 19.697063, "gps_lon": 73.565598}, "geometry": {"type": "Polygon", "coordinates": [[[73.56549107075234, 19.69719844523541], [73.56549107075234, 19.69730651753624], [73.56568603515625, 19.697398295193977], [73.5657955503414, 19.697346741951545], [73.5657955503414, 19.69712432337919], [73.56571370071848, 19.69712432337919], [73.56571010112266, 19.697120934427502], [73.56571010112266, 19.697067893361908], [73.56558666182627, 19.697009785475206], [73.56559886846499, 19.69690635459055], [73.56590245616597, 19.6967634435383], [73.56588774525584, 19.696723077078907], [73.56533693758558, 19.69682679208908], [73.56544263295413, 19.696926302288528], [73.56542480231467, 19.697010238345232], [73.56543065258033, 19.697026762090147], [73.56530899595647, 19.697064941230416], [73.56549631675301, 19.6971972104827], [73.56549107075234, 19.69719844523541]]]}}, {"type": "Feature", "properties": {"id": 80, "area_m2": 658.7, "perimeter_m": 110.1, "landuse": "Residential", "building_count": 1, "building_ids": [84], "has_unrecorded_building": true, "road_connected": true, "road_distance_m": 48.8, "gps_lat": 19.697561, "gps_lon": 73.566222}, "geometry": {"type": "Polygon", "coordinates": [[[73.56630824565391, 19.69771266829493], [73.56630824565391, 19.697575271793053], [73.5663296079586, 19.697555159585402], [73.5663296079586, 19.69748295416522], [73.56630824565391, 19.69746284195757], [73.56630824565391, 19.697405894286298], [73.56615330219765, 19.697405894286298], [73.56615330219765, 19.697482954165213], [73.56608291202569, 19.697549225186794], [73.56613193989297, 19.697595384000717], [73.56613193989297, 19.69771266829493], [73.56630824565391, 19.69771266829493]]]}}, {"type": "Feature", "properties": {"id": 81, "area_m2": 821.5, "perimeter_m": 136.8, "landuse": "Residential", "building_count": 1, "building_ids": [88], "has_unrecorded_building": true, "road_connected": true, "road_distance_m": 63.4, "gps_lat": 19.698087, "gps_lon": 73.561046}, "geometry": {"type": "Polygon", "coordinates": [[[73.56120439924682, 19.698108074934574], [73.56115993022422, 19.698066208187075], [73.56115993022422, 19.698009260515818], [73.56109944290598, 19.698009260515818], [73.56109584331016, 19.698005871564124], [73.56109584331016, 19.697908699477566], [73.5609408998539, 19.697908699477566], [73.5609408998539, 19.697985759356474], [73.56091953754921, 19.698005871564124], [73.56091953754921, 19.698155136863242], [73.56096226215858, 19.698155136863242], [73.56096226215858, 19.698215473486194], [73.56102274947683, 19.698215473486194], [73.56113856791954, 19.69832451436932], [73.56113856791954, 19.69817863802258], [73.56120154427252, 19.69811934697197], [73.56120439924682, 19.698108074934574]]]}}, {"type": "Feature", "properties": {"id": 82, "area_m2": 971.8, "perimeter_m": 145.9, "landuse": "Residential", "building_count": 1, "building_ids": [89], "has_unrecorded_building": true, "road_connected": true, "road_distance_m": 82.6, "gps_lat": 19.698152, "gps_lon": 73.56137}, "geometry": {"type": "Polygon", "coordinates": [[[73.56116191539094, 19.69827581010915], [73.56130045943777, 19.69827581010915], [73.56134948730467, 19.69832196892275], [73.5613985151716, 19.69827581010915], [73.56148036479453, 19.69827581010915], [73.56148036479453, 19.698218862437884], [73.5615230894039, 19.69817863802258], [73.5615230894039, 19.698158525814936], [73.56163890784734, 19.69804948493112], [73.56144123978098, 19.69804948493112], [73.5614198774763, 19.698029372723468], [73.56137715286691, 19.698029372723468], [73.56135579056223, 19.698009260515818], [73.56123997211952, 19.698009260515818], [73.56123997211952, 19.69810643260239], [73.56121860981484, 19.69812654481004], [73.56121860981484, 19.69816676922533], [73.56118042858542, 19.698202716133938], [73.56116191539094, 19.69827581010915]]]}}, {"type": "Feature", "properties": {"id": 83, "area_m2": 4383.0, "perimeter_m": 364.3, "landuse": "Residential", "building_count": 1, "building_ids": [94], "has_unrecorded_building": true, "road_connected": true, "road_distance_m": 20.4, "gps_lat": 19.698535, "gps_lon": 73.56029}, "geometry": {"type": "Polygon", "coordinates": [[[73.56008694860932, 19.699003259489047], [73.56014365640935, 19.69878970218505], [73.56024702894285, 19.69877023752625], [73.56025185111694, 19.698756617567916], [73.5602709943338, 19.698846732459067], [73.56050001795299, 19.698815929398297], [73.56063463420364, 19.69872087539924], [73.56059451140946, 19.69856977597809], [73.56073317513093, 19.698526259550434], [73.56059034901357, 19.698459025500256], [73.56061298414669, 19.69833116219037], [73.56039503423845, 19.69826276361204], [73.56031485906662, 19.69808663564434], [73.56017185688515, 19.69815395257505], [73.56017185688515, 19.698266469281382], [73.55994692059971, 19.698195878188848], [73.56011126392568, 19.698427967409515], [73.56005767104648, 19.698444786305085], [73.56003630874179, 19.698505122928033], [73.55994975999394, 19.69853228426688], [73.56003157440492, 19.698994444631975], [73.56008694860932, 19.699003259489047]]]}}, {"type": "Feature", "properties": {"id": 84, "area_m2": 1712.4, "perimeter_m": 224.6, "landuse": "Residential", "building_count": 1, "building_ids": [98], "has_unrecorded_building": true, "road_connected": true, "road_distance_m": 122.8, "gps_lat": 19.699206, "gps_lon": 73.564163}, "geometry": {"type": "Polygon", "coordinates": [[[73.56438987967246, 19.699260538190764], [73.56437390197262, 19.69921541008004], [73.56445296347594, 19.699140975163225], [73.56436427592735, 19.699099226334628], [73.56436427592735, 19.699055095313653], [73.56428242630442, 19.699055095313653], [73.5642788267086, 19.699051706361963], [73.5642788267086, 19.698974646483048], [73.56414253390489, 19.698974646483048], [73.56408763024345, 19.69912971877363], [73.56414524555703, 19.699156840640104], [73.56414524555703, 19.69916346956336], [73.56414330693674, 19.69916711991235], [73.56412955648857, 19.69917143517504], [73.56394547572229, 19.699097160071233], [73.56388101434264, 19.699218538421796], [73.56399841308595, 19.69943959583467], [73.56406105423649, 19.69932164490698], [73.56406394576351, 19.69932164490698], [73.56410828953754, 19.6994051425637], [73.56417237645162, 19.699344805940747], [73.56419211959162, 19.699381981529932], [73.56430290066541, 19.699381981529932], [73.5643242629701, 19.69932164490698], [73.564353305793, 19.69932164490698], [73.56438987967246, 19.699260538190764]]]}}, {"type": "Feature", "properties": {"id": 85, "area_m2": 709.8, "perimeter_m": 122.2, "landuse": "Residential", "building_count": 1, "building_ids": [99], "has_unrecorded_building": true, "road_connected": true, "road_distance_m": 14.0, "gps_lat": 19.699443, "gps_lon": 73.55881}, "geometry": {"type": "Polygon", "coordinates": [[[73.55889552592735, 19.69958310360644], [73.55889552592735, 19.69954287919114], [73.55893825053673, 19.69954287919114], [73.55893825053673, 19.699336666220763], [73.5588564009138, 19.699336666220763], [73.55880737304688, 19.699290507407166], [73.55875834517995, 19.699336666220763], [73.55860340172305, 19.699336666220763], [73.5587192201664, 19.699445707104566], [73.5587192201664, 19.69958310360644], [73.55889552592735, 19.69958310360644]]]}}, {"type": "Feature", "properties": {"id": 86, "area_m2": 685.5, "perimeter_m": 118.5, "landuse": "Residential", "building_count": 1, "building_ids": [100], "has_unrecorded_building": true, "road_connected": true, "road_distance_m": 34.6, "gps_lat": 19.699461, "gps_lon": 73.555635}, "geometry": {"type": "Polygon", "coordinates": [[[73.55569118022423, 19.69960321581409], [73.55569118022423, 19.699546268142818], [73.55571254252891, 19.699526155935168], [73.55571254252891, 19.69950604372753], [73.5557339048336, 19.69948593151988], [73.5557339048336, 19.699465819312216], [73.55584972327695, 19.699356778428413], [73.55569477982004, 19.699356778428413], [73.55567341751535, 19.699336666220763], [73.55557536178152, 19.699336666220763], [73.55548720890069, 19.6994196604983], [73.55552993351007, 19.6994598849136], [73.55551487446327, 19.699474062722622], [73.55551487446327, 19.69960321581409], [73.55569118022423, 19.69960321581409]]]}}, {"type": "Feature", "properties": {"id": 87, "area_m2": 683.2, "perimeter_m": 121.5, "landuse": "Residential", "building_count": 1, "building_ids": [101], "has_unrecorded_building": false, "road_connected": true, "road_distance_m": 4.0, "gps_lat": 19.699469, "gps_lon": 73.558275}, "geometry": {"type": "Polygon", "coordinates": [[[73.55814352404123, 19.69960321581409], [73.5581815629534, 19.69960321581409], [73.55820292525809, 19.69962332802174], [73.55831874370078, 19.69962332802174], [73.55831874370078, 19.699566380350483], [73.55836146831017, 19.69952615593518], [73.55836146831017, 19.699506043727517], [73.55847728675352, 19.699397002843714], [73.55834010600547, 19.699397002843714], [73.55834010600547, 19.69931655401311], [73.55820367296644, 19.69931655401311], [73.55814352404123, 19.69960321581409]]]}}, {"type": "Feature", "properties": {"id": 88, "area_m2": 675.3, "perimeter_m": 107.9, "landuse": "Residential", "building_count": 1, "building_ids": [102], "has_unrecorded_building": true, "road_connected": true, "road_distance_m": 27.4, "gps_lat": 19.699524, "gps_lon": 73.560146}, "geometry": {"type": "Polygon", "coordinates": [[[73.56004368305703, 19.69966355243704], [73.56019862651328, 19.69966355243704], [73.56019862651328, 19.69960321581409], [73.56024135112266, 19.69960321581409], [73.56024135112266, 19.69956299139879], [73.56028407573204, 19.69956299139879], [73.56028407573204, 19.699417115051364], [73.5602022261091, 19.699417115051364], [73.56018086380442, 19.699397002843714], [73.56008280807059, 19.699397002843714], [73.56002232075234, 19.69945395051497], [73.56002232075234, 19.699586492558133], [73.56004368305703, 19.699606604765783], [73.56004368305703, 19.69966355243704]]]}}, {"type": "Feature", "properties": {"id": 89, "area_m2": 1864.0, "perimeter_m": 200.8, "landuse": "Residential", "building_count": 1, "building_ids": [103], "has_unrecorded_building": true, "road_connected": true, "road_distance_m": 146.1, "gps_lat": 19.699425, "gps_lon": 73.564522}, "geometry": {"type": "Polygon", "coordinates": [[[73.56425944193033, 19.69947847028361], [73.56444539244553, 19.699553499816023], [73.56437392765069, 19.699620782574808], [73.56450012700763, 19.69973959689324], [73.56457533210954, 19.699633390612036], [73.56472743510703, 19.699585656575927], [73.56472743510703, 19.69946095796236], [73.56468471049766, 19.699400621339407], [73.56468471049766, 19.699313165061422], [73.56464198588829, 19.69927294064612], [73.56464198588829, 19.69917321559007], [73.56448140135039, 19.6991228198171], [73.56438023090858, 19.699281569927273], [73.56438023090858, 19.699394431197938], [73.56431844542546, 19.699379888730675], [73.56425944193033, 19.69947847028361]]]}}, {"type": "Feature", "properties": {"id": 90, "area_m2": 701.6, "perimeter_m": 104.7, "landuse": "Residential", "building_count": 1, "building_ids": [104], "has_unrecorded_building": true, "road_connected": true, "road_distance_m": 19.8, "gps_lat": 19.699627, "gps_lon": 73.555184}, "geometry": {"type": "Polygon", "coordinates": [[[73.55532802104453, 19.699634960383833], [73.55528529643516, 19.69959473596853], [73.55528529643516, 19.699554511553238], [73.55522480911692, 19.699497563881966], [73.55504490376015, 19.699497563881966], [73.55504490376015, 19.699626716973427], [73.55508762836952, 19.699666941388728], [73.55508762836952, 19.69970716580404], [73.55514811568777, 19.699764113475297], [73.55522480911692, 19.699764113475297], [73.5552461714216, 19.699744001267646], [73.55532802104453, 19.699744001267646], [73.55532802104453, 19.699634960383833]]]}}, {"type": "Feature", "properties": {"id": 91, "area_m2": 681.3, "perimeter_m": 119.8, "landuse": "Residential", "building_count": 1, "building_ids": [106], "has_unrecorded_building": true, "road_connected": true, "road_distance_m": 158.8, "gps_lat": 19.699938, "gps_lon": 73.564797}, "geometry": {"type": "Polygon", "coordinates": [[[73.56487697123985, 19.700065796590057], [73.56487697123985, 19.70000884891878], [73.56489833354453, 19.699988736711127], [73.56489833354453, 19.699968624503494], [73.56491969584923, 19.699948512295844], [73.56491969584923, 19.6997304305289], [73.56480387740652, 19.699839471412027], [73.56474339008828, 19.699839471412027], [73.56474339008828, 19.699879695827327], [73.56465794086952, 19.699879695827327], [73.56465794086952, 19.700065796590057], [73.56487697123985, 19.700065796590057]]]}}, {"type": "Feature", "properties": {"id": 92, "area_m2": 718.8, "perimeter_m": 125.8, "landuse": "Residential", "building_count": 1, "building_ids": [107], "has_unrecorded_building": true, "road_connected": true, "road_distance_m": 4.0, "gps_lat": 19.699927, "gps_lon": 73.562747}, "geometry": {"type": "Polygon", "coordinates": [[[73.56278459258087, 19.69972316315943], [73.56278304114784, 19.699718798166124], [73.56271397114297, 19.699718798166124], [73.56271397114297, 19.699836082460333], [73.56271037154714, 19.699839471412027], [73.56262852192421, 19.699839471412027], [73.56262852192421, 19.699948512295844], [73.5626498842289, 19.699968624503494], [73.5626498842289, 19.700085908797707], [73.56280482768516, 19.700085908797707], [73.56280482768516, 19.700025572174752], [73.5628912513622, 19.700025572174752], [73.56278459258087, 19.69972316315943]]]}}, {"type": "Feature", "properties": {"id": 93, "area_m2": 1233.3, "perimeter_m": 147.7, "landuse": "Residential", "building_count": 1, "building_ids": [108], "has_unrecorded_building": true, "road_connected": true, "road_distance_m": 15.2, "gps_lat": 19.700024, "gps_lon": 73.566813}, "geometry": {"type": "Polygon", "coordinates": [[[73.56676920943777, 19.70020658204361], [73.56679057174246, 19.70022669425126], [73.56692775248985, 19.70022669425126], [73.56692775248985, 19.700117653367457], [73.56690768051212, 19.700098755978335], [73.56697047709922, 19.700000219637637], [73.56697047709922, 19.6998964190833], [73.56694911479454, 19.699876306875648], [73.56694911479454, 19.699819359204376], [73.56681193404715, 19.699819359204376], [73.56679057174246, 19.699839471412027], [73.56673008442421, 19.699839471412027], [73.56673008442421, 19.699879695827327], [73.56668735981484, 19.699879695827327], [73.56668735981484, 19.699956755706253], [73.56666599751016, 19.699976867913904], [73.56666599751016, 19.70003720453684], [73.5666350091602, 19.700066379484866], [73.56668464816272, 19.70020658204361], [73.56676920943777, 19.70020658204361]]]}}, {"type": "Feature", "properties": {"id": 94, "area_m2": 4957.4, "perimeter_m": 336.9, "landuse": "Residential", "building_count": 1, "building_ids": [109], "has_unrecorded_building": true, "road_connected": true, "road_distance_m": 74.4, "gps_lat": 19.699776, "gps_lon": 73.566141}, "geometry": {"type": "Polygon", "coordinates": [[[73.56612597817886, 19.70016590332567], [73.5661703168954, 19.700197211375766], [73.56630177405343, 19.70013532915616], [73.5662790362668, 19.700071107562167], [73.56638234093263, 19.700012751923463], [73.5663554849585, 19.699911614347517], [73.56640223182323, 19.699834594584807], [73.56648255180524, 19.699819781641526], [73.56640016004413, 19.699276789598713], [73.56572680944782, 19.699657157743808], [73.56581565474788, 19.699824450098248], [73.56586353918117, 19.699824450098248], [73.56585044021168, 19.69989844469717], [73.56598240376015, 19.700064099625518], [73.56598240376015, 19.70006461230186], [73.56581439684885, 19.700143699973722], [73.56608820468212, 19.70027259243359], [73.56612597817886, 19.70016590332567]], [[73.56631515550407, 19.69957829834995], [73.56631564911034, 19.69957620710539], [73.56631612373175, 19.699577994493904], [73.56631515550407, 19.69957829834995]]]}}, {"type": "Feature", "properties": {"id": 95, "area_m2": 1299.7, "perimeter_m": 159.1, "landuse": "Residential", "building_count": 1, "building_ids": [113], "has_unrecorded_building": false, "road_connected": true, "road_distance_m": 4.0, "gps_lat": 19.700474, "gps_lon": 73.559333}, "geometry": {"type": "Polygon", "coordinates": [[[73.55914420242335, 19.70052837736602], [73.55918018394956, 19.70052837736602], [73.55916680554334, 19.700540972883577], [73.55940153989259, 19.700671777861785], [73.55940466557273, 19.70067372069875], [73.55940757393408, 19.700675942622226], [73.55941023696751, 19.700678422233878], [73.55941262902655, 19.700681135653692], [73.5594147270744, 19.700684056749946], [73.55941651090566, 19.70068715739089], [73.5594179633411, 19.70069040771566], [73.55941907039298, 19.700693776421843], [73.55941974918667, 19.70069689888553], [73.5594688387084, 19.700708106858674], [73.55950814801821, 19.70063408890852], [73.55947230815391, 19.700600346351074], [73.55947230815391, 19.70059210294065], [73.55952133602115, 19.700545944126734], [73.55947230815391, 19.700499785312818], [73.55947230815391, 19.700491541902405], [73.55955307923983, 19.70041549744578], [73.55940437783252, 19.700322164395644], [73.55934029091846, 19.700322164395644], [73.55924045877316, 19.700259504338867], [73.55912510395547, 19.70040431019078], [73.55912510395547, 19.700517734804826], [73.55914420242335, 19.70052837736602]]]}}, {"type": "Feature", "properties": {"id": 96, "area_m2": 1199.1, "perimeter_m": 158.4, "landuse": "Residential", "building_count": 1, "building_ids": [114], "has_unrecorded_building": false, "road_connected": true, "road_distance_m": 4.0, "gps_lat": 19.700568, "gps_lon": 73.557843}, "geometry": {"type": "Polygon", "coordinates": [[[73.55773566693853, 19.700393833007013], [73.55766421905307, 19.700496462915815], [73.557669628113, 19.700726511873874], [73.55806267929208, 19.70068312533447], [73.55801878817458, 19.70043518936987], [73.55792521529715, 19.70052328647215], [73.55791285991172, 19.70052328647215], [73.55791285991172, 19.700402613226245], [73.5578096479841, 19.700402613226245], [73.55777318137655, 19.700368280601815], [73.55773566693853, 19.700393833007013]]]}}, {"type": "Feature", "properties": {"id": 97, "area_m2": 1442.2, "perimeter_m": 221.5, "landuse": "Residential", "building_count": 1, "building_ids": [115], "has_unrecorded_building": true, "road_connected": true, "road_distance_m": 4.0, "gps_lat": 19.700669, "gps_lon": 73.563054}, "geometry": {"type": "Polygon", "coordinates": [[[73.56324774553256, 19.700924533737528], [73.5632440994626, 19.700925340603522], [73.56324038694702, 19.700925807120182], [73.5632366437394, 19.7009259287947], [73.56323290588887, 19.700925704455283], [73.56322920939299, 19.70092513626245], [73.56322558985102, 19.700924229688194], [73.56322208212111, 19.700922993463333], [73.56321871998466, 19.700921439493385], [73.56321553582086, 19.70091958274393], [73.56321256029494, 19.700917441096475], [73.56320982206286, 19.700915035176262], [73.56320734749528, 19.70091238815362], [73.56320516042362, 19.700909525520814], [73.56320328191062, 19.700906474846573], [73.56320173004735, 19.70090326551055], [73.56320051977912, 19.700899928420412], [73.56319966276146, 19.700896495714154], [73.56319916724793, 19.700893000450623], [73.56317675462357, 19.700641182164546], [73.56314063013828, 19.70039704675411], [73.56304731621337, 19.700346844866477], [73.56292435586, 19.700462609724106], [73.5630252194997, 19.700510090332966], [73.56304812906167, 19.700574797096685], [73.5630250763919, 19.700603735302753], [73.56279041344175, 19.700603735302753], [73.56294177892288, 19.700746243053295], [73.5629088409719, 19.70087028489608], [73.56305439611477, 19.70087028489608], [73.56304371496242, 19.700930621519035], [73.56325082699685, 19.700930621519035], [73.56324909523937, 19.700924099850752], [73.56324774553256, 19.700924533737528]]]}}, {"type": "Feature", "properties": {"id": 98, "area_m2": 1107.6, "perimeter_m": 185.4, "landuse": "Residential", "building_count": 1, "building_ids": [116], "has_unrecorded_building": false, "road_connected": true, "road_distance_m": 4.0, "gps_lat": 19.700872, "gps_lon": 73.559214}, "geometry": {"type": "Polygon", "coordinates": [[[73.5594521491172, 19.700704296341005], [73.55942022671245, 19.700704296341005], [73.55941988335219, 19.700707775723878], [73.55941917298392, 19.70071123797946], [73.55941810558254, 19.70071461800963], [73.55941669142773, 19.700717883262858], [73.55941494413855, 19.700721002292962], [73.55941288054237, 19.70072394506198], [73.55941052051273, 19.700726683229437], [73.55940788677802, 19.70072919042528], [73.55940500470254, 19.700731442503855], [73.55940190204225, 19.7007334177764], [73.55939860867748, 19.70073509721997], [73.55939515632512, 19.700736464660597], [73.5593915782332, 19.700737506929087], [73.55938790886073, 19.700738213987822], [73.55938418354575, 19.70073857902744], [73.55938043816508, 19.70073859853241], [73.55937670878878, 19.70073827231489], [73.5593730313328, 19.700737603516533], [73.55936944121305, 19.700736598578228], [73.55936597300433, 19.700735267178086], [73.5593626601074, 19.700733622138216], [73.5592378496904, 19.700664071925704], [73.5591864792174, 19.700664071925704], [73.5591548797322, 19.700753322886744], [73.55912510395547, 19.700781356219927], [73.55912510395547, 19.70082496958691], [73.55910102999866, 19.70082496958691], [73.55897497437508, 19.701181006575407], [73.55917683548411, 19.700990958141986], [73.5591855912737, 19.700990958141986], [73.55923461914062, 19.701037116955572], [73.5593227720211, 19.70095412267838], [73.5593227720211, 19.70090689081569], [73.55936549663048, 19.700846554192736], [73.55936549663048, 19.700833449432466], [73.55949281545365, 19.70071358115762], [73.5594521491172, 19.700704296341005]]]}}, {"type": "Feature", "properties": {"id": 99, "area_m2": 941.3, "perimeter_m": 135.2, "landuse": "Residential", "building_count": 1, "building_ids": [118], "has_unrecorded_building": false, "road_connected": true, "road_distance_m": 4.0, "gps_lat": 19.701813, "gps_lon": 73.557601}, "geometry": {"type": "Polygon", "coordinates": [[[73.55739262206862, 19.701768615210224], [73.55734751857291, 19.701896007486265], [73.55743388228933, 19.701896007486265], [73.55745524459402, 19.701916119693916], [73.55757466263255, 19.701916119693916], [73.55761108398437, 19.701881829676914], [73.55767517089842, 19.701942166299858], [73.55772419876536, 19.701896007486265], [73.55780604838829, 19.701896007486265], [73.55780604838829, 19.701773861842184], [73.557732281997, 19.70166968733942], [73.55739262206862, 19.701768615210224]]]}}, {"type": "Feature", "properties": {"id": 100, "area_m2": 720.8, "perimeter_m": 123.3, "landuse": "Residential", "building_count": 1, "building_ids": [119], "has_unrecorded_building": true, "road_connected": true, "road_distance_m": 16.3, "gps_lat": 19.701899, "gps_lon": 73.568477}, "geometry": {"type": "Polygon", "coordinates": [[[73.56843906879921, 19.701959733060896], [73.56843906879921, 19.702016680732168], [73.56861537456017, 19.702016680732168], [73.56861537456017, 19.701810467761792], [73.5685512876461, 19.701810467761792], [73.5685512876461, 19.70177024334649], [73.56841410689871, 19.70177024334649], [73.56833225727577, 19.7018473032254], [73.56833225727577, 19.702045272784694], [73.5684310913086, 19.70195222240368], [73.56843906879921, 19.701959733060896]]]}}, {"type": "Feature", "properties": {"id": 101, "area_m2": 3283.0, "perimeter_m": 376.9, "landuse": "Residential", "building_count": 1, "building_ids": [120], "has_unrecorded_building": true, "road_connected": true, "road_distance_m": 4.0, "gps_lat": 19.701776, "gps_lon": 73.554921}, "geometry": {"type": "Polygon", "coordinates": [[[73.55506030823675, 19.701866347148517], [73.55505990181105, 19.701862841711318], [73.55505986229173, 19.70185931564827], [73.5550601900594, 19.701855802917283], [73.55506088195746, 19.701852337347884], [73.55506193132256, 19.701848952315395], [73.55506332804873, 19.701845680419527], [73.55506505868476, 19.701842553170433], [73.55506710656367, 19.701839600685226], [73.55506945196325, 19.701836851397957], [73.55507207229603, 19.701834331785758], [73.55507494232677, 19.70183206611388], [73.55511655508903, 19.701802364160304], [73.55515712260704, 19.701754622217305], [73.55515712260704, 19.701670866596434], [73.55528240490897, 19.701611891132217], [73.55511439799766, 19.701532803460353], [73.55511439799766, 19.70114291575884], [73.5551071228489, 19.701141596681914], [73.55495966339126, 19.701488672439382], [73.55484993136582, 19.701488672439382], [73.55480301592463, 19.70162118245308], [73.55484215819253, 19.701676460015456], [73.55462084471594, 19.70173599215011], [73.55470465881203, 19.701854356240176], [73.55462309364866, 19.701879953595373], [73.55467727559697, 19.70195647052164], [73.55455659066469, 19.702032218915953], [73.55456843441831, 19.702049809725423], [73.55485254905625, 19.7021092516326], [73.55498622416954, 19.70236095683714], [73.55498622416954, 19.701955744293812], [73.55506069876174, 19.701868098760897], [73.55506030823675, 19.701866347148517]]]}}, {"type": "Feature", "properties": {"id": 102, "area_m2": 704.7, "perimeter_m": 113.2, "landuse": "Residential", "building_count": 1, "building_ids": [121], "has_unrecorded_building": true, "road_connected": true, "road_distance_m": 121.1, "gps_lat": 19.702229, "gps_lon": 73.55911}, "geometry": {"type": "Polygon", "coordinates": [[[73.55895420551796, 19.702318363846928], [73.55901469283621, 19.702318363846928], [73.55906372070311, 19.702364522660528], [73.55911274857004, 19.702318363846928], [73.55921956009348, 19.702318363846928], [73.55930771297427, 19.70223536956939], [73.55925868510704, 19.702189210755474], [73.55925868510704, 19.702132263084202], [73.55910374165077, 19.702132263084202], [73.55910374165077, 19.702143895446948], [73.55909138626535, 19.702132263084202], [73.55895420551796, 19.702132263084202], [73.55895420551796, 19.702318363846928]]]}}, {"type": "Feature", "properties": {"id": 103, "area_m2": 705.5, "perimeter_m": 122.4, "landuse": "Residential", "building_count": 1, "building_ids": [122], "has_unrecorded_building": true, "road_connected": true, "road_distance_m": 82.7, "gps_lat": 19.702214, "gps_lon": 73.554194}, "geometry": {"type": "Polygon", "coordinates": [[[73.55401320987725, 19.702275593984698], [73.55410136275809, 19.70235858826223], [73.55419941849192, 19.70235858826223], [73.55425990581016, 19.702301640590957], [73.55425990581016, 19.70228152838332], [73.55428126811485, 19.70226141617567], [73.55428126811485, 19.702258027223976], [73.55432399272422, 19.702258027223976], [73.55432399272422, 19.702003109993353], [73.55420817428153, 19.70211215087655], [73.55412632465858, 19.70211215087655], [73.55412632465858, 19.702152375291853], [73.55408360004921, 19.702152375291853], [73.55408360004921, 19.702209322963117], [73.55401320987725, 19.702275593984698]]]}}, {"type": "Feature", "properties": {"id": 104, "area_m2": 647.2, "perimeter_m": 106.3, "landuse": "Residential", "building_count": 1, "building_ids": [123], "has_unrecorded_building": true, "road_connected": true, "road_distance_m": 119.8, "gps_lat": 19.702251, "gps_lon": 73.553605}, "geometry": {"type": "Polygon", "coordinates": [[[73.553466796875, 19.70235858826223], [73.55357631206016, 19.70235858826223], [73.55357631206016, 19.702346955899483], [73.55361633300781, 19.702384634868178], [73.55368672317941, 19.702318363846928], [73.55374721049766, 19.702318363846928], [73.55374721049766, 19.702152375291853], [73.55368672317941, 19.702152375291853], [73.55366536087473, 19.702132263084202], [73.55359611044872, 19.702132263084202], [73.55353202353466, 19.702172487499503], [73.553466796875, 19.702172487499503], [73.553466796875, 19.70235858826223]]]}}, {"type": "Feature", "properties": {"id": 105, "area_m2": 1789.1, "perimeter_m": 194.2, "landuse": "Residential", "building_count": 1, "building_ids": [124], "has_unrecorded_building": true, "road_connected": true, "road_distance_m": 134.0, "gps_lat": 19.703089, "gps_lon": 73.556719}, "geometry": {"type": "Polygon", "coordinates": [[[73.5569301938961, 19.703303862021812], [73.5569301938961, 19.7031476240921], [73.55686610698204, 19.703006838638547], [73.55686610698204, 19.702944564601683], [73.55679625147806, 19.702813029318204], [73.55670756392996, 19.70289652697493], [73.55660075240652, 19.70289652697493], [73.55657939010183, 19.70291663918258], [73.55640308434019, 19.70291663918258], [73.55654026508827, 19.70304579227404], [73.55654026508827, 19.70313384796097], [73.55659687691961, 19.703169380609847], [73.55656830886834, 19.703303862021812], [73.5569301938961, 19.703303862021812]]]}}, {"type": "Feature", "properties": {"id": 106, "area_m2": 3063.0, "perimeter_m": 289.9, "landuse": "Residential", "building_count": 1, "building_ids": [125], "has_unrecorded_building": true, "road_connected": true, "road_distance_m": 186.3, "gps_lat": 19.703434, "gps_lon": 73.567477}, "geometry": {"type": "Polygon", "coordinates": [[[73.56748677200754, 19.703786555005426], [73.56757579920212, 19.70370273757794], [73.56756067196757, 19.703645769551873], [73.56781261390195, 19.703645769551873], [73.56770397303025, 19.70354348621664], [73.56771980619284, 19.703483859718723], [73.56768789695434, 19.703333649982348], [73.56763747200594, 19.703317825269178], [73.56775799084646, 19.703261092159575], [73.56762053245342, 19.703196384915092], [73.56754455566404, 19.70298179276505], [73.56747690483358, 19.703172868714525], [73.56730640353169, 19.70315503274058], [73.56723706654789, 19.703220312205374], [73.56725842885257, 19.703320873243616], [73.56720226218324, 19.70337375310527], [73.5672641420414, 19.703461141187322], [73.5672641420414, 19.70349650425277], [73.56720473326018, 19.70355243650175], [73.56731176116207, 19.70361961300474], [73.56733709237203, 19.703786555005426], [73.56748677200754, 19.703786555005426]]]}}, {"type": "Feature", "properties": {"id": 107, "area_m2": 977.1, "perimeter_m": 166.9, "landuse": "Residential", "building_count": 1, "building_ids": [126], "has_unrecorded_building": true, "road_connected": false, "road_distance_m": 386.5, "gps_lat": 19.704468, "gps_lon": 73.562856}, "geometry": {"type": "Polygon", "coordinates": [[[73.5626554, 19.704454], [73.5626498842289, 19.704458333820146], [73.5626498842289, 19.704639747571665], [73.56278706497629, 19.70451059448085], [73.56284214497109, 19.70451059448085], [73.56284214497109, 19.704550818896152], [73.56290263228934, 19.704550818896152], [73.56297302246092, 19.704617089917395], [73.56315563148016, 19.704445166964028], [73.56301845073203, 19.704445166964028], [73.56301845073203, 19.704384830341077], [73.56292915810596, 19.704384830341077], [73.5628650711919, 19.704344605925773], [73.56267124653358, 19.704344605925773], [73.56267124653358, 19.704401553597048], [73.56266026944486, 19.704411888319402], [73.5626554, 19.704454]]]}}, {"type": "Feature", "properties": {"id": 108, "area_m2": 1191.9, "perimeter_m": 196.1, "landuse": "Residential", "building_count": 1, "building_ids": [127], "has_unrecorded_building": true, "road_connected": false, "road_distance_m": 314.2, "gps_lat": 19.704647, "gps_lon": 73.556789}, "geometry": {"type": "Polygon", "coordinates": [[[73.55663212788048, 19.70460606462523], [73.55658906785472, 19.70460606462523], [73.55682338237266, 19.70493696868567], [73.55682338237266, 19.704740308609914], [73.55686340332029, 19.704777987578606], [73.55691243118723, 19.704731828765006], [73.55699428081016, 19.704731828765006], [73.55699428081016, 19.704674881093748], [73.55705368959141, 19.70461894884477], [73.55690498818409, 19.70452561579463], [73.55683573775808, 19.70452561579463], [73.55680542485919, 19.7045541548182], [73.55677097472346, 19.70450550358698], [73.55647191059535, 19.70450550358698], [73.55663212788048, 19.70460606462523]]]}}, {"type": "Feature", "properties": {"id": 109, "area_m2": 1675.6, "perimeter_m": 249.2, "landuse": "Residential", "building_count": 1, "building_ids": [128], "has_unrecorded_building": true, "road_connected": false, "road_distance_m": 413.3, "gps_lat": 19.705265, "gps_lon": 73.560033}, "geometry": {"type": "Polygon", "coordinates": [[[73.5600308075263, 19.705556517741957], [73.56017084628368, 19.705622439668662], [73.56023178452642, 19.705450323044154], [73.56018267153289, 19.70541564382513], [73.56026541708948, 19.70541564382513], [73.56011431703992, 19.705225966689486], [73.56006614536687, 19.70519573154069], [73.5600079553667, 19.70475745322433], [73.55998103092814, 19.704756527065296], [73.55989940992225, 19.70514075026655], [73.55987278461953, 19.70516581748777], [73.55987278461953, 19.70524626631836], [73.5597827383668, 19.70533104316987], [73.5599866504641, 19.70536943904993], [73.5600308075263, 19.705556517741957]]]}}, {"type": "Feature", "properties": {"id": 110, "area_m2": 817.2, "perimeter_m": 141.7, "landuse": "Residential", "building_count": 1, "building_ids": [129], "has_unrecorded_building": true, "road_connected": false, "road_distance_m": 412.7, "gps_lat": 19.705579, "gps_lon": 73.567483}, "geometry": {"type": "Polygon", "coordinates": [[[73.5675258970211, 19.70573743914754], [73.5675258970211, 19.70569721473224], [73.56756862163047, 19.70569721473224], [73.56756862163047, 19.705636878109285], [73.56757222122629, 19.705636878109285], [73.56772716468328, 19.70549100176186], [73.56757222122629, 19.70549100176186], [73.5675508589216, 19.70547088955421], [73.56747416549246, 19.70547088955421], [73.56745910644531, 19.70548506736356], [73.56734959126015, 19.70538196087866], [73.56734959126015, 19.70562015485331], [73.56737095356483, 19.705640267060964], [73.56737095356483, 19.70573743914754], [73.5675258970211, 19.70573743914754]]]}}, {"type": "Feature", "properties": {"id": 111, "area_m2": 861.9, "perimeter_m": 168.6, "landuse": "Residential", "building_count": 1, "building_ids": [130], "has_unrecorded_building": true, "road_connected": false, "road_distance_m": 666.0, "gps_lat": 19.707177, "gps_lon": 73.565598}, "geometry": {"type": "Polygon", "coordinates": [[[73.56588099956016, 19.707243309274403], [73.56588099956016, 19.707051274113738], [73.565771484375, 19.707154380598574], [73.56575642532785, 19.707140202789216], [73.56568458939273, 19.707140202789216], [73.56566322708804, 19.707099978373915], [73.56555930709165, 19.707099978373915], [73.56554581850318, 19.70712537687804], [73.56539390878096, 19.707089621842215], [73.56536704634945, 19.707140202789216], [73.56527889346864, 19.707140202789216], [73.56533365106138, 19.707243309274403], [73.56588099956016, 19.707243309274403]]]}}, {"type": "Feature", "properties": {"id": 112, "area_m2": 1676260.3, "perimeter_m": 18677.0, "landuse": "Government", "building_count": 0, "building_ids": [], "has_unrecorded_building": false, "road_connected": true, "road_distance_m": 4.0, "gps_lat": 19.702723, "gps_lon": 73.562512}, "geometry": {"type": "Polygon", "coordinates": [[[73.57269287109375, 19.704199712211306], [73.5725555772719, 19.704067001794737], [73.57232336841427, 19.70391660387761], [73.57232002568574, 19.7039141716506], [73.57231698895926, 19.703911406498293], [73.57231429544284, 19.7039083423012], [73.57222309544284, 19.7037920423012], [73.57222256794981, 19.703791352713214], [73.57205230712943, 19.703563128675757], [73.57192009695352, 19.703467248208234], [73.5713456638308, 19.7032586247225], [73.57134337332661, 19.70325771104617], [73.57110932800552, 19.703155757602005], [73.57066632139757, 19.702998317261258], [73.57066242134425, 19.702996691375034], [73.57065873834121, 19.70299466593332], [73.57045873834122, 19.702870065933322], [73.57045579374828, 19.702868034346874], [73.57045306879074, 19.70286574718652], [73.57029416879074, 19.702718947186522], [73.57029138456834, 19.702716080851683], [73.57017078456833, 19.702577580851685], [73.5701688990217, 19.70257522440123], [73.5701672251626, 19.70257273026106], [73.57005542516261, 19.70238993026106], [73.57005425710064, 19.702387868097723], [73.56996692531376, 19.702220820093164], [73.56988572139494, 19.702102108150868], [73.56977785351697, 19.702013227220796], [73.56964281822361, 19.7019699902234], [73.56939499252184, 19.70195647245785], [73.56939215666607, 19.701956217511405], [73.56917145666607, 19.701928517511405], [73.56916757576776, 19.701927836499703], [73.56916379034938, 19.701926781704103], [73.56896379034939, 19.701860281704104], [73.5689607806838, 19.70185914338293], [73.56895788454358, 19.701857768588024], [73.56853128454357, 19.701633368588023], [73.56852755034657, 19.70163112724048], [73.56852411705734, 19.701628493734148], [73.56845351705735, 19.701567593734147], [73.56845093553518, 19.7015651419712], [73.56844861583708, 19.70156246828387], [73.56844657937549, 19.701559597352176], [73.56838501327779, 19.70146306410191], [73.56833619952745, 19.701390498401487], [73.56825547248935, 19.7013619308099], [73.56812451028995, 19.701326321752656], [73.56811945513098, 19.701324574972414], [73.56800175513098, 19.701274774972415], [73.56799863467758, 19.701273289338122], [73.56799567174214, 19.701271541058063], [73.56799289119581, 19.701269544807474], [73.5679903163788, 19.701267317343074], [73.56798796890435, 19.70126487736242], [73.5679858684774, 19.701262245346946], [73.56789756847739, 19.701140345346946], [73.5678957910272, 19.70113764187356], [73.56789427437161, 19.701134801055034], [73.56789303038535, 19.70113184513372], [73.56784042765753, 19.700988654343455], [73.56779128781568, 19.70087303664007], [73.56770799331223, 19.70080655544524], [73.56747222362189, 19.70074773375683], [73.56746868617157, 19.700746675412137], [73.56746527464573, 19.700745298559596], [73.56746202131116, 19.70074361622171], [73.56729432131117, 19.70064661622171], [73.56729135667842, 19.70064471518911], [73.56728859469817, 19.70064256052258], [73.56728605976627, 19.700640171253745], [73.56728377427315, 19.700637568486407], [73.56713367427314, 19.700449268486405], [73.56713127265267, 19.700445869285662], [73.56712929608015, 19.70044223554377], [73.56704989608016, 19.70027323554377], [73.56704827778526, 19.700269131963708], [73.56704720148014, 19.700264873573268], [73.56703540148013, 19.70020117357327], [73.5670349426044, 19.700197709356672], [73.56703484295981, 19.700194219565926], [73.56703510348697, 19.700190737141853], [73.56703572172668, 19.700187294955725], [73.56703669184328, 19.70018392549901], [73.56703800467965, 19.70018066057667], [73.56703964784366, 19.700177531006936], [73.56708384784366, 19.700102731006936], [73.56708601138277, 19.700099489189803], [73.56708852900655, 19.700096482502698], [73.56717301956819, 19.700005949825865], [73.56727985940272, 19.699875444182414], [73.56738468888744, 19.69971545648396], [73.56742859269205, 19.699555408007267], [73.56740307499602, 19.699339326083148], [73.56716558785361, 19.698284934993456], [73.56701740572666, 19.697858071679743], [73.56683228144034, 19.69754999318828], [73.56683031155846, 19.697546214201353], [73.56672271155846, 19.697305014201355], [73.566721181414, 19.697300901913476], [73.56672019121201, 19.69729664548961], [73.56669459121201, 19.69714234548961], [73.56669420302403, 19.69713896075234], [73.5666941568131, 19.697135556619102], [73.56669445299406, 19.697132163647055], [73.5666950889082, 19.69712881229318], [73.5666960588473, 19.69712553264086], [73.56669735410468, 19.69712235412986], [73.56678955410467, 19.696924654129862], [73.56679154495446, 19.696920975280946], [73.56679397091024, 19.696917535732986], [73.5668824546559, 19.69680649918882], [73.56697649993147, 19.696541067502416], [73.5670066339567, 19.696233347082053], [73.5670066339567, 19.6958926], [73.5670067681763, 19.69588958913688], [73.56700716989106, 19.69588659945053], [73.56700783627554, 19.69588365196879], [73.56705393627553, 19.695714851968788], [73.56705500776312, 19.695711582701144], [73.56705640465445, 19.69570842419714], [73.56705811428512, 19.695705405092184], [73.5670601211554, 19.695702552757883], [73.56722912115539, 19.695485552757884], [73.56723238144413, 19.6954819018553], [73.56735538144413, 19.695361401855298], [73.56735689977712, 19.695359995156224], [73.56751506067661, 19.69522142689959], [73.5675373004754, 19.695119207749002], [73.56747523237034, 19.69490134582229], [73.56744319298586, 19.69481086422728], [73.56744214478329, 19.69480730326553], [73.56744149056642, 19.69480365978178], [73.56744123725383, 19.69479997230702], [73.56743833725383, 19.694592272307023], [73.5674386092496, 19.69458749197546], [73.56745747858113, 19.694440384468567], [73.5673822900987, 19.694337577409822], [73.5673053673111, 19.69431722270832], [73.56684607642329, 19.694290026561262], [73.56634599874025, 19.69437129648445], [73.56603588224877, 19.694596072354532], [73.56603263168822, 19.694598185510067], [73.56602916654371, 19.69459997102673], [73.56602552393467, 19.694601409777672], [73.56592073620914, 19.694636914498627], [73.5660163954822, 19.69491388873366], [73.56601654409211, 19.694914328610405], [73.5660460440921, 19.695003628610404], [73.56604695793379, 19.695006944889897], [73.5660475321525, 19.69501032803509], [73.56604776152797, 19.69501374728963], [73.56604826152797, 19.695044347289627], [73.56604812022661, 19.695048038004913], [73.56604757729899, 19.695051695571916], [73.56604663848029, 19.695055281353966], [73.56604531368771, 19.695058757472687], [73.56603501368771, 19.695081957472688], [73.56603368458269, 19.695084635848985], [73.56603212612059, 19.695087202297863], [73.56601692612058, 19.695110002297863], [73.56601474638411, 19.69511293633961], [73.56601226731968, 19.695115651579233], [73.56600951354227, 19.69511812105672], [73.56600651239458, 19.695120320252254], [73.56600329367545, 19.695122227329698], [73.56597909367545, 19.695135027329698], [73.56597607388017, 19.695136462683838], [73.56597293095025, 19.69513764065298], [73.56596968957666, 19.695138551982954], [73.56558602698317, 19.695229196423224], [73.56568458939273, 19.695414785728882], [73.56570884322444, 19.695414785728882], [73.56575156783381, 19.69533433689828], [73.5659754556989, 19.69533433689828], [73.56586368878331, 19.69543956334492], [73.56589121916535, 19.695620998699262], [73.56580761115217, 19.695620998699262], [73.56578610561267, 19.69570198694133], [73.56573581791206, 19.695725659402985], [73.56569454250506, 19.6958033794401], [73.56547259997382, 19.695698902082928], [73.56559068125988, 19.695643316429155], [73.5655201274455, 19.69524476590226], [73.56540380954671, 19.69527224726481], [73.56505032951134, 19.69535614252639], [73.56505004329668, 19.69535620935075], [73.56486484502686, 19.695398734438164], [73.56487736462849, 19.695439988830405], [73.564776879951, 19.695439988830405], [73.56477467441164, 19.695448294725512], [73.56486280890965, 19.695593504423844], [73.56483093150446, 19.695668534365826], [73.56494530673179, 19.695722375427355], [73.56492670802899, 19.6958974787125], [73.56507194363418, 19.6958974787125], [73.5650969348141, 19.695968064888593], [73.5652612570651, 19.69600674146495], [73.56519128656252, 19.696072617375698], [73.56528640415722, 19.696059828307575], [73.565290133491, 19.69605950165965], [73.56529387887419, 19.69605952073237], [73.56529760423668, 19.69605988534205], [73.56530127370118, 19.696060591977297], [73.56530485192877, 19.69606163383283], [73.56530830445917, 19.696063000875014], [73.56531159804258, 19.696064679938484], [73.56531470096003, 19.696066654852935], [73.5653175833287, 19.69606890659887], [73.56532021738984, 19.69607141349074], [73.56532257777597, 19.696074151385805], [73.5653246417553, 19.696077093916642], [73.56532638945058, 19.69608021274507], [73.56532780403052, 19.69608347783506], [73.56532887187197, 19.69608685774202], [73.56532958269104, 19.696090319915594], [73.56532992964213, 19.696093831013158], [73.56532990938393, 19.69609735722092], [73.56532952211153, 19.696100864579577], [73.56532877155456, 19.696104319311345], [73.56532766494134, 19.69610768814527], [73.5653262129291, 19.696110938637638], [73.56532442950154, 19.69611403948443], [73.56532233183407, 19.6961169608228], [73.56531994012832, 19.69611967451866], [73.56531727741776, 19.69612215443763], [73.56531436934574, 19.696124376696748], [73.56531124391859, 19.696126319894432], [73.56530793123586, 19.69612796531663], [73.56530446320053, 19.696129297117025], [73.56530087321164, 19.69613030246966], [73.56529719584277, 19.696130971692426], [73.56475649584277, 19.696203671692427], [73.56475332002444, 19.696203971771556], [73.56475012867983, 19.696204020972797], [73.56427222731634, 19.69619256647992], [73.56402886870913, 19.69620955014365], [73.56406357975855, 19.69630758954213], [73.56418221438508, 19.69627966647533], [73.56415293114378, 19.69652779305837], [73.564240946884, 19.696652090801745], [73.56418871892625, 19.696659115321584], [73.56422574004831, 19.69679853407907], [73.56417201518516, 19.696823824552627], [73.56417201518516, 19.69715361685882], [73.56414542067655, 19.6971576800041], [73.56403209350621, 19.69683759381281], [73.56394908287297, 19.69681805557574], [73.56391706411881, 19.69674269294027], [73.5638735620454, 19.69675634506795], [73.5638212113909, 19.696707057912395], [73.56381156765761, 19.696707057912395], [73.56378107577589, 19.69679318051002], [73.56365281439963, 19.696732802674628], [73.56363195944962, 19.696673680833264], [73.56369155665416, 19.696533406718373], [73.56373936176796, 19.696518404180186], [73.56373936176796, 19.69645806755723], [73.5637857551194, 19.696443508068274], [73.56373484767445, 19.69629972286551], [73.56382210732457, 19.69629972286551], [73.56377781391416, 19.696244120982918], [73.56388078467072, 19.696219884725778], [73.56372550417157, 19.696230721539038], [73.56309136604331, 19.69628074767556], [73.56309136604331, 19.696295038165864], [73.56311337703707, 19.69672679227436], [73.56311661301316, 19.69675801507066], [73.56312395327176, 19.696780542071206], [73.56317718705404, 19.696922432488993], [73.5631782105555, 19.696925625231646], [73.5631870105555, 19.696958525231647], [73.56318776019157, 19.69696207373687], [73.56318812700624, 19.696965675227137], [73.56318962700625, 19.696996875227136], [73.56318966600523, 19.696998449242546], [73.56319006584621, 19.69726494326712], [73.56319356502327, 19.697715537294417], [73.56319334366682, 19.69771967325516], [73.56318134366683, 19.69782387325516], [73.56318068732311, 19.69782766613133], [73.5631796045, 19.69783137132496], [73.56315880449999, 19.69789007132496], [73.5631570491226, 19.69789416738718], [73.5631028491226, 19.69800116738718], [73.56310263755381, 19.698001578318596], [73.5630316375538, 19.698137278318598], [73.56303138654039, 19.698137749327795], [73.56281795290359, 19.698531021489046], [73.56267137321292, 19.698861413679484], [73.56266289233362, 19.69898443407468], [73.56265690509846, 19.699078877880822], [73.56266891526764, 19.699171235150764], [73.56285699341569, 19.699700397441585], [73.56285702132575, 19.699700476269932], [73.56297455254094, 19.70003371183301], [73.56299539092522, 19.700064753243616], [73.56301965907916, 19.700095487000624], [73.56305037174802, 19.70012150868548], [73.56309973174685, 19.700156919119408], [73.56310291656824, 19.700159475493294], [73.56310578494032, 19.700162344804554], [73.56314588494031, 19.700207144804555], [73.56314769167304, 19.70020932877226], [73.56314931446678, 19.700211637206507], [73.56317991446679, 19.700259037206507], [73.56318136448544, 19.700261495096118], [73.56318260594915, 19.70026405219794], [73.56320410594915, 19.70031335219794], [73.56320519455907, 19.700316179807405], [73.56320602818893, 19.700319083223075], [73.56320660099831, 19.700322042103632], [73.56325250099832, 19.70063224210363], [73.56325273275208, 19.700634199549377], [73.56327523275208, 19.70088699954938], [73.56327536198941, 19.700890523708892], [73.56327512370594, 19.700894042824803], [73.56327452019643, 19.700897523006102], [73.56327355727304, 19.700900930736736], [73.56327224420922, 19.700904233198404], [73.56327059365051, 19.70090739858659], [73.56326862149271, 19.700910396416873], [73.56326634672874, 19.700913197818515], [73.56326379126585, 19.700915775812483], [73.56326097971453, 19.700918105571283], [73.56325793915155, 19.700920164658072], [73.56325469885923, 19.70092193324271], [73.56325129004331, 19.70092339429277], [73.56324909523937, 19.700924099850752], [73.56325082699685, 19.700930621519035], [73.56304371496242, 19.700930621519035], [73.56305439611477, 19.70087028489608], [73.5629088409719, 19.70087028489608], [73.56294177892288, 19.700746243053295], [73.56279041344175, 19.700603735302753], [73.5630250763919, 19.700603735302753], [73.56304812906167, 19.700574797096685], [73.5630252194997, 19.700510090332966], [73.56292435586, 19.700462609724106], [73.56304731621337, 19.700346844866477], [73.56314063013828, 19.70039704675411], [73.56313166386225, 19.70033645113705], [73.56311313091688, 19.70029395466231], [73.56308561608371, 19.700251333646243], [73.56305012425004, 19.700211681921825], [73.56300286825315, 19.70017778088059], [73.56300046944197, 19.700175909498558], [73.56296576944197, 19.70014650949856], [73.5629630808311, 19.70014399305054], [73.56296067066027, 19.700141237888392], [73.56293327066028, 19.70010653788839], [73.5629316375323, 19.700104297446224], [73.5629075375323, 19.700068397446223], [73.56290530372603, 19.700064573956467], [73.56290357867424, 19.700060523730066], [73.5628912513622, 19.700025572174752], [73.56280482768516, 19.700025572174752], [73.56280482768516, 19.700085908797707], [73.5626498842289, 19.700085908797707], [73.5626498842289, 19.699968624503494], [73.56262852192421, 19.699948512295844], [73.56262852192421, 19.699839471412027], [73.56271037154714, 19.699839471412027], [73.56271397114297, 19.699836082460333], [73.56271397114297, 19.699718798166124], [73.56278304114784, 19.699718798166124], [73.5625953065843, 19.699190602558414], [73.56259427369454, 19.69918712462353], [73.56259361682052, 19.69918356664356], [73.56258071682052, 19.699084366643557], [73.56258045241846, 19.699081117504836], [73.56258050175481, 19.69907785917538], [73.56258670175481, 19.69898005917538], [73.56258671409283, 19.69897987270545], [73.56259561409284, 19.698850772705452], [73.56259611752995, 19.698846840402826], [73.56259707759854, 19.698842984155053], [73.56259848263369, 19.698839250816004], [73.56274808263369, 19.698502050816003], [73.56274931345962, 19.698499550672206], [73.56296328611862, 19.698105285310326], [73.56303405527501, 19.697970026514238], [73.5630871392379, 19.697865229760943], [73.56310589821068, 19.697812289775236], [73.5631172188707, 19.697713988710646], [73.56311373497672, 19.697265362705583], [73.56311373399477, 19.697265150757453], [73.56311333517618, 19.696999338167455], [73.56311204742248, 19.69697255289063], [73.56310462242432, 19.696944793522444], [73.56305171294596, 19.696803767511007], [73.56305121229946, 19.69680233847498], [73.56304303803098, 19.696777251926882], [73.56292001703225, 19.696744159940007], [73.56300133065596, 19.69659104944857], [73.56303038549149, 19.69659788809372], [73.5630150778428, 19.696297622677264], [73.56301503395669, 19.6962959], [73.56301503395669, 19.6962882280307], [73.56265717118082, 19.69632887395257], [73.5626560517819, 19.696328985352302], [73.56212522440781, 19.696374370592952], [73.56158889688422, 19.69642485435799], [73.56158861558097, 19.69642487984671], [73.56126941558097, 19.696452679846708], [73.56126477866562, 19.69645281709934], [73.56126015831819, 19.696452423669932], [73.56115832697436, 19.696437834652194], [73.56101753728896, 19.697314670890876], [73.56101724130039, 19.69731605183583], [73.5610169743308, 19.697317438013815], [73.56101687100582, 19.697317779458082], [73.5610167964128, 19.69731812747437], [73.56101635808001, 19.697319474455494], [73.56101594808163, 19.69732082932235], [73.5610158097066, 19.69732115958751], [73.56101569924097, 19.697321499044467], [73.56101512278532, 19.69732279908959], [73.56101457370669, 19.69732410959721], [73.56101440161422, 19.697324425502625], [73.56101425633982, 19.697324753131095], [73.56101354731291, 19.69732599372007], [73.56101286444193, 19.697327247247557], [73.56101266028938, 19.697327545750884], [73.56101248160527, 19.69732785839562], [73.56101164683542, 19.697329027580903], [73.56101083674852, 19.697330212056094], [73.561010602502, 19.697330490282585], [73.561010392129, 19.697330784932653], [73.56100943965549, 19.69733187145435], [73.56100851015427, 19.697332975470104], [73.56100824806967, 19.697333230740284], [73.56100800803382, 19.697333504558042], [73.5610069470295, 19.697334497952347], [73.56100590706554, 19.69733551087639], [73.56100561966689, 19.69733574073187], [73.56100535227985, 19.6973359910803], [73.56100419296276, 19.697336881780295], [73.56100305255148, 19.69733779385761], [73.5610027426066, 19.697337996084755], [73.56100245044344, 19.69733822055287], [73.56100120397845, 19.697338999980616], [73.56099997410264, 19.697339802427404], [73.56099964459646, 19.697339975078656], [73.56099933047089, 19.6973401715047], [73.56099800886213, 19.69734083215389], [73.56099670136618, 19.69734151724215], [73.56099635547203, 19.697341658654782], [73.56099602240923, 19.697341825147067], [73.5609946383845, 19.697342360655284], [73.5609932658603, 19.69734292178724], [73.56099290690933, 19.697343030599374], [73.5609925581169, 19.697343165554486], [73.56099112500513, 19.697343570764495], [73.56098970067085, 19.69734400253614], [73.5605677250271, 19.69745071473641], [73.56021747871664, 19.697585630287794], [73.55999053373093, 19.697696967411908], [73.55983854396058, 19.697771515250672], [73.55937469035169, 19.698009302674457], [73.5593545165512, 19.6983409974874], [73.55938122528143, 19.69888463973895], [73.55938123417786, 19.69888776802879], [73.559380954037, 19.698890885191737], [73.55935955403699, 19.699047485191734], [73.55935902862264, 19.699050385858495], [73.5593582528798, 19.69905323632454], [73.55931886494274, 19.699176700789778], [73.5595614118684, 19.699301108556813], [73.55969813574303, 19.6990881145516], [73.55970026895862, 19.699085138182262], [73.55970270703175, 19.699082377111274], [73.55970542561786, 19.69907985890839], [73.55970839757143, 19.699077608718294], [73.55971159321697, 19.699075649009504], [73.55971498064545, 19.69907399935004], [73.55971852603284, 19.69907267621203], [73.55972219397783, 19.699071692807223], [73.5597259478554, 19.699071058955088], [73.55972975018243, 19.699070780984737], [73.55982625018243, 19.699068280984736], [73.55982994257621, 19.699068353623126], [73.5598336102255, 19.699068761919193], [73.5598372187872, 19.699069502049745], [73.55984073447152, 19.69907056708436], [73.55984412435838, 19.69907194705028], [73.55999162435839, 19.69914014705028], [73.55999490118317, 19.699141854930588], [73.55999798442257, 19.69914385697661], [73.56000084438331, 19.699146133907554], [73.5600034535224, 19.699148663795324], [73.5600057867124, 19.69915142227572], [73.56000782148342, 19.69915438278307], [73.56000953823951, 19.699157516806068], [73.56001092044735, 19.69916079416236], [73.56001195479556, 19.699164183289213], [73.56001263132276, 19.69916765154748], [73.56001294351366, 19.699171165535944], [73.56001288836165, 19.69917469141297], [73.56001246639791, 19.699178195222437], [73.56001168168616, 19.699181643220744], [73.56001054178361, 19.69918500220178], [73.56000905766815, 19.699188239816724], [73.56000724363263, 19.699191324885575], [73.56000511714717, 19.699194227697436], [73.56000269869102, 19.699196920296636], [73.56000001155522, 19.699199376751974], [73.55999708161838, 19.699201573406445], [73.55999393709735, 19.699203489105063], [73.55999060827563, 19.699205105398605], [73.55998712721156, 19.699206406721277], [73.55998352742971, 19.699207380540635], [73.55997984359794, 19.699208017478266], [73.55997611119356, 19.69920831140011], [73.55997236616169, 19.69920825947554], [73.55996864456898, 19.699207862204617], [73.55996498225646, 19.699207123413277], [73.55996141449417, 19.69920605021649], [73.55995797564162, 19.699204652949717], [73.5598189321222, 19.69914036299701], [73.5597526840659, 19.6991420792679], [73.55960827246884, 19.699367049519346], [73.55898313734349, 19.70043862435659], [73.55912510395547, 19.700517734804826], [73.55912510395547, 19.70040431019078], [73.55924045877316, 19.700259504338867], [73.55934029091846, 19.700322164395644], [73.55940437783252, 19.700322164395644], [73.55955307923983, 19.70041549744578], [73.55947230815391, 19.700491541902405], [73.55947230815391, 19.700499785312818], [73.55952133602115, 19.700545944126734], [73.55947230815391, 19.70059210294065], [73.55947230815391, 19.700600346351074], [73.55950814801821, 19.70063408890852], [73.5594688387084, 19.700708106858674], [73.55949281545365, 19.70071358115762], [73.55936549663048, 19.700833449432466], [73.55936549663048, 19.700846554192736], [73.5593227720211, 19.70090689081569], [73.5593227720211, 19.70095412267838], [73.55923461914062, 19.701037116955572], [73.5591855912737, 19.700990958141986], [73.55917683548411, 19.700990958141986], [73.55897497437508, 19.701181006575407], [73.55910102999866, 19.70082496958691], [73.55912510395547, 19.70082496958691], [73.55912510395547, 19.700781356219927], [73.5591548797322, 19.700753322886744], [73.5591864792174, 19.700664071925704], [73.5592378496904, 19.700664071925704], [73.5589093601074, 19.700481022138217], [73.55890911885345, 19.700480872181377], [73.55890887198612, 19.700480745481652], [73.55860977198611, 19.700308345481652], [73.55860843299656, 19.700307485909704], [73.55860708204955, 19.700306643085003], [73.55860688616785, 19.700306492914237], [73.558606677459, 19.7003063589324], [73.55860543440664, 19.70030537993584], [73.55860417771088, 19.700304416502433], [73.55860399840661, 19.700304248978565], [73.55860380465153, 19.700304096381966], [73.55860266950766, 19.700303007389063], [73.55860151916579, 19.70030193262534], [73.55860135816576, 19.700301749361717], [73.55860118123042, 19.700301579619943], [73.55860016492709, 19.700300391118297], [73.55859913201756, 19.70029921537482], [73.55859899087227, 19.70029901813637], [73.55859883246065, 19.700298832884126], [73.55859794478542, 19.700297556319654], [73.5585970392557, 19.700296290919475], [73.55859691932446, 19.700296081605714], [73.55859678096216, 19.70029588262708], [73.55859603046383, 19.7002945302938], [73.55859526103467, 19.700293187423416], [73.55859516347248, 19.700292968050146], [73.558595046492, 19.700292757261398], [73.55859444039827, 19.700291342183014], [73.55859381447969, 19.700289934775], [73.55859374022614, 19.70028970745491], [73.55859364575406, 19.700289486886057], [73.55859318990196, 19.70028802269055], [73.5585927135219, 19.700286564299017], [73.55859266329207, 19.700286331221317], [73.55859259223823, 19.700286102996557], [73.55859229101785, 19.700284603784933], [73.55859196876412, 19.700283108454986], [73.55859194304176, 19.70028287186435], [73.55859189609042, 19.700282638181612], [73.55859175240268, 19.70028111839209], [73.55859158737874, 19.700279600524578], [73.5585915864116, 19.700279362699497], [73.55859156401493, 19.700279125809274], [73.55859157924361, 19.700277600078266], [73.55859157303877, 19.70027607429108], [73.55859159683612, 19.70027583752194], [73.55859159920982, 19.700275599705616], [73.55859177320828, 19.700274082726743], [73.55859192588225, 19.700272563714044], [73.55859197421493, 19.700272330281063], [73.55859200133615, 19.70027209382894], [73.55859233242869, 19.70027060021154], [73.55859264251116, 19.700269102602253], [73.55859271491369, 19.70026887475352], [73.55859276652122, 19.700268641942756], [73.55859325151923, 19.700267186071176], [73.55859371602392, 19.7002657242881], [73.55859381179904, 19.70026550421792], [73.55859388739589, 19.700265277290615], [73.55859452162856, 19.700263873185698], [73.55859513608205, 19.7002624613066], [73.55859525430739, 19.700262251134372], [73.5585953531655, 19.700262032275955], [73.55859613052483, 19.70026069346], [73.5585968890096, 19.70025934508205], [73.55893478900961, 19.69972394508205], [73.55893482790513, 19.699723883591915], [73.55913203522839, 19.699412822569684], [73.55923747561052, 19.699181993625018], [73.55928424579203, 19.6990353889567], [73.55930482075372, 19.6988848263866], [73.55927817471859, 19.698342460261053], [73.55927819637358, 19.698338745819346], [73.5592961811396, 19.698043042805995], [73.5588923543865, 19.69820495944071], [73.55888992333165, 19.698205843145356], [73.55850372333165, 19.698332143145358], [73.55850092907782, 19.698332945527138], [73.55849807782333, 19.698333544342063], [73.55811717782332, 19.698399244342063], [73.55811332571157, 19.698399719516328], [73.55772884244769, 19.698428507306183], [73.55771919615455, 19.69853362127824], [73.5577244596603, 19.698804542857907], [73.55772434319526, 19.698808080710222], [73.55772385758623, 19.698811590610187], [73.5577230075452, 19.698815038500232], [73.55772180132038, 19.698818390924504], [73.55768382370378, 19.698908989268592], [73.55767353278202, 19.699066911637917], [73.55767065567993, 19.699162106189824], [73.55767149001089, 19.699161190766606], [73.55767419590815, 19.699158752634705], [73.55767714260847, 19.699156575946773], [73.55768030173354, 19.6991546816655], [73.55768364285925, 19.69915308803386], [73.55789684285925, 19.69906348803386], [73.55790057979704, 19.6990621340948], [73.55790444683579, 19.699061156208323], [73.55790840141235, 19.699060565137696], [73.5579124, 19.699060367388636], [73.5580117, 19.699060367388636], [73.55801546226235, 19.69906054239811], [73.55801918787657, 19.699061065721775], [73.55802284055152, 19.69906193226194], [73.55802638470654, 19.699063133577656], [73.55802978581809, 19.69906465796692], [73.55803301075599, 19.69906649058069], [73.558168410756, 19.69915229058069], [73.55817140166509, 19.699154392992178], [73.5581741601388, 19.699156760409736], [73.55817665979349, 19.699159370189992], [73.55817887672097, 19.699162197371482], [73.55818078971726, 19.69916521491338], [73.55818238048533, 19.69916839395415], [73.55818363381016, 19.699171704087576], [73.55818453770421, 19.69917511365361], [73.55818508352209, 19.699178590041154], [73.55818526604331, 19.6991821], [73.55818526604331, 19.6992137], [73.55818514412255, 19.699216569835034], [73.5581847791392, 19.69921942133479], [73.55818039592806, 19.6992450083298], [73.55819490930203, 19.699255547272127], [73.55819532950328, 19.69925588462049], [73.55819577349187, 19.699256193784944], [73.5581967537688, 19.69925702805747], [73.5581977592608, 19.69925783529231], [73.55819814231751, 19.699258209792966], [73.55819855198122, 19.699258558440548], [73.55819944068215, 19.699259479157046], [73.55820035729161, 19.699260375292933], [73.55820069951471, 19.69926078333923], [73.55820107090825, 19.699261168112276], [73.5582018594745, 19.699262166405745], [73.55820267837399, 19.6992631428124], [73.55820297646768, 19.69926358047463], [73.55820330601432, 19.69926399766756], [73.55820398685157, 19.69926506392389], [73.55820470015462, 19.69926611119798], [73.55820495124811, 19.699266574261223], [73.55820523577415, 19.699267019856247], [73.55820580232556, 19.699268143806798], [73.55820640316267, 19.699269251862507], [73.55820660483779, 19.699269735867205], [73.55820684160308, 19.699270205572997], [73.55820728841246, 19.69927137639352], [73.55820777099724, 19.699272534559658], [73.55820792131175, 19.69927303484458], [73.55820810803611, 19.69927352413762], [73.55820843080043, 19.699274730552467], [73.55820879048532, 19.699275927675266], [73.55820888799163, 19.699276439422402], [73.5582090228768, 19.699276943590526], [73.55820921848766, 19.699278173981263], [73.55820945180872, 19.69927939853178], [73.55820949556775, 19.699279916812714], [73.55820957731473, 19.699280431000513], [73.5582096438883, 19.699281673517802], [73.5582097485985, 19.69928291370294], [73.55820973818885, 19.699283433526354], [73.55820976601035, 19.699283952781915], [73.55820970290549, 19.69928519545964], [73.55820967799642, 19.69928643933574], [73.55820961351833, 19.699286955695445], [73.55820958714642, 19.69928747501805], [73.55820939497087, 19.69928870588855], [73.55820924068242, 19.699289941476405], [73.55820912275686, 19.699290449399573], [73.55820904244553, 19.699290963787867], [73.55820367296644, 19.69931655401311], [73.55834010600547, 19.69931655401311], [73.55834010600547, 19.699397002843714], [73.55847728675352, 19.699397002843714], [73.55836146831017, 19.699506043727517], [73.55836146831017, 19.69952615593518], [73.55831874370078, 19.699566380350483], [73.55831874370078, 19.69962332802174], [73.55820292525809, 19.69962332802174], [73.5581815629534, 19.69960321581409], [73.55814352404123, 19.69960321581409], [73.55813814127482, 19.699628869364926], [73.55807094127482, 19.699948869364924], [73.55807005133786, 19.69995224115661], [73.55801365133787, 19.70012894115661], [73.55801240490482, 19.70013225019651], [73.55801082141042, 19.700135428915893], [73.55800891597254, 19.700138446967035], [73.55791911597254, 19.700266046967034], [73.55791709654711, 19.700268654131488], [73.55791483683754, 19.700271080222212], [73.55791235506649, 19.700273305674823], [73.55790967124734, 19.70027531254291], [73.55777318137655, 19.700368280601815], [73.5578096479841, 19.700402613226245], [73.55791285991172, 19.700402613226245], [73.55791285991172, 19.70052328647215], [73.55792521529715, 19.70052328647215], [73.55801878817458, 19.70043518936987], [73.55806267929208, 19.70068312533447], [73.55808635566542, 19.700680511843], [73.55809009254251, 19.70068027356229], [73.5580938362328, 19.700680381272818], [73.5580975506825, 19.700680833937266], [73.55810120011945, 19.700681627196232], [73.55810474939756, 19.7006827534102], [73.55810816433534, 19.700684201733107], [73.55811141204508, 19.70068595821682], [73.55811446124956, 19.700688005945434], [73.55811728258327, 19.700690325198206], [73.55811984887524, 19.700692893639467], [73.55812213541064, 19.700695686533717], [73.55812412016891, 19.700698676983865], [73.55812578403575, 19.700701836190234], [73.5581271109872, 19.700705133727944], [73.55812808824399, 19.700708537839905], [73.55812870639461, 19.700712015742653], [73.55812895948593, 19.700715533942088], [73.55812884508053, 19.700719058556025], [73.55812836428021, 19.700722555640507], [73.55812752171533, 19.700725991516695], [73.55812632550027, 19.70072933309522], [73.55812478715522, 19.700732548194868], [73.55812292149528, 19.700735605852454], [73.55812074648779, 19.700738476621076], [73.55811828307925, 19.70074113285366], [73.55811555499363, 19.700743548969236], [73.55811258850389, 19.700745701699283], [73.55810941217895, 19.70074757031184], [73.55810605660855, 19.700749136811147], [73.55810255410866, 19.700750386110954], [73.5580989384103, 19.70075130617983], [73.55809524433458, 19.700751888156997], [73.55767148836381, 19.70079866401241], [73.55768712895019, 19.701238555504478], [73.55794964217309, 19.701171037545173], [73.55795329929533, 19.7011702763051], [73.55795701805985, 19.70116985621457], [73.55796076265293, 19.70116978131929], [73.55796449701207, 19.701170052340544], [73.55796818517337, 19.70117066666824], [73.5579717916178, 19.701171618386073], [73.55797528161335, 19.701172898328483], [73.55797862154945, 19.701174494168917], [73.55798177926067, 19.701176390538567], [73.55798472433655, 19.70117856917435], [73.55798742841439, 19.701181009094814], [73.55798986545244, 19.701183686802196], [73.5579920119807, 19.701186576508704], [73.55799384732691, 19.701189650384887], [73.5579953538157, 19.701192878827637], [73.55799651693876, 19.70119623074529], [73.55799732549457, 19.701199673857037], [73.5579977716963, 19.701203175003837], [73.55799785124677, 19.70120670046773], [73.55799756337989, 19.70121021629657], [73.55799691086796, 19.701213688631007], [73.55799589999503, 19.70121708403056], [73.55799454049637, 19.701220369795678], [73.55799284546467, 19.701223514282642], [73.55799083122403, 19.701226487208324], [73.55798851717269, 19.70122925994183], [73.55798592559621, 19.701231805780214], [73.55798308145292, 19.701234100205667], [73.55798001213344, 19.70123612112161], [73.55797674719702, 19.701237849065524], [73.55797331808677, 19.701239267396364], [73.55796975782691, 19.701240362454826], [73.55766066034931, 19.70131986180607], [73.55732810449477, 19.701405440717547], [73.55739887582592, 19.701691568248684], [73.55795782040708, 19.70152877248537], [73.55796144854199, 19.701527896886322], [73.55796515036464, 19.7015273603125], [73.55796889022442, 19.70152716793141], [73.55797263210447, 19.70152732159578], [73.5579763399684, 19.701527819825742], [73.5579799781075, 19.70152865782307], [73.55798351148447, 19.701529827517383], [73.55798690607097, 19.701531317643898], [73.55799012917527, 19.701533113851877], [73.55799314975711, 19.70153519884285], [73.55799593872665, 19.701537552537225], [73.55799846922457, 19.701540152267626], [73.55800071688081, 19.701542972997238], [73.55800266004921, 19.701545987560888], [73.55800428001598, 19.701549166926682], [73.55800556117997, 19.701552480475588], [73.55800649120286, 19.70155589629632], [73.55800706112804, 19.701559381492654], [73.55800726546678, 19.70156290250025], [73.55800710225124, 19.701566425409872], [73.55800657305323, 19.701569916293984], [73.55800568296924, 19.701573341533457], [73.55800444057125, 19.701576668141364], [73.55800285782425, 19.701579864080653], [73.55800094997093, 19.701582898572678], [73.557998735385, 19.70158574239363], [73.5579962353941, 19.70158836815595], [73.55799347407452, 19.701590750572116], [73.55799047801929, 19.70159286669816], [73.55798727608205, 19.701594696154626], [73.55798389909918, 19.701596221322852], [73.5579803795929, 19.70159742751463], [73.557732281997, 19.70166968733942], [73.55780604838829, 19.701773861842184], [73.55780604838829, 19.701896007486265], [73.55772419876536, 19.701896007486265], [73.55767517089842, 19.701942166299858], [73.55761108398437, 19.701881829676914], [73.55757466263255, 19.701916119693916], [73.55745524459402, 19.701916119693916], [73.55743388228933, 19.701896007486265], [73.55734751857291, 19.701896007486265], [73.55739262206862, 19.701768615210224], [73.55738227959291, 19.70177162751463], [73.55738096303239, 19.7017719452479], [73.55737965604189, 19.70177229625982], [73.55737914983577, 19.70177238283726], [73.55737865145801, 19.70177250311368], [73.55737730815801, 19.701772697823067], [73.55737597091735, 19.701772926533994], [73.55737545813521, 19.701772965981185], [73.55737494963536, 19.701773039687502], [73.55737359253263, 19.701773109497847], [73.55737223792016, 19.701773213705174], [73.5573717235004, 19.70177320564222], [73.55737120977558, 19.701773232068593], [73.55736985193974, 19.70177317630759], [73.55736849300114, 19.70177315500774], [73.55736798189785, 19.701773099512288], [73.55736746789553, 19.701773078404223], [73.55736612240331, 19.701772897608876], [73.55736477222587, 19.70177275100698], [73.5573642693613, 19.701772648613485], [73.55736376003159, 19.70177258017426], [73.55736243984079, 19.701772276085734], [73.55736111142748, 19.701772005593646], [73.55736062164448, 19.701771857288207], [73.5573601218925, 19.701771742176934], [73.55735883971728, 19.70177131772376], [73.55735754586145, 19.701770925946473], [73.55735707387689, 19.701770733157357], [73.55735658851553, 19.70177057248262], [73.55735535670395, 19.701770031752517], [73.55735410986613, 19.701769522463053], [73.55735366022547, 19.701769287046925], [73.55735319392903, 19.701769082356105], [73.5573520243441, 19.7017684305566], [73.55735083653201, 19.7017678086597], [73.55735041356557, 19.701767532883743], [73.55734997082473, 19.701767286148126], [73.5573488747302, 19.701766529556405], [73.55734775738313, 19.701765801041272], [73.55734736516429, 19.701765487561364], [73.55734695024289, 19.70176520115715], [73.55734593819474, 19.701764347059605], [73.55734490207335, 19.70176351894224], [73.55734454437939, 19.70176317077736], [73.55734416127335, 19.701762847462778], [73.55734324301817, 19.701761904084837], [73.55734229810088, 19.70176098434046], [73.55734197837658, 19.70176060484363], [73.55734163077543, 19.701760247732377], [73.5573408151565, 19.70175922415928], [73.55733997054338, 19.701758221645537], [73.55733969186787, 19.701757814471513], [73.55733938311919, 19.701757427002764], [73.55733867799138, 19.701756333092085], [73.55733794181651, 19.701755257463727], [73.55733770687358, 19.701754826533826], [73.55733743995079, 19.701754412439115], [73.55733685210487, 19.701753258725805], [73.55733623145802, 19.701752120341727], [73.55733604251031, 19.701751669806033], [73.55733581998402, 19.70175123307332], [73.55733535508125, 19.701750030668276], [73.5573348559396, 19.701748840491735], [73.55733471480677, 19.701748374689153], [73.55733453882003, 19.701747919524415], [73.5573342013377, 19.70174668000745], [73.55733382850823, 19.701745449500496], [73.55724542840518, 19.701388049083892], [73.55713432843807, 19.700938849216833], [73.55697642872748, 19.700300450386962], [73.55688352846667, 19.699924949332434], [73.55680690862465, 19.699615169616447], [73.55680561908623, 19.69961535226197], [73.55680187854595, 19.69961553253527], [73.55679813724923, 19.699615366758614], [73.5567944312268, 19.69961485652852], [73.55679079616968, 19.699614006758782], [73.55678726708547, 19.699612825633146], [73.55678387796117, 19.699611324526504], [73.5567806614359, 19.69960951789533], [73.55677764848656, 19.699607423138467], [73.5567748681295, 19.69960506042957], [73.55677234714106, 19.699602452522818], [73.55677010979976, 19.69959962453378], [73.55676817765242, 19.699596603697536], [73.55676656930666, 19.69959341910639], [73.55676530025174, 19.699590101429692], [73.55676438270935, 19.699586682618488], [73.55675031325806, 19.699520798774234], [73.55673628531731, 19.69947995551816], [73.5567353091979, 19.69947655111696], [73.55673469220929, 19.699473073031317], [73.55673444029344, 19.699469554757105], [73.55673455587642, 19.699466030177224], [73.5567350378451, 19.6994625332353], [73.55673588155787, 19.699459097608806], [73.55673707888931, 19.699455756384697], [73.55673861830847, 19.699452541740786], [73.55674048498989, 19.699449484635856], [73.55674266095642, 19.699446614511498], [73.55674414459013, 19.699445015761235], [73.55672148692122, 19.699430936197118], [73.55670369884447, 19.699449134304107], [73.55670411227423, 19.69944937966829], [73.55670706969686, 19.69945154342822], [73.55670978761069, 19.699453969683837], [73.55671223984075, 19.69945663506897], [73.55671440277074, 19.699459513914505], [73.55671625557042, 19.699462578495588], [73.55671778039635, 19.699465799298626], [73.55671896256362, 19.699469145305525], [73.55671979068731, 19.69947258429241], [73.55672025679212, 19.699476083139956], [73.55672035638922, 19.699479608152348], [73.55672008851944, 19.699483125381796], [73.55671945576249, 19.69948660095545], [73.5567184642122, 19.69949000140164], [73.55671712341771, 19.699493293972203], [73.55671544629162, 19.699496446957895], [73.55671344898558, 19.699499429993736], [73.5567111507347, 19.699502214351458], [73.5565819507347, 19.699643814351457], [73.55657937367243, 19.69964637321618], [73.55657654261728, 19.699648681944627], [73.55657348483386, 19.69965071830249], [73.55657022977029, 19.699652462678525], [73.5565668087746, 19.699653898273436], [73.55656326485096, 19.69965500811181], [73.55654495853143, 19.699703696394362], [73.55656747022654, 19.69993955544046], [73.55661606307129, 19.700010408694556], [73.55661787783896, 19.700013351907803], [73.55661938872042, 19.70001644355841], [73.55662058216298, 19.700019655914087], [73.55665808216298, 19.700138355914085], [73.55665899550193, 19.700141894023393], [73.55665952383487, 19.700145500990065], [73.55665966173682, 19.700149139777555], [73.5566569617368, 19.700318339777557], [73.55665670326488, 19.700322009313084], [73.5566560477596, 19.70032563475643], [73.55665500208735, 19.700329178131398], [73.55665357720146, 19.70033260232145], [73.55660312807007, 19.70043766338095], [73.55650962104573, 19.70066650165772], [73.5565080645282, 19.700669804824216], [73.55650616349041, 19.7006729440991], [73.55632106349042, 19.7009457440991], [73.55631939190191, 19.700948010854578], [73.55631754047896, 19.70095015015406], [73.55615934047896, 19.70111925015406], [73.55615724798673, 19.70112131532566], [73.55615498800083, 19.701123217626016], [73.55589478800083, 19.701325317626015], [73.55589460061837, 19.701325462229246], [73.55563440061837, 19.701524962229247], [73.5556331199134, 19.701525902222244], [73.55545353914172, 19.701652018490382], [73.55512105767323, 19.701889333886122], [73.55511796558449, 19.701891323798023], [73.55511468121625, 19.70189301878601], [73.5551112361988, 19.70189440252642], [73.55510766370949, 19.701895461693077], [73.5551039981534, 19.701896186085627], [73.5551002748318, 19.701896568727776], [73.55509652960232, 19.701896605934465], [73.5550927985336, 19.70189629734738], [73.55508911755781, 19.70189564593838], [73.55508552212483, 19.701894657980887], [73.55508204686058, 19.701893342989475], [73.5550787252338, 19.701891713628232], [73.55507558923354, 19.701889785588797], [73.55507266906123, 19.701887577439237], [73.55506999283969, 19.70188511044525], [73.55506758634243, 19.70188240836533], [73.55506547274531, 19.70187949722198], [73.55506367240343, 19.70187640505111], [73.55506220265508, 19.701873161632015], [73.55506107765473, 19.701869798200587], [73.55506069876174, 19.701868098760897], [73.55498622416954, 19.701955744293812], [73.55498622416954, 19.70236095683714], [73.55485254905625, 19.7021092516326], [73.55456843441831, 19.702049809725423], [73.55455659066469, 19.702032218915953], [73.55467727559697, 19.70195647052164], [73.55462309364866, 19.701879953595373], [73.55470465881203, 19.701854356240176], [73.55462084471594, 19.70173599215011], [73.55484215819253, 19.701676460015456], [73.55480301592463, 19.70162118245308], [73.55484993136582, 19.701488672439382], [73.55495966339126, 19.701488672439382], [73.5551071228489, 19.701141596681914], [73.55511439799766, 19.70114291575884], [73.55511439799766, 19.701532803460353], [73.55528240490897, 19.701611891132217], [73.55515712260704, 19.701670866596434], [73.55515712260704, 19.701754622217305], [73.55511655508903, 19.701802364160304], [73.55540754232676, 19.70159466611388], [73.5554077800866, 19.70159449777776], [73.55558682911145, 19.701468754945612], [73.55584630544664, 19.701269809792386], [73.5561040680014, 19.70106960298101], [73.55625831791494, 19.70090472522894], [73.55643976233613, 19.70063731281348], [73.55653227895426, 19.700410898342277], [73.55653312279854, 19.70040899767855], [73.55658075734051, 19.700309798042994], [73.5565832504034, 19.700153566102664], [73.55654897470113, 19.70004507207976], [73.55649823692872, 19.699971091305443], [73.5564963871075, 19.699968084326784], [73.5564948544432, 19.699964923184982], [73.55649365326943, 19.69996163744337], [73.55649279481969, 19.69995825783054], [73.55649228712231, 19.699954815952985], [73.5564681871223, 19.699702315952987], [73.55646804003077, 19.699698458955716], [73.55646833317834, 19.699694609353962], [73.55646906318307, 19.699690811559325], [73.55647022162316, 19.699687109385728], [73.55653192162316, 19.69952300938573], [73.556533387803, 19.699519657752628], [73.55653520518236, 19.699516462243743], [73.5565373552674, 19.69951345537689], [73.55653981617863, 19.69951066775024], [73.55668732452598, 19.699359759213234], [73.55672752452598, 19.699318659213233], [73.55673036080998, 19.69931604616261], [73.55674647948454, 19.699302667662725], [73.55674288366218, 19.699299926661176], [73.55673993163606, 19.699297426166584], [73.55673727154515, 19.699294650431224], [73.55673493218518, 19.69929162950271], [73.55673293887996, 19.699288396082892], [73.55673131320722, 19.699284985173854], [73.55673007276503, 19.699281433699028], [73.5567292309813, 19.69927778010348], [73.55672635815917, 19.699261184971288], [73.55671340023927, 19.699273396163587], [73.55671115804553, 19.699275346520395], [73.55664175177164, 19.699331044096535], [73.55661509878385, 19.69936340843886], [73.55659425853761, 19.6994107560158], [73.55659265267306, 19.69941395043864], [73.55659072126447, 19.699416980888937], [73.55658848299561, 19.699419818051194], [73.5565859595187, 19.699422434479708], [73.55658317524495, 19.699424804864076], [73.55658015710844, 19.699426906274045], [73.55654395710845, 19.699449606274044], [73.55654069136969, 19.699451439867033], [73.55653724804893, 19.699452958423816], [73.55653366132307, 19.69945414687185], [73.55652996679241, 19.699454993415117], [73.55652620112727, 19.69945548965119], [73.556522401704, 19.699455630654647], [73.55651860623405, 19.699455415025948], [73.55651485238961, 19.69945484490533], [73.55651117742973, 19.69945392595156], [73.55650761783043, 19.699452667285783], [73.55650420892282, 19.69945108140097], [73.5565009845422, 19.699449184037924], [73.5564701845422, 19.699428984037922], [73.556467194443, 19.69942680832983], [73.55646444754052, 19.699424364887513], [73.55646197076574, 19.69942167766679], [73.55645978840126, 19.699418773013498], [73.55645792184325, 19.699415679405213], [73.55645638939167, 19.699412427172053], [73.55645520607088, 19.69940904819931], [73.55642970607087, 19.699321948199312], [73.55642888891154, 19.699318505335693], [73.55640738891154, 19.699201105335693], [73.55640693895253, 19.69919766349801], [73.55640684349154, 19.699194196852684], [73.55640954349155, 19.699080496852684], [73.55640978954553, 19.699077148473414], [73.55641036636825, 19.69907383631622], [73.55641126892696, 19.699070589279675], [73.55645146892695, 19.698949389279676], [73.55645278806044, 19.69894601553718], [73.55645445866756, 19.69894278278141], [73.55645646402539, 19.69893972337253], [73.55645878406011, 19.698936867935505], [73.55646139554798, 19.698934245053508], [73.55650299554799, 19.698896445053506], [73.55650569351255, 19.698894214525797], [73.55650860217511, 19.698892232567037], [73.55651169579275, 19.69889051671844], [73.55651494698553, 19.698889082166026], [73.55651832697896, 19.69888794160623], [73.55652180585861, 19.698887105133508], [73.55652535283483, 19.698886580151015], [73.5565289365153, 19.698886371305083], [73.55653252518287, 19.69888648044409], [73.55653608707622, 19.69888690660211], [73.55653959067102, 19.69888764600745], [73.5565430049589, 19.698888692116046], [73.55659945863702, 19.69890880005803], [73.55666074530998, 19.698896017892814], [73.55666331514705, 19.698895568229613], [73.55684106161823, 19.698870360910547], [73.55689298298232, 19.698861256643582], [73.55701307820269, 19.698806554089316], [73.55701645974312, 19.69880519888651], [73.55701996405416, 19.698804156178124], [73.55702355864202, 19.698803435632694], [73.55708935864202, 19.698793335632697], [73.55709301953425, 19.69879294335657], [73.55709670354405, 19.698792885259127], [73.557100376337, 19.69879316188183], [73.55710400368321, 19.698793770646592], [73.55710755177631, 19.69879470587982], [73.55711098754864, 19.69879595886527], [73.55711427897926, 19.698797517925303], [73.55711739539254, 19.69879936852971], [73.55712030774396, 19.69880149343112], [73.55712298889081, 19.69880387282577], [73.55712541384523, 19.698806484538046], [73.55712756000696, 19.698809304227172], [73.55715706000696, 19.69885230422717], [73.557158746835, 19.6988550163191], [73.55716017549346, 19.69885785680932], [73.55716133505285, 19.698860803967545], [73.55716221664231, 19.698863835247465], [73.55717561664231, 19.698919335247467], [73.557176245537, 19.69892265303061], [73.55717654150482, 19.698926011693107], [73.55717650194212, 19.698929381688828], [73.55717612719695, 19.698932733371947], [73.55717542056594, 19.69893603725774], [73.55717438826531, 19.698939264281947], [73.55717303937621, 19.698942386056462], [73.55717138576479, 19.698945375119063], [73.5571190857648, 19.69902997511906], [73.55711677182042, 19.69903328398478], [73.55711408504465, 19.69903633291743], [73.55711105809662, 19.699039084855702], [73.5571077277704, 19.69904150634841], [73.55705127593771, 19.69907805978666], [73.55704653130016, 19.699086784458284], [73.55710924327892, 19.699068736911602], [73.55711329638618, 19.699067795265147], [73.55711743448452, 19.699067276021662], [73.55759442827919, 19.699032276476984], [73.55759933772883, 19.69903191472806], [73.55760800558221, 19.698898899632365], [73.55760845952712, 19.69889515734702], [73.55760932707048, 19.698891480360327], [73.55761059867962, 19.698887909075495], [73.5576480009638, 19.698798683228407], [73.5576428403397, 19.698533057142093], [73.5576429756167, 19.698529306960477], [73.5576516994937, 19.698434244395912], [73.55764624119789, 19.698434648349213], [73.55718431306227, 19.698589647162237], [73.5571830805218, 19.698590038583028], [73.5570816825909, 19.698620437962706], [73.55657688465992, 19.698771837342164], [73.55657293113988, 19.69877280702271], [73.55604904970735, 19.69887345763082], [73.55563604765427, 19.698993093980807], [73.55525505778867, 19.699187436299614], [73.55507970913364, 19.6993023881847], [73.55507967309507, 19.699302411781247], [73.55476489616423, 19.699508261806937], [73.55459445461635, 19.69966315664395], [73.55452579548383, 19.699830072562055], [73.55451993839584, 19.699974867458632], [73.55451963949187, 19.699978190401836], [73.55451901466324, 19.69998147294498], [73.55451806929182, 19.699984686814386], [73.55451681152041, 19.699987804327883], [73.55451525218265, 19.699990798633245], [73.55451340470965, 19.699993643939482], [73.55444250470964, 19.700092243939483], [73.55443998307548, 19.700095368523613], [73.55443711457507, 19.700098215590135], [73.55443393342027, 19.70010075118283], [73.55430763342028, 19.70019075118283], [73.55430498919249, 19.700192475394186], [73.55430220014954, 19.70019398386295], [73.55415661097234, 19.700265219579762], [73.5540305227109, 19.700439078639132], [73.55388968487244, 19.700678413512094], [73.55388756768474, 19.70068160486465], [73.55377976768473, 19.70082660486465], [73.55377732318225, 19.700829553424814], [73.55377456635702, 19.700832246764374], [73.55377152708151, 19.700834655698785], [73.55365752708151, 19.700915855698785], [73.5536547860399, 19.700917636550958], [73.5536518905357, 19.700919185652232], [73.55364886261599, 19.70092049120739], [73.553466796875, 19.700990114653965], [73.553466796875, 19.702172487499503], [73.55353202353466, 19.702172487499503], [73.55359611044872, 19.702132263084202], [73.55366536087473, 19.702132263084202], [73.55368672317941, 19.702152375291853], [73.55374721049766, 19.702152375291853], [73.55374721049766, 19.702318363846928], [73.55368672317941, 19.702318363846928], [73.55361633300781, 19.702384634868178], [73.55357631206016, 19.702346955899483], [73.55357631206016, 19.70235858826223], [73.553466796875, 19.70235858826223], [73.553466796875, 19.707243309274403], [73.56533365106138, 19.707243309274403], [73.56527889346864, 19.707140202789216], [73.56536704634945, 19.707140202789216], [73.56539390878096, 19.707089621842215], [73.56554581850318, 19.70712537687804], [73.56555930709165, 19.707099978373915], [73.56566322708804, 19.707099978373915], [73.56568458939273, 19.707140202789216], [73.56575642532785, 19.707140202789216], [73.565771484375, 19.707154380598574], [73.56588099956016, 19.707051274113738], [73.56588099956016, 19.707243309274403], [73.57269287109375, 19.707243309274403], [73.57269287109375, 19.704199712211306]], [[73.56268360914781, 19.70149464396828], [73.56268618513026, 19.70149358915793], [73.56268885852444, 19.701492777141773], [73.5626916035841, 19.701492215739965], [73.5626943938728, 19.701491910359113], [73.56466309387281, 19.701368210359114], [73.56466590251857, 19.701368163940202], [73.56466870247257, 19.701368376930272], [73.56467146676975, 19.70136884727811], [73.5646741687884, 19.701369570454013], [73.5646767825066, 19.7013705394934], [73.56467928275282, 19.70137174506389], [73.56468164544832, 19.701373175555183], [73.56468384783906, 19.701374817190864], [73.5646858687148, 19.701376654161084], [73.56468768861342, 19.70137866877482], [73.56468929000829, 19.701380841630233], [73.56469065747709, 19.701383151801544], [73.56469177785037, 19.701385577040533], [73.56469264033831, 19.701388093990833], [73.56469323663467, 19.701390678412828], [73.56469356099682, 19.701393305417124], [73.56469361030095, 19.701395949704235], [73.56469338407224, 19.70139858580823], [73.5646928844894, 19.701401188341986], [73.56469211636369, 19.70140373224168], [73.56469108709257, 19.701406193008168], [73.56468980658848, 19.701408546942925], [73.56468828718339, 19.70141077137627], [73.56468654350999, 19.701412844885695], [73.56468459236082, 19.701414747502167], [73.5646824525265, 19.701416460902458], [73.56468014461481, 19.701417968585577], [73.56467769085219, 19.701419256031716], [73.56467511486974, 19.701420310842067], [73.56467244147557, 19.701421122858225], [73.5646696964159, 19.701421684260033], [73.5646669061272, 19.701421989640885], [73.56389678675654, 19.701470378814527], [73.5645973, 19.7017698], [73.5646939, 19.7017268], [73.5647905, 19.7016864], [73.5649353, 19.701689], [73.5651526, 19.7017369], [73.5653618, 19.701795], [73.5655147, 19.7018556], [73.5657158, 19.7018682], [73.5658043, 19.7019465], [73.5658633, 19.7020677], [73.5659331, 19.7021763], [73.566027, 19.702199], [73.5661235, 19.702093], [73.5662657, 19.701997], [73.5663891, 19.7019642], [73.5663488, 19.7020046], [73.5663032, 19.7021056], [73.5662737, 19.7021536], [73.5662496, 19.7022218], [73.5662415, 19.7022925], [73.5663059, 19.7023278], [73.5664025, 19.7023607], [73.5664722, 19.7023834], [73.5664052, 19.7024566], [73.5662952, 19.7025223], [73.5662094, 19.7025702], [73.5661208, 19.7025576], [73.5660457, 19.7025601], [73.5660243, 19.7026031], [73.5659733, 19.7026081], [73.5658768, 19.7026258], [73.5657748, 19.7026839], [73.5656541, 19.7027773], [73.5655844, 19.7028682], [73.5655764, 19.7029616], [73.5654986, 19.7030121], [73.5653779, 19.7030525], [73.5651982, 19.7031435], [73.5651016, 19.7032318], [73.5650721, 19.7033025], [73.5650345, 19.7033076], [73.5649863, 19.7032672], [73.564879, 19.7032495], [73.5647475, 19.7032217], [73.5645571, 19.703247], [73.5644552, 19.7033126], [73.564415, 19.7034086], [73.5643935, 19.7034793], [73.5643747, 19.7035929], [73.5643962, 19.703699], [73.5644659, 19.7037192], [73.5645464, 19.7038177], [73.5646027, 19.703954], [73.5646885, 19.7040677], [73.5648414, 19.7041459], [73.5647717, 19.7041687], [73.564592, 19.704098], [73.5644901, 19.7040348], [73.5644176, 19.7039616], [73.5642943, 19.703954], [73.5641682, 19.7039894], [73.564077, 19.7040146], [73.5640421, 19.7040576], [73.5639348, 19.7040727], [73.5638356, 19.7040702], [73.5635406, 19.7040803], [73.5633099, 19.704156], [73.5632053, 19.7042293], [73.563165, 19.7043076], [73.5631194, 19.7042369], [73.5630417, 19.7042141], [73.5629344, 19.7041762], [73.5627949, 19.704151], [73.5627278, 19.7041358], [73.5626876, 19.7041636], [73.5626742, 19.704252], [73.5626662, 19.7043606], [73.56266026944486, 19.704411888319402], [73.56267124653358, 19.704401553597048], [73.56267124653358, 19.704344605925773], [73.5628650711919, 19.704344605925773], [73.56292915810596, 19.704384830341077], [73.56301845073203, 19.704384830341077], [73.56301845073203, 19.704445166964028], [73.56315563148016, 19.704445166964028], [73.56297302246092, 19.704617089917395], [73.56290263228934, 19.704550818896152], [73.56284214497109, 19.704550818896152], [73.56284214497109, 19.70451059448085], [73.56278706497629, 19.70451059448085], [73.5626498842289, 19.704639747571665], [73.5626498842289, 19.704458333820146], [73.5626232, 19.7044793], [73.5626366, 19.7045626], [73.562642, 19.7046611], [73.5626849, 19.7047545], [73.5627064, 19.7048782], [73.5626742, 19.7048707], [73.5626098, 19.7048227], [73.5625508, 19.7047368], [73.5625106, 19.7046535], [73.5624838, 19.7045525], [73.5625025, 19.7044187], [73.562532, 19.7043252], [73.5625508, 19.7041964], [73.5625455, 19.7041156], [73.5625052, 19.7041106], [73.5624328, 19.7041308], [73.5623899, 19.7041788], [73.5623845, 19.7042596], [73.5623148, 19.7043202], [73.562229, 19.7043707], [73.5620787, 19.7043985], [73.5619741, 19.7044313], [73.5619393, 19.7043959], [73.5619312, 19.7043025], [73.5618856, 19.7042646], [73.5617286, 19.7042612], [73.5615128, 19.7042747], [73.5614457, 19.7042773], [73.5614538, 19.7043328], [73.5614538, 19.7043732], [73.5614162, 19.704406], [73.5614082, 19.7044969], [73.5614216, 19.7045272], [73.5613894, 19.70455], [73.5613599, 19.7045298], [73.561258, 19.7044363], [73.5611695, 19.7044212], [73.5610971, 19.7044338], [73.5610568, 19.7044035], [73.5610085, 19.7043631], [73.5609522, 19.7043076], [73.5611588, 19.7040172], [73.5612231, 19.7040475], [73.5612982, 19.7040803], [73.5613867, 19.7040828], [73.5614699, 19.7040778], [73.5615745, 19.7040576], [73.5616067, 19.7039995], [73.5615933, 19.7039288], [73.5615906, 19.7038808], [73.5616281, 19.7038581], [73.5616818, 19.7038581], [73.5617381, 19.7038505], [73.5618159, 19.7038859], [73.5618749, 19.7038833], [73.5618937, 19.7038505], [73.5618374, 19.7037874], [73.5616603, 19.703699], [73.5615048, 19.7036308], [73.5614726, 19.7035753], [73.5614806, 19.7034743], [73.5615316, 19.7033758], [73.561596, 19.7032874], [73.5616442, 19.7032066], [73.5616174, 19.7031334], [73.561604, 19.7029894], [73.5616469, 19.7028859], [73.5617247, 19.7027596], [73.5617864, 19.7026637], [73.5618561, 19.7026536], [73.5619205, 19.7026712], [73.5619715, 19.702646], [73.5620171, 19.7025728], [73.5621083, 19.7025298], [73.5622155, 19.7024566], [73.5622987, 19.7024162], [73.5623336, 19.7022723], [73.5623228, 19.7021738], [73.5623175, 19.7020172], [73.5623792, 19.7019011], [73.5624355, 19.7018051], [73.5625562, 19.7017496], [73.5626983, 19.7017167], [73.5627761, 19.7016662], [73.5628834, 19.7016208], [73.56296644117921, 19.70152883553618], [73.5626982061272, 19.701545689640884], [73.56269539748143, 19.701545736059796], [73.56269259752743, 19.701545523069726], [73.56268983323025, 19.701545052721887], [73.5626871312116, 19.701544329545985], [73.56268451749341, 19.701543360506598], [73.56268201724718, 19.701542154936106], [73.56267965455169, 19.701540724444815], [73.56267745216094, 19.701539082809134], [73.5626754312852, 19.701537245838914], [73.56267361138659, 19.70153523122518], [73.56267200999172, 19.701533058369765], [73.56267064252292, 19.701530748198454], [73.56266952214963, 19.701528322959465], [73.5626686596617, 19.701525806009165], [73.56266806336534, 19.70152322158717], [73.56266773900319, 19.701520594582874], [73.56266768969905, 19.701517950295763], [73.56266791592776, 19.701515314191766], [73.5626684155106, 19.70151271165801], [73.56266918363632, 19.701510167758318], [73.56267021290743, 19.70150770699183], [73.56267149341153, 19.701505353057073], [73.56267301281662, 19.701503128623727], [73.56267475649001, 19.701501055114303], [73.56267670763918, 19.70149915249783], [73.5626788474735, 19.70149743909754], [73.56268115538519, 19.70149593141442], [73.56268360914781, 19.70149464396828]], [[73.5554624, 19.7021097], [73.5555053, 19.7020743], [73.5559612, 19.7020036], [73.5562536, 19.7019961], [73.5563287, 19.7020466], [73.5563743, 19.7021223], [73.5562509, 19.7027284], [73.5561973, 19.7028066], [73.5560471, 19.7028193], [73.5557735, 19.7026804], [73.5554248, 19.7025819], [73.5553685, 19.7025162], [73.5553631, 19.7021854], [73.5554624, 19.7021097]], [[73.56109584331016, 19.698005871564124], [73.56109944290598, 19.698009260515818], [73.56115993022422, 19.698009260515818], [73.56115993022422, 19.698066208187075], [73.56120439924682, 19.698108074934574], [73.56120154427252, 19.69811934697197], [73.56113856791954, 19.69817863802258], [73.56113856791954, 19.69832451436932], [73.56102274947683, 19.698215473486194], [73.56096226215858, 19.698215473486194], [73.56096226215858, 19.698155136863242], [73.56091953754921, 19.698155136863242], [73.56091953754921, 19.698005871564124], [73.5609408998539, 19.697985759356474], [73.5609408998539, 19.697908699477566], [73.56109584331016, 19.697908699477566], [73.56109584331016, 19.698005871564124]], [[73.56148036479453, 19.69827581010915], [73.5613985151716, 19.69827581010915], [73.56134948730467, 19.69832196892275], [73.56130045943777, 19.69827581010915], [73.56116191539094, 19.69827581010915], [73.56118042858542, 19.698202716133938], [73.56121860981484, 19.69816676922533], [73.56121860981484, 19.69812654481004], [73.56123997211952, 19.69810643260239], [73.56123997211952, 19.698009260515818], [73.56135579056223, 19.698009260515818], [73.56137715286691, 19.698029372723468], [73.5614198774763, 19.698029372723468], [73.56144123978098, 19.69804948493112], [73.56163890784734, 19.69804948493112], [73.5615230894039, 19.698158525814936], [73.5615230894039, 19.69817863802258], [73.56148036479453, 19.698218862437884], [73.56148036479453, 19.69827581010915]], [[73.5602709943338, 19.698846732459067], [73.56025185111694, 19.698756617567916], [73.56024702894285, 19.69877023752625], [73.56014365640935, 19.69878970218505], [73.56008694860932, 19.699003259489047], [73.56003157440492, 19.698994444631975], [73.55994975999394, 19.69853228426688], [73.56003630874179, 19.698505122928033], [73.56005767104648, 19.698444786305085], [73.56011126392568, 19.698427967409515], [73.55994692059971, 19.698195878188848], [73.56017185688515, 19.698266469281382], [73.56017185688515, 19.69815395257505], [73.56031485906662, 19.69808663564434], [73.56039503423845, 19.69826276361204], [73.56061298414669, 19.69833116219037], [73.56059034901357, 19.698459025500256], [73.56073317513093, 19.698526259550434], [73.56059451140946, 19.69856977597809], [73.56063463420364, 19.69872087539924], [73.56050001795299, 19.698815929398297], [73.5602709943338, 19.698846732459067]], [[73.5588564009138, 19.699336666220763], [73.55893825053673, 19.699336666220763], [73.55893825053673, 19.69954287919114], [73.55889552592735, 19.69954287919114], [73.55889552592735, 19.69958310360644], [73.5587192201664, 19.69958310360644], [73.5587192201664, 19.699445707104566], [73.55860340172305, 19.699336666220763], [73.55875834517995, 19.699336666220763], [73.55880737304688, 19.699290507407166], [73.5588564009138, 19.699336666220763]], [[73.5557339048336, 19.69948593151988], [73.55571254252891, 19.69950604372753], [73.55571254252891, 19.699526155935168], [73.55569118022423, 19.699546268142818], [73.55569118022423, 19.69960321581409], [73.55551487446327, 19.69960321581409], [73.55551487446327, 19.699474062722622], [73.55552993351007, 19.6994598849136], [73.55548720890069, 19.6994196604983], [73.55557536178152, 19.699336666220763], [73.55567341751535, 19.699336666220763], [73.55569477982004, 19.699356778428413], [73.55584972327695, 19.699356778428413], [73.5557339048336, 19.699465819312216], [73.5557339048336, 19.69948593151988]], [[73.56024135112266, 19.69956299139879], [73.56024135112266, 19.69960321581409], [73.56019862651328, 19.69960321581409], [73.56019862651328, 19.69966355243704], [73.56004368305703, 19.69966355243704], [73.56004368305703, 19.699606604765783], [73.56002232075234, 19.699586492558133], [73.56002232075234, 19.69945395051497], [73.56008280807059, 19.699397002843714], [73.56018086380442, 19.699397002843714], [73.5602022261091, 19.699417115051364], [73.56028407573204, 19.699417115051364], [73.56028407573204, 19.69956299139879], [73.56024135112266, 19.69956299139879]], [[73.55504490376015, 19.699626716973427], [73.55504490376015, 19.699497563881966], [73.55522480911692, 19.699497563881966], [73.55528529643516, 19.699554511553238], [73.55528529643516, 19.69959473596853], [73.55532802104453, 19.699634960383833], [73.55532802104453, 19.699744001267646], [73.5552461714216, 19.699744001267646], [73.55522480911692, 19.699764113475297], [73.55514811568777, 19.699764113475297], [73.55508762836952, 19.69970716580404], [73.55508762836952, 19.699666941388728], [73.55504490376015, 19.699626716973427]], [[73.55428126811485, 19.70226141617567], [73.55425990581016, 19.70228152838332], [73.55425990581016, 19.702301640590957], [73.55419941849192, 19.70235858826223], [73.55410136275809, 19.70235858826223], [73.55401320987725, 19.702275593984698], [73.55408360004921, 19.702209322963117], [73.55408360004921, 19.702152375291853], [73.55412632465858, 19.702152375291853], [73.55412632465858, 19.70211215087655], [73.55420817428153, 19.70211215087655], [73.55432399272422, 19.702003109993353], [73.55432399272422, 19.702258027223976], [73.55428126811485, 19.702258027223976], [73.55428126811485, 19.70226141617567]], [[73.55921956009348, 19.702318363846928], [73.55911274857004, 19.702318363846928], [73.55906372070311, 19.702364522660528], [73.55901469283621, 19.702318363846928], [73.55895420551796, 19.702318363846928], [73.55895420551796, 19.702132263084202], [73.55909138626535, 19.702132263084202], [73.55910374165077, 19.702143895446948], [73.55910374165077, 19.702132263084202], [73.55925868510704, 19.702132263084202], [73.55925868510704, 19.702189210755474], [73.55930771297427, 19.70223536956939], [73.55921956009348, 19.702318363846928]], [[73.55679625147806, 19.702813029318204], [73.55686610698204, 19.702944564601683], [73.55686610698204, 19.703006838638547], [73.5569301938961, 19.7031476240921], [73.5569301938961, 19.703303862021812], [73.55656830886834, 19.703303862021812], [73.55659687691961, 19.703169380609847], [73.55654026508827, 19.70313384796097], [73.55654026508827, 19.70304579227404], [73.55640308434019, 19.70291663918258], [73.55657939010183, 19.70291663918258], [73.55660075240652, 19.70289652697493], [73.55670756392996, 19.70289652697493], [73.55679625147806, 19.702813029318204]], [[73.55691243118723, 19.704731828765006], [73.55686340332029, 19.704777987578606], [73.55682338237266, 19.704740308609914], [73.55682338237266, 19.70493696868567], [73.55658906785472, 19.70460606462523], [73.55663212788048, 19.70460606462523], [73.55647191059535, 19.70450550358698], [73.55677097472346, 19.70450550358698], [73.55680542485919, 19.7045541548182], [73.55683573775808, 19.70452561579463], [73.55690498818409, 19.70452561579463], [73.55705368959141, 19.70461894884477], [73.55699428081016, 19.704674881093748], [73.55699428081016, 19.704731828765006], [73.55691243118723, 19.704731828765006]], [[73.56011431703992, 19.705225966689486], [73.56026541708948, 19.70541564382513], [73.56018267153289, 19.70541564382513], [73.56023178452642, 19.705450323044154], [73.56017084628368, 19.705622439668662], [73.5600308075263, 19.705556517741957], [73.5599866504641, 19.70536943904993], [73.5597827383668, 19.70533104316987], [73.55987278461953, 19.70524626631836], [73.55987278461953, 19.70516581748777], [73.55989940992225, 19.70514075026655], [73.55998103092814, 19.704756527065296], [73.5600079553667, 19.70475745322433], [73.56006614536687, 19.70519573154069], [73.56011431703992, 19.705225966689486]], [[73.5657955503414, 19.69712432337919], [73.5657955503414, 19.697346741951545], [73.56568603515625, 19.697398295193977], [73.56549107075234, 19.69730651753624], [73.56549107075234, 19.69719844523541], [73.56549631675301, 19.6971972104827], [73.56530899595647, 19.697064941230416], [73.56543065258033, 19.697026762090147], [73.56542480231467, 19.697010238345232], [73.56544263295413, 19.696926302288528], [73.56533693758558, 19.69682679208908], [73.56588774525584, 19.696723077078907], [73.56590245616597, 19.6967634435383], [73.56559886846499, 19.69690635459055], [73.56558666182627, 19.697009785475206], [73.56571010112266, 19.697067893361908], [73.56571010112266, 19.697120934427502], [73.56571370071848, 19.69712432337919], [73.5657955503414, 19.69712432337919]], [[73.56630824565391, 19.69746284195757], [73.5663296079586, 19.69748295416522], [73.5663296079586, 19.697555159585402], [73.56630824565391, 19.697575271793053], [73.56630824565391, 19.69771266829493], [73.56613193989297, 19.69771266829493], [73.56613193989297, 19.697595384000717], [73.56608291202569, 19.697549225186794], [73.56615330219765, 19.697482954165213], [73.56615330219765, 19.697405894286298], [73.56630824565391, 19.697405894286298], [73.56630824565391, 19.69746284195757]], [[73.56428242630442, 19.699055095313653], [73.56436427592735, 19.699055095313653], [73.56436427592735, 19.699099226334628], [73.56445296347594, 19.699140975163225], [73.56437390197262, 19.69921541008004], [73.56438987967246, 19.699260538190764], [73.564353305793, 19.69932164490698], [73.5643242629701, 19.69932164490698], [73.56430290066541, 19.699381981529932], [73.56419211959162, 19.699381981529932], [73.56417237645162, 19.699344805940747], [73.56410828953754, 19.6994051425637], [73.56406394576351, 19.69932164490698], [73.56406105423649, 19.69932164490698], [73.56399841308595, 19.69943959583467], [73.56388101434264, 19.699218538421796], [73.56394547572229, 19.699097160071233], [73.56412955648857, 19.69917143517504], [73.56414330693674, 19.69916711991235], [73.56414524555703, 19.69916346956336], [73.56414524555703, 19.699156840640104], [73.56408763024345, 19.69912971877363], [73.56414253390489, 19.698974646483048], [73.5642788267086, 19.698974646483048], [73.5642788267086, 19.699051706361963], [73.56428242630442, 19.699055095313653]], [[73.56472743510703, 19.699585656575927], [73.56457533210954, 19.699633390612036], [73.56450012700763, 19.69973959689324], [73.56437392765069, 19.699620782574808], [73.56444539244553, 19.699553499816023], [73.56425944193033, 19.69947847028361], [73.56431844542546, 19.699379888730675], [73.56438023090858, 19.699394431197938], [73.56438023090858, 19.699281569927273], [73.56448140135039, 19.6991228198171], [73.56464198588829, 19.69917321559007], [73.56464198588829, 19.69927294064612], [73.56468471049766, 19.699313165061422], [73.56468471049766, 19.699400621339407], [73.56472743510703, 19.69946095796236], [73.56472743510703, 19.699585656575927]], [[73.56638234093263, 19.700012751923463], [73.5662790362668, 19.700071107562167], [73.56630177405343, 19.70013532915616], [73.5661703168954, 19.700197211375766], [73.56612597817886, 19.70016590332567], [73.56608820468212, 19.70027259243359], [73.56581439684885, 19.700143699973722], [73.56598240376015, 19.70006461230186], [73.56598240376015, 19.700064099625518], [73.56585044021168, 19.69989844469717], [73.56586353918117, 19.699824450098248], [73.56581565474788, 19.699824450098248], [73.56572680944782, 19.699657157743808], [73.56640016004413, 19.699276789598713], [73.56648255180524, 19.699819781641526], [73.56640223182323, 19.699834594584807], [73.5663554849585, 19.699911614347517], [73.56638234093263, 19.700012751923463]], [[73.56491969584923, 19.699948512295844], [73.56489833354453, 19.699968624503494], [73.56489833354453, 19.699988736711127], [73.56487697123985, 19.70000884891878], [73.56487697123985, 19.700065796590057], [73.56465794086952, 19.700065796590057], [73.56465794086952, 19.699879695827327], [73.56474339008828, 19.699879695827327], [73.56474339008828, 19.699839471412027], [73.56480387740652, 19.699839471412027], [73.56491969584923, 19.6997304305289], [73.56491969584923, 19.699948512295844]], [[73.56697047709922, 19.700000219637637], [73.56690768051212, 19.700098755978335], [73.56692775248985, 19.700117653367457], [73.56692775248985, 19.70022669425126], [73.56679057174246, 19.70022669425126], [73.56676920943777, 19.70020658204361], [73.56668464816272, 19.70020658204361], [73.5666350091602, 19.700066379484866], [73.56666599751016, 19.70003720453684], [73.56666599751016, 19.699976867913904], [73.56668735981484, 19.699956755706253], [73.56668735981484, 19.699879695827327], [73.56673008442421, 19.699879695827327], [73.56673008442421, 19.699839471412027], [73.56679057174246, 19.699839471412027], [73.56681193404715, 19.699819359204376], [73.56694911479454, 19.699819359204376], [73.56694911479454, 19.699876306875648], [73.56697047709922, 19.6998964190833], [73.56697047709922, 19.700000219637637]], [[73.5685512876461, 19.701810467761792], [73.56861537456017, 19.701810467761792], [73.56861537456017, 19.702016680732168], [73.56843906879921, 19.702016680732168], [73.56843906879921, 19.701959733060896], [73.5684310913086, 19.70195222240368], [73.56833225727577, 19.702045272784694], [73.56833225727577, 19.7018473032254], [73.56841410689871, 19.70177024334649], [73.5685512876461, 19.70177024334649], [73.5685512876461, 19.701810467761792]], [[73.56770397303025, 19.70354348621664], [73.56781261390195, 19.703645769551873], [73.56756067196757, 19.703645769551873], [73.56757579920212, 19.70370273757794], [73.56748677200754, 19.703786555005426], [73.56733709237203, 19.703786555005426], [73.56731176116207, 19.70361961300474], [73.56720473326018, 19.70355243650175], [73.5672641420414, 19.70349650425277], [73.5672641420414, 19.703461141187322], [73.56720226218324, 19.70337375310527], [73.56725842885257, 19.703320873243616], [73.56723706654789, 19.703220312205374], [73.56730640353169, 19.70315503274058], [73.56747690483358, 19.703172868714525], [73.56754455566404, 19.70298179276505], [73.56762053245342, 19.703196384915092], [73.56775799084646, 19.703261092159575], [73.56763747200594, 19.703317825269178], [73.56768789695434, 19.703333649982348], [73.56771980619284, 19.703483859718723], [73.56770397303025, 19.70354348621664]], [[73.56772716468328, 19.70549100176186], [73.56757222122629, 19.705636878109285], [73.56756862163047, 19.705636878109285], [73.56756862163047, 19.70569721473224], [73.5675258970211, 19.70569721473224], [73.5675258970211, 19.70573743914754], [73.56737095356483, 19.70573743914754], [73.56737095356483, 19.705640267060964], [73.56734959126015, 19.70562015485331], [73.56734959126015, 19.70538196087866], [73.56745910644531, 19.70548506736356], [73.56747416549246, 19.70547088955421], [73.5675508589216, 19.70547088955421], [73.56757222122629, 19.70549100176186], [73.56772716468328, 19.70549100176186]]]}}, {"type": "Feature", "properties": {"id": 113, "area_m2": 8331.2, "perimeter_m": 543.0, "landuse": "Vacant / Unclassified", "building_count": 0, "building_ids": [], "has_unrecorded_building": false, "road_connected": true, "road_distance_m": 4.0, "gps_lat": 19.69591, "gps_lon": 73.563913}, "geometry": {"type": "Polygon", "coordinates": [[[73.56427588298781, 19.69552929856541], [73.56428242630442, 19.69553545897479], [73.56434291362267, 19.69553545897479], [73.56434291362267, 19.695870825035943], [73.56422709517996, 19.695761784152815], [73.56414524555703, 19.695761784152815], [73.56414524555703, 19.695701447529864], [73.56410252094766, 19.695701447529864], [73.56410252094766, 19.695624387650955], [73.56408115864296, 19.695604275443305], [73.56408115864296, 19.69557137972128], [73.5638842154983, 19.695613940373743], [73.56324219038952, 19.69576564414624], [73.56312846351895, 19.69605426349046], [73.56310610142577, 19.69614719686468], [73.56309424260499, 19.696208403681634], [73.56371931316691, 19.696159092870833], [73.56371967862853, 19.69615906570359], [73.56426847862853, 19.69612076570359], [73.56427227132016, 19.696120679027203], [73.56470780334705, 19.696131117998256], [73.56475641426384, 19.69599381920956], [73.5646934484131, 19.69592268181402], [73.56452525294789, 19.69592268181402], [73.56457896325125, 19.695770980095965], [73.56449208299068, 19.695730082031204], [73.56458333865122, 19.695493814444085], [73.56455659425166, 19.695468635095434], [73.56427588298781, 19.69552929856541]]]}}, {"type": "Feature", "properties": {"id": 114, "area_m2": 741.1, "perimeter_m": 130.3, "landuse": "Residential", "building_count": 1, "building_ids": [86], "has_unrecorded_building": true, "road_connected": true, "road_distance_m": 70.5, "gps_lat": 19.697778, "gps_lon": 73.556216}, "geometry": {"type": "Polygon", "coordinates": [[[73.55617710590859, 19.69800271904691], [73.55633204936485, 19.697856842700176], [73.55633204936485, 19.69781661828486], [73.55635341166953, 19.69779650607721], [73.55635341166953, 19.697667352985757], [73.55621623092215, 19.697667352985757], [73.556201171875, 19.69768153079511], [73.55609165668984, 19.69757842431021], [73.55609165668984, 19.69781661828486], [73.55615214400808, 19.697873565956133], [73.55617710590859, 19.697873565956133], [73.55617710590859, 19.69800271904691]]]}}, {"type": "Feature", "properties": {"id": 115, "area_m2": 2269.6, "perimeter_m": 237.3, "landuse": "Residential", "building_count": 1, "building_ids": [91], "has_unrecorded_building": true, "road_connected": true, "road_distance_m": 42.3, "gps_lat": 19.698224, "gps_lon": 73.556022}, "geometry": {"type": "Polygon", "coordinates": [[[73.55615092465297, 19.698429612359174], [73.55623486388669, 19.698350585151065], [73.55621776317135, 19.698302285146532], [73.5564135890339, 19.698196932939357], [73.55623499905114, 19.698084840201854], [73.55617286367998, 19.69809946502237], [73.55613402003274, 19.698026323897356], [73.5560500743874, 19.69810535714191], [73.55600286296324, 19.698097949030753], [73.55597946604188, 19.697965782465143], [73.55585667133828, 19.697920718162248], [73.55585667133828, 19.69806959713877], [73.55576100251436, 19.69806959713877], [73.55580780999472, 19.698378075669048], [73.55577122211953, 19.698395299066853], [73.55577122211953, 19.69844610111582], [73.55615092465297, 19.698429612359174]]]}}, {"type": "Feature", "properties": {"id": 116, "area_m2": 914.5, "perimeter_m": 152.3, "landuse": "Residential", "building_count": 1, "building_ids": [92], "has_unrecorded_building": true, "road_connected": true, "road_distance_m": 6.2, "gps_lat": 19.698595, "gps_lon": 73.556044}, "geometry": {"type": "Polygon", "coordinates": [[[73.55596348286171, 19.69843775210492], [73.55596348286171, 19.69850867675539], [73.55591445499444, 19.698554835569322], [73.55593311363705, 19.698572402330036], [73.55582630211367, 19.698572402330036], [73.55594212055702, 19.69868144321384], [73.55594212055702, 19.698778615300412], [73.55605793899973, 19.698778615300412], [73.55613978862266, 19.698701555421497], [73.55613978862266, 19.698609237793658], [73.55611842631798, 19.698589125586007], [73.55611842631798, 19.698577493223908], [73.5562769693707, 19.698577493223908], [73.5561220259138, 19.698431616876483], [73.55610476469582, 19.698431616876483], [73.55596348286171, 19.69843775210492]]]}}, {"type": "Feature", "properties": {"id": 117, "area_m2": 932.5, "perimeter_m": 153.5, "landuse": "Residential", "building_count": 1, "building_ids": [97], "has_unrecorded_building": true, "road_connected": true, "road_distance_m": 4.0, "gps_lat": 19.698993, "gps_lon": 73.555127}, "geometry": {"type": "Polygon", "coordinates": [[[73.55521319086635, 19.6991273118153], [73.55521681859022, 19.699125206562524], [73.55526393413048, 19.69910117300108], [73.55526393413048, 19.69908368736685], [73.55537975257383, 19.698974646483048], [73.55520344681223, 19.698974646483048], [73.55517410701727, 19.6989470236185], [73.55527294105039, 19.698853973237146], [73.5549594545414, 19.698853973237146], [73.5549594545414, 19.69900323853625], [73.55498081684608, 19.6990233507439], [73.55498081684608, 19.699080298415172], [73.55504130416433, 19.699080298415172], [73.5550840287737, 19.699120522830473], [73.55508762836952, 19.699120522830473], [73.55508762836952, 19.699160747245777], [73.55516218815544, 19.699160747245777], [73.55521319086635, 19.6991273118153]]]}}, {"type": "Feature", "properties": {"id": 118, "area_m2": 107519.5, "perimeter_m": 2191.0, "landuse": "Vacant / Unclassified", "building_count": 0, "building_ids": [], "has_unrecorded_building": false, "road_connected": true, "road_distance_m": 4.0, "gps_lat": 19.698074, "gps_lon": 73.555113}, "geometry": {"type": "Polygon", "coordinates": [[[73.5537206792209, 19.70078075875949], [73.55382388486055, 19.700641938557762], [73.55396461512757, 19.700402786487906], [73.55396648047756, 19.700399938096496], [73.55409898047755, 19.700217238096496], [73.55410124931443, 19.700214418455463], [73.55410380163329, 19.700211822508393], [73.55410661269839, 19.70020947541381], [73.55410965526643, 19.7002073999185], [73.55411289985047, 19.70020561613705], [73.55426413814189, 19.70013161635007], [73.55438283374924, 19.70004703515718], [73.55444407694424, 19.699961864790104], [73.55444976160416, 19.699821332541365], [73.55445015422171, 19.699817382249353], [73.55445100702732, 19.699813496790163], [73.55445230962377, 19.699809723534443], [73.55452630962377, 19.699629823534444], [73.55452800960872, 19.699626274705704], [73.55453010740561, 19.699622919854058], [73.55453257839012, 19.6996197983594], [73.55453539355734, 19.699616946862438], [73.55471409355735, 19.699454546862437], [73.55471638215971, 19.699452628011603], [73.55471882690493, 19.699450888218752], [73.55503610887843, 19.69924340000727], [73.55516218815544, 19.699160747245777], [73.55508762836952, 19.699160747245777], [73.55508762836952, 19.699120522830473], [73.5550840287737, 19.699120522830473], [73.55504130416433, 19.699080298415172], [73.55498081684608, 19.699080298415172], [73.55498081684608, 19.6990233507439], [73.5549594545414, 19.69900323853625], [73.5549594545414, 19.698853973237146], [73.55527294105039, 19.698853973237146], [73.55517410701727, 19.6989470236185], [73.55520344681223, 19.698974646483048], [73.55537975257383, 19.698974646483048], [73.55526393413048, 19.69908368736685], [73.55526393413048, 19.69910117300108], [73.55521681859022, 19.699125206562524], [73.55560301859023, 19.698928206562524], [73.55560642507758, 19.698926669111124], [73.55560997631606, 19.698925456245764], [73.55602837631606, 19.69880425624576], [73.55603196886013, 19.69880339297729], [73.55655566449778, 19.69870277806498], [73.55703068244598, 19.69856031032084], [73.55695487111421, 19.696943985195386], [73.55695487997386, 19.696942302593747], [73.55695488081538, 19.696940619971624], [73.55699319236638, 19.69621339347632], [73.55693882322448, 19.69607561388202], [73.55693882102227, 19.696075607333515], [73.55693881815147, 19.696075601018734], [73.55692930287559, 19.696051459641946], [73.55686106396455, 19.69607588681452], [73.55685718591906, 19.696077056213596], [73.5568531976121, 19.696077829958856], [73.55684914444532, 19.69607819924222], [73.5568450725587, 19.69607815985988], [73.5568410283053, 19.696077712260156], [73.5567626283053, 19.696065012260156], [73.55676197172338, 19.696064874366787], [73.55676130722935, 19.69606477562657], [73.55676014494225, 19.696064490711677], [73.55675897271536, 19.696064244524095], [73.55675833365108, 19.69606404670449], [73.55675768263657, 19.69606388711937], [73.55675655560853, 19.69606349631906], [73.5567554146567, 19.696063143142325], [73.5567547992646, 19.696062887301597], [73.55675416799923, 19.696062668408462], [73.55675308708416, 19.696062175486357], [73.5567519883954, 19.696061718721758], [73.55675140260202, 19.696061407323793], [73.55675079716522, 19.696061131230703], [73.55674977277293, 19.696060540933914], [73.55674872692819, 19.69605998498034], [73.55674817637505, 19.696059621024073], [73.55674760259751, 19.696059290389957], [73.55674664459347, 19.696058608403366], [73.5567456616648, 19.696057958614954], [73.55674515165404, 19.69605754560548], [73.55674461506155, 19.696057163614526], [73.55670181506154, 19.696023463614527], [73.5566989252215, 19.696020938237677], [73.55669632754034, 19.696018145638796], [73.55669404974198, 19.696015115622053], [73.55667784974199, 19.695991015622052], [73.55667582837268, 19.69598761302832], [73.5566565342408, 19.69595054766996], [73.5552184162844, 19.69662961574042], [73.5544419380802, 19.69702060052217], [73.55389907627307, 19.697300597685448], [73.553466796875, 19.697552924696613], [73.553466796875, 19.70091254747268], [73.55361548096876, 19.70085568944435], [73.5537206792209, 19.70078075875949]], [[73.55633204936485, 19.697856842700176], [73.55617710590859, 19.69800271904691], [73.55617710590859, 19.697873565956133], [73.55615214400808, 19.697873565956133], [73.55609165668984, 19.69781661828486], [73.55609165668984, 19.69757842431021], [73.556201171875, 19.69768153079511], [73.55621623092215, 19.697667352985757], [73.55635341166953, 19.697667352985757], [73.55635341166953, 19.69779650607721], [73.55633204936485, 19.69781661828486], [73.55633204936485, 19.697856842700176]], [[73.55623486388669, 19.698350585151065], [73.55615092465297, 19.698429612359174], [73.55610476469582, 19.698431616876483], [73.5561220259138, 19.698431616876483], [73.5562769693707, 19.698577493223908], [73.55611842631798, 19.698577493223908], [73.55611842631798, 19.698589125586007], [73.55613978862266, 19.698609237793658], [73.55613978862266, 19.698701555421497], [73.55605793899973, 19.698778615300412], [73.55594212055702, 19.698778615300412], [73.55594212055702, 19.69868144321384], [73.55582630211367, 19.698572402330036], [73.55593311363705, 19.698572402330036], [73.55591445499444, 19.698554835569322], [73.55596348286171, 19.69850867675539], [73.55596348286171, 19.69843775210492], [73.55600251943997, 19.698436056923608], [73.55577122211953, 19.69844610111582], [73.55577122211953, 19.698395299066853], [73.55580780999472, 19.698378075669048], [73.55576100251436, 19.69806959713877], [73.55585667133828, 19.69806959713877], [73.55585667133828, 19.697920718162248], [73.55597946604188, 19.697965782465143], [73.55600286296324, 19.698097949030753], [73.5560500743874, 19.69810535714191], [73.55613402003274, 19.698026323897356], [73.55617286367998, 19.69809946502237], [73.55623499905114, 19.698084840201854], [73.5564135890339, 19.698196932939357], [73.55621776317135, 19.698302285146532], [73.55623486388669, 19.698350585151065]]]}}, {"type": "Feature", "properties": {"id": 119, "area_m2": 634.7, "perimeter_m": 197.2, "landuse": "Vacant / Unclassified", "building_count": 0, "building_ids": [], "has_unrecorded_building": false, "road_connected": false, "road_distance_m": 264.5, "gps_lat": 19.697196, "gps_lon": 73.553705}, "geometry": {"type": "Polygon", "coordinates": [[[73.55382037787155, 19.69717742139266], [73.55382392527139, 19.697175473114278], [73.55423758077012, 19.696962117957046], [73.553947135414, 19.697066999031154], [73.55394469601046, 19.697067835393185], [73.553466796875, 19.697223071660776], [73.553466796875, 19.697383811140732], [73.55382037787155, 19.69717742139266]]]}}, {"type": "Feature", "properties": {"id": 120, "area_m2": 974.1, "perimeter_m": 143.6, "landuse": "Residential", "building_count": 1, "building_ids": [49], "has_unrecorded_building": true, "road_connected": true, "road_distance_m": 17.0, "gps_lat": 19.694495, "gps_lon": 73.553624}, "geometry": {"type": "Polygon", "coordinates": [[[73.553466796875, 19.694635500524377], [73.55357631206016, 19.694635500524377], [73.55357631206016, 19.694595276109077], [73.55360127396067, 19.694595276109077], [73.55361362934609, 19.694583643746327], [73.55361362934609, 19.69467000246885], [73.55381129741173, 19.69454593529414], [73.55381129741173, 19.6943890631387], [73.55361903666953, 19.6943890631387], [73.55361903666953, 19.6943488387234], [73.55350321822684, 19.6943488387234], [73.55348185592214, 19.69436895093105], [73.553466796875, 19.69436895093105], [73.553466796875, 19.694635500524377]]]}}, {"type": "Feature", "properties": {"id": 121, "area_m2": 5503.4, "perimeter_m": 500.0, "landuse": "Residential", "building_count": 1, "building_ids": [56], "has_unrecorded_building": true, "road_connected": true, "road_distance_m": 4.0, "gps_lat": 19.694721, "gps_lon": 73.554801}, "geometry": {"type": "Polygon", "coordinates": [[[73.55495408686438, 19.694461071865227], [73.55492077528541, 19.694504194923795], [73.55487960652884, 19.69444820882165], [73.55442972981396, 19.694370513363584], [73.55444438752372, 19.69456371277226], [73.55416825479364, 19.694765914590498], [73.55452267461979, 19.69484006561122], [73.55443781414972, 19.694885719631102], [73.55466176629157, 19.695054397011067], [73.55482399747378, 19.694939843808413], [73.55511033726587, 19.695254357918586], [73.55500469360368, 19.69490624260249], [73.55540514667945, 19.69485238274091], [73.55539901822013, 19.694771195084062], [73.5551865735539, 19.694771195084062], [73.55530521490884, 19.694631571831685], [73.55519939954246, 19.694515344794002], [73.55521954109277, 19.694506916842723], [73.55495408686438, 19.694461071865227]], [[73.55485784149155, 19.694771195084062], [73.55485203790666, 19.694757535169284], [73.55495988812937, 19.694689842533233], [73.55507510027701, 19.694771195084062], [73.55485784149155, 19.694771195084062]]]}}, {"type": "Feature", "properties": {"id": 122, "area_m2": 1215.0, "perimeter_m": 195.1, "landuse": "Residential", "building_count": 1, "building_ids": [66], "has_unrecorded_building": true, "road_connected": true, "road_distance_m": 146.8, "gps_lat": 19.696031, "gps_lon": 73.554842}, "geometry": {"type": "Polygon", "coordinates": [[[73.55483128071327, 19.696143916098176], [73.55524508762372, 19.696143916098176], [73.55499493188165, 19.69602615763758], [73.55501629418633, 19.695925596599327], [73.55488488328626, 19.695863736155225], [73.55484904342215, 19.6958974787125], [73.55477134322446, 19.6958974787125], [73.55474998091977, 19.6959377031278], [73.55465678267996, 19.6959377031278], [73.55448047691831, 19.696103691682875], [73.55483128071327, 19.696103691682875], [73.55483128071327, 19.696143916098176]]]}}, {"type": "Feature", "properties": {"id": 123, "area_m2": 1189.5, "perimeter_m": 180.1, "landuse": "Residential", "building_count": 1, "building_ids": [70], "has_unrecorded_building": true, "road_connected": false, "road_distance_m": 211.7, "gps_lat": 19.696319, "gps_lon": 73.55361}, "geometry": {"type": "Polygon", "coordinates": [[[73.553466796875, 19.69652604804354], [73.55355494975548, 19.69652604804354], [73.55355494975548, 19.69645659502095], [73.55357246865285, 19.696445599212936], [73.55361002975027, 19.696445599212936], [73.55367156720341, 19.696503535566453], [73.55368167342041, 19.696500853227068], [73.55372169876773, 19.696425487005286], [73.55381129741173, 19.696425487005286], [73.55381129741173, 19.696283517263534], [73.55369091320976, 19.69622684753376], [73.5537443189715, 19.696201707274195], [73.55356801320981, 19.696118712996658], [73.553466796875, 19.696118712996658], [73.553466796875, 19.69652604804354]], [[73.55365275435965, 19.69625949845021], [73.55362155246749, 19.69625949845021], [73.55368395625182, 19.69623012245622], [73.55365275435965, 19.69625949845021]]]}}, {"type": "Feature", "properties": {"id": 124, "area_m2": 1067.0, "perimeter_m": 157.7, "landuse": "Residential", "building_count": 1, "building_ids": [71], "has_unrecorded_building": true, "road_connected": false, "road_distance_m": 220.0, "gps_lat": 19.696503, "gps_lon": 73.554335}, "geometry": {"type": "Polygon", "coordinates": [[[73.55432759232004, 19.696707057912395], [73.55438807963829, 19.696650110241137], [73.55438807963829, 19.696589773618182], [73.5544130415388, 19.696566272458842], [73.5545376157711, 19.696566272458842], [73.5545376157711, 19.69645723157504], [73.55447712845286, 19.696400283903767], [73.55440944194298, 19.696400283903767], [73.55440944194298, 19.696339947280812], [73.5541173177387, 19.696339947280812], [73.55422683292414, 19.696443053766], [73.55421177387734, 19.69645723157504], [73.55421177387734, 19.69652943699522], [73.55422683292414, 19.696543614804256], [73.55421177387734, 19.69655779261329], [73.55421177387734, 19.696707057912395], [73.55432759232004, 19.696707057912395]]]}}, {"type": "Feature", "properties": {"id": 125, "area_m2": 2424.3, "perimeter_m": 208.0, "landuse": "Residential", "building_count": 1, "building_ids": [79], "has_unrecorded_building": true, "road_connected": false, "road_distance_m": 238.9, "gps_lat": 19.696699, "gps_lon": 73.553711}, "geometry": {"type": "Polygon", "coordinates": [[[73.55354465807078, 19.696537219126242], [73.553466796875, 19.696573871551163], [73.553466796875, 19.697015223186302], [73.55363965691399, 19.696959075342388], [73.55375941689007, 19.696858851553372], [73.55393947123984, 19.69678620107614], [73.55393947123984, 19.696715839016516], [73.55404050479385, 19.696696814778754], [73.55394327033079, 19.696431421540098], [73.55354465807078, 19.696537219126242]]]}}, {"type": "Feature", "properties": {"id": 126, "area_m2": 55115.5, "perimeter_m": 1867.5, "landuse": "Vacant / Unclassified", "building_count": 0, "building_ids": [], "has_unrecorded_building": false, "road_connected": true, "road_distance_m": 4.0, "gps_lat": 19.695487, "gps_lon": 73.554788}, "geometry": {"type": "Polygon", "coordinates": [[[73.55429542245315, 19.69674494788077], [73.5546978106203, 19.696594039932343], [73.55505288788349, 19.696436877837353], [73.55636326072151, 19.695815517484508], [73.55654209317728, 19.69573069849199], [73.55651492837268, 19.69567851302832], [73.55651455123231, 19.69567768841075], [73.55651413231894, 19.695676881863402], [73.55651381104884, 19.695676069999276], [73.55651344711336, 19.695675274254196], [73.55651315763956, 19.695674418804387], [73.55651282471261, 19.695673577482918], [73.556290854026, 19.695015621361687], [73.55617044741668, 19.694817425616627], [73.5560894964715, 19.69469849652139], [73.55599558940685, 19.694640943404334], [73.55521954109277, 19.694506916842723], [73.55519939954246, 19.694515344794002], [73.55530521490884, 19.694631571831685], [73.5551865735539, 19.694771195084062], [73.55539901822013, 19.694771195084062], [73.55540514667945, 19.69485238274091], [73.55500469360368, 19.69490624260249], [73.55511033726587, 19.695254357918586], [73.55482399747378, 19.694939843808413], [73.55466176629157, 19.695054397011067], [73.55443781414972, 19.694885719631102], [73.55452267461979, 19.69484006561122], [73.55416825479364, 19.694765914590498], [73.55444438752372, 19.69456371277226], [73.55442972981396, 19.694370513363584], [73.553466796875, 19.69420421110053], [73.553466796875, 19.69436895093105], [73.55348185592214, 19.69436895093105], [73.55350321822684, 19.6943488387234], [73.55361903666953, 19.6943488387234], [73.55361903666953, 19.6943890631387], [73.55381129741173, 19.6943890631387], [73.55381129741173, 19.69454593529414], [73.55361362934609, 19.69467000246885], [73.55361362934609, 19.694583643746327], [73.55360127396067, 19.694595276109077], [73.55357631206016, 19.694595276109077], [73.55357631206016, 19.694635500524377], [73.553466796875, 19.694635500524377], [73.553466796875, 19.696118712996658], [73.55356801320981, 19.696118712996658], [73.5537443189715, 19.696201707274195], [73.55369091320976, 19.69622684753376], [73.55381129741173, 19.696283517263534], [73.55381129741173, 19.696425487005286], [73.55372169876773, 19.696425487005286], [73.55368167342041, 19.696500853227068], [73.5536719915349, 19.6965034229426], [73.55394327033079, 19.696431421540098], [73.55404050479385, 19.696696814778754], [73.55393947123984, 19.696715839016516], [73.55393947123984, 19.69678620107614], [73.55375941689007, 19.696858851553372], [73.55363965691399, 19.696959075342388], [73.5538828117468, 19.696880094568805], [73.55429542245315, 19.69674494788077]], [[73.55499493188165, 19.69602615763758], [73.55524508762372, 19.696143916098176], [73.55483128071327, 19.696143916098176], [73.55483128071327, 19.696103691682875], [73.55448047691831, 19.696103691682875], [73.55465678267996, 19.6959377031278], [73.55474998091977, 19.6959377031278], [73.55477134322446, 19.6958974787125], [73.55484904342215, 19.6958974787125], [73.55488488328626, 19.695863736155225], [73.55501629418633, 19.695925596599327], [73.55499493188165, 19.69602615763758]], [[73.55438807963829, 19.696589773618182], [73.55438807963829, 19.696650110241137], [73.55432759232004, 19.696707057912395], [73.55421177387734, 19.696707057912395], [73.55421177387734, 19.69655779261329], [73.55422683292414, 19.696543614804256], [73.55421177387734, 19.69652943699522], [73.55421177387734, 19.69645723157504], [73.55422683292414, 19.696443053766], [73.5541173177387, 19.696339947280812], [73.55440944194298, 19.696339947280812], [73.55440944194298, 19.696400283903767], [73.55447712845286, 19.696400283903767], [73.5545376157711, 19.69645723157504], [73.5545376157711, 19.696566272458842], [73.5544130415388, 19.696566272458842], [73.55438807963829, 19.696589773618182]]]}}, {"type": "Feature", "properties": {"id": 127, "area_m2": 105.9, "perimeter_m": 60.5, "landuse": "Vacant / Unclassified", "building_count": 0, "building_ids": [], "has_unrecorded_building": false, "road_connected": false, "road_distance_m": 246.7, "gps_lat": 19.696502, "gps_lon": 73.553573}, "geometry": {"type": "Polygon", "coordinates": [[[73.553466796875, 19.696573871551163], [73.55354465807078, 19.696537219126242], [73.55367156720341, 19.696503535566453], [73.55361002975027, 19.696445599212936], [73.55357246865285, 19.696445599212936], [73.55355494975548, 19.69645659502095], [73.55355494975548, 19.69652604804354], [73.553466796875, 19.69652604804354], [73.553466796875, 19.696573871551163]]]}}, {"type": "Feature", "properties": {"id": 128, "area_m2": 114.0, "perimeter_m": 53.1, "landuse": "Vacant / Unclassified", "building_count": 0, "building_ids": [], "has_unrecorded_building": false, "road_connected": true, "road_distance_m": 28.9, "gps_lat": 19.694744, "gps_lon": 73.554957}, "geometry": {"type": "Polygon", "coordinates": [[[73.55495988812937, 19.694689842533233], [73.55485203790666, 19.694757535169284], [73.55485784149155, 19.694771195084062], [73.55507510027701, 19.694771195084062], [73.55495988812937, 19.694689842533233]]]}}, {"type": "Feature", "properties": {"id": 129, "area_m2": 1720.7, "perimeter_m": 208.6, "landuse": "Residential", "building_count": 1, "building_ids": [110], "has_unrecorded_building": false, "road_connected": true, "road_distance_m": 4.0, "gps_lat": 19.70013, "gps_lon": 73.557286}, "geometry": {"type": "Polygon", "coordinates": [[[73.55702992140961, 19.699932432996384], [73.5569735952258, 19.69997220552755], [73.55704267426461, 19.700251421664188], [73.55729104920236, 19.700213237082778], [73.5572950144301, 19.700212826353102], [73.55729900353441, 19.70021280753036], [73.55730297293574, 19.700213180820178], [73.55730687926979, 19.700213942144504], [73.55731067986123, 19.700215083186134], [73.55731433318994, 19.70021659147959], [73.55755974806019, 19.700332667388636], [73.55764104032048, 19.700332667388636], [73.55760357717627, 19.700121042319136], [73.55749233405255, 19.700121042319136], [73.55746866469735, 19.70003190531007], [73.5573222673465, 19.700054877034976], [73.5572773889607, 19.69999149880208], [73.55719825430498, 19.70001012474918], [73.55714519810142, 19.699910221915793], [73.55702992140961, 19.699932432996384]]]}}, {"type": "Feature", "properties": {"id": 130, "area_m2": 7402.0, "perimeter_m": 550.4, "landuse": "Vacant / Unclassified", "building_count": 0, "building_ids": [], "has_unrecorded_building": false, "road_connected": true, "road_distance_m": 4.0, "gps_lat": 19.699767, "gps_lon": 73.557478}, "geometry": {"type": "Polygon", "coordinates": [[[73.55794217079523, 19.7001031767349], [73.55799641702144, 19.699933224462328], [73.55805536682496, 19.699652511112262], [73.55785910600612, 19.699628123673236], [73.55785564597662, 19.699627540006297], [73.55785225765912, 19.699626659109388], [73.55784896979533, 19.6996254884548], [73.55784581027486, 19.699624037972708], [73.55784280589859, 19.69962231996696], [73.55781286006598, 19.69960336548864], [73.55775278427359, 19.699649374754024], [73.55774948898406, 19.699651634237377], [73.55774595651752, 19.69965354992574], [73.5577422271751, 19.699655099963437], [73.5576926271751, 19.699672799963437], [73.5576892000378, 19.699673851573767], [73.55768568281087, 19.699674594101296], [73.557682106867, 19.699675020922875], [73.55765407115517, 19.699677106913338], [73.55760027648205, 19.69969671005693], [73.55759657190234, 19.69969785883193], [73.55759276213495, 19.699698645641355], [73.55751166213494, 19.699711345641354], [73.55750794175285, 19.699711752838812], [73.55750419689227, 19.69971181475383], [73.55750046361827, 19.699711530790136], [73.55749677788434, 19.69971090368246], [73.55749317518608, 19.699709939470182], [73.55748969021948, 19.6997086474392], [73.55748635654665, 19.699707040032475], [73.55748320627268, 19.699705132730216], [73.55748026973643, 19.699702943900785], [73.55747757521837, 19.699700494623805], [73.55747514866816, 19.699697808487155], [73.55747301345481, 19.699694911359796], [73.5574711901416, 19.699691831142648], [73.55746969628802, 19.69968859749989], [73.55746854628072, 19.699685241573263], [73.55746775119486, 19.69968179568218], [73.5574673186876, 19.699678293012457], [73.55746725292418, 19.699674767296717], [73.55746755453795, 19.699671252489527], [73.55746822062422, 19.699667782440404], [73.5574692447682, 19.699664390567815], [73.55747061710682, 19.699661109537352], [73.55747232442371, 19.69965797094713], [73.5574743502765, 19.699655005023484], [73.55747667515509, 19.69965224032989], [73.55747927666964, 19.699649703491847], [73.55748212976614, 19.6996474189405], [73.55748520696771, 19.699645408677327], [73.55748847863923, 19.69964369206226], [73.5574919132727, 19.699642285627238], [73.55749547779072, 19.699641202917004], [73.55749913786505, 19.699640454358644], [73.55757637522774, 19.699628359235263], [73.55763172351796, 19.69960818994307], [73.5576352284372, 19.69960709314638], [73.55763882955047, 19.699606320445596], [73.557642493133, 19.699605879077126], [73.55767066469258, 19.699603782978944], [73.55770940267844, 19.699589959141246], [73.55774722511399, 19.69956099269061], [73.55774683343648, 19.699560648980277], [73.55774418134159, 19.699557769918865], [73.55774186803555, 19.69955464260462], [73.55769403003445, 19.69948204373341], [73.5576384218167, 19.69940571195624], [73.55761378317938, 19.699400138177104], [73.55761158933274, 19.69939957631208], [73.55752491402288, 19.69937474500709], [73.55702756241068, 19.699384575244437], [73.55684666908857, 19.699459050918314], [73.5569494456106, 19.69987458403566], [73.55749744783547, 19.699768997022442], [73.55750114964735, 19.699768460382767], [73.55750488950328, 19.699768267935145], [73.5575086313864, 19.699768421532948], [73.55751233926034, 19.699768919696947], [73.55751597741624, 19.69976975762955], [73.55751951081669, 19.69977092726101], [73.55752290543309, 19.699772417327136], [73.55752612857344, 19.699774213477774], [73.55752914919714, 19.699776298415014], [73.55753193821391, 19.69977865205977], [73.55753446876402, 19.699781251745158], [73.55753671647686, 19.69978407243478], [73.55753865970576, 19.699787086963862], [73.55754027973634, 19.699790266300838], [73.55754156096684, 19.699793579826952], [73.55754249105829, 19.699796995631136], [73.55754306105341, 19.699800480817334], [73.55754326546283, 19.699804001821292], [73.55754310231798, 19.69980752473382], [73.55754257319003, 19.699811015627343], [73.55754168317479, 19.69981444088265], [73.55754044084357, 19.69981776751266], [73.5575388581607, 19.699820963480104], [73.5575369503683, 19.69982399800607], [73.55753473583944, 19.699826841866415], [73.55753223590123, 19.69982946767321], [73.55752947462948, 19.6998318501385], [73.55752647861671, 19.699833966317843], [73.55752327671618, 19.69983579583127], [73.55751989976393, 19.699837321059572], [73.55751638028187, 19.69983852731396], [73.55751275216453, 19.699839402977556], [73.55714519810142, 19.699910221915793], [73.55719825430498, 19.70001012474918], [73.5572773889607, 19.69999149880208], [73.5573222673465, 19.700054877034976], [73.55746866469735, 19.70003190531007], [73.55749233405255, 19.700121042319136], [73.55760357717627, 19.700121042319136], [73.55764104032048, 19.700332667388636], [73.55769524154924, 19.700332667388636], [73.55785931268404, 19.700220912759253], [73.55794217079523, 19.7001031767349]]]}}, {"type": "Feature", "properties": {"id": 131, "area_m2": 1468.9, "perimeter_m": 354.4, "landuse": "Vacant / Unclassified", "building_count": 0, "building_ids": [], "has_unrecorded_building": false, "road_connected": true, "road_distance_m": 4.0, "gps_lat": 19.699348, "gps_lon": 73.557921}, "geometry": {"type": "Polygon", "coordinates": [[[73.55812957751408, 19.699298864077413], [73.55811579069797, 19.69928885272787], [73.55811295642968, 19.69928657860478], [73.55811037105379, 19.699284055255767], [73.55810805918361, 19.699281306703647], [73.55810604282867, 19.699278359115226], [73.55810434118507, 19.69927524055218], [73.55810297045285, 19.699271980703898], [73.55810194368165, 19.699268610604832], [73.55810127064657, 19.699265162339053], [73.55810095775504, 19.69926166873478], [73.55810100798585, 19.699258163051883], [73.55810142086081, 19.699254678665213], [73.55810893395669, 19.699210820967952], [73.55810893395669, 19.69920122859471], [73.55800005218344, 19.699132232611365], [73.5579205316769, 19.699132232611365], [73.55772004183493, 19.69921649100649], [73.5577864, 19.6992187], [73.5578883, 19.69922], [73.557844, 19.6995041], [73.5577072, 19.6993488], [73.5577099, 19.6992894], [73.55771122732567, 19.699219999829293], [73.55770765903779, 19.699220938933596], [73.55770397041914, 19.699221550822497], [73.55770023585875, 19.699221819374486], [73.55769649132246, 19.699221742003264], [73.55769277287223, 19.699221319453958], [73.55768911631874, 19.699220555795947], [73.55768555687662, 19.699219458383677], [73.55768212882525, 19.699218037785826], [73.5576788651786, 19.69921630768353], [73.55767579736741, 19.69921428473862], [73.55767295493636, 19.69921198843316], [73.55767036525964, 19.699209440881823], [73.55766926496881, 19.699208120588054], [73.55766895060168, 19.699218522039907], [73.55766866687914, 19.69922199021641], [73.5576680282999, 19.69922541631437], [73.5576670408482, 19.699228768227254], [73.5576657137776, 19.699232014543746], [73.5576640595243, 19.69923512484208], [73.55766209359058, 19.69923806997515], [73.55765983439952, 19.699240822343626], [73.55765730312237, 19.69924335615462], [73.55765452348014, 19.69924564766338], [73.55765152152132, 19.699247675395792], [73.55764832537774, 19.699249420349656], [73.55764496500099, 19.69925086617272], [73.55754876500099, 19.69928706617272], [73.55754819236108, 19.69928725153141], [73.55754763406017, 19.699287472284617], [73.55754642232266, 19.69928782447788], [73.55754522305686, 19.699288212670076], [73.55754463387679, 19.699288344292267], [73.55754405528174, 19.699288512461756], [73.55754281271241, 19.69928875113841], [73.5575415788069, 19.699289026791558], [73.55754097876077, 19.69928910340965], [73.55754038544377, 19.69928921737586], [73.55753912400924, 19.699289340237314], [73.55753786734722, 19.69928950069672], [73.5575372622138, 19.699289521572844], [73.55753665988883, 19.699289580238215], [73.55711979992266, 19.699310793230577], [73.5571195578078, 19.69931087588236], [73.55752939893033, 19.6993027753044], [73.55753342005049, 19.699302895505053], [73.55753740539066, 19.69930341355167], [73.55754131066726, 19.69930432368792], [73.55763272263562, 19.69933051198156], [73.55767051682062, 19.699339061822894], [73.55767435092464, 19.699340132044586], [73.55767804503618, 19.699341574102824], [73.55768155859752, 19.69934337216524], [73.55768485303328, 19.699345506490896], [73.55768789217379, 19.69934795364701], [73.55769064265233, 19.699350686766238], [73.55769307427136, 19.699353675841643], [73.55775747427136, 19.699442075841645], [73.55775843196446, 19.69944345739538], [73.55780239687985, 19.69951017847815], [73.55783199410142, 19.699528880033043], [73.55787796681487, 19.699557978866654], [73.55807019664768, 19.699581865413922], [73.55812957751408, 19.699298864077413]]]}}, {"type": "Feature", "properties": {"id": 132, "area_m2": 1446.7, "perimeter_m": 217.5, "landuse": "Residential", "building_count": 1, "building_ids": [82], "has_unrecorded_building": true, "road_connected": true, "road_distance_m": 4.0, "gps_lat": 19.696983, "gps_lon": 73.559316}, "geometry": {"type": "Polygon", "coordinates": [[[73.55953033142673, 19.69713150231533], [73.5595268725714, 19.697130019351516], [73.55952358752566, 19.697128219861536], [73.55952050886546, 19.69712612168992], [73.55951766712013, 19.697123745643044], [73.55951509046967, 19.697121115282823], [73.55951280446526, 19.697118256693056], [73.55951083177588, 19.697115198220757], [73.55950919196363, 19.69711197019507], [73.55945959196363, 19.69700037019507], [73.55945846120954, 19.696997485079184], [73.55945759662416, 19.696994519501505], [73.55945700454022, 19.696991495183838], [73.55943086682447, 19.69681619633248], [73.5594301460163, 19.696818232214476], [73.55941317319436, 19.696762303641478], [73.55918919086953, 19.696762303641478], [73.55918919086953, 19.696840199502592], [73.55911483767534, 19.696863533546725], [73.55915850166129, 19.69706907765011], [73.55924520571797, 19.69706907765011], [73.5591920089904, 19.697269412519844], [73.55944228823095, 19.69711232372473], [73.55943017699211, 19.69707811621473], [73.55960048198203, 19.69723845515622], [73.55960048198203, 19.69715769185597], [73.55953033142673, 19.69713150231533]]]}}, {"type": "Feature", "properties": {"id": 133, "area_m2": 34175.1, "perimeter_m": 1000.1, "landuse": "Vacant / Unclassified", "building_count": 0, "building_ids": [], "has_unrecorded_building": false, "road_connected": true, "road_distance_m": 4.0, "gps_lat": 19.69725, "gps_lon": 73.558776}, "geometry": {"type": "Polygon", "coordinates": [[[73.55980296626907, 19.69770793258809], [73.55992424627024, 19.697648447255943], [73.55982584557104, 19.69742506534667], [73.55982529572731, 19.697423743978], [73.55975539086506, 19.697245462474164], [73.55970967604183, 19.697198457638297], [73.55953033142673, 19.69713150231533], [73.55960048198203, 19.69715769185597], [73.55960048198203, 19.69723845515622], [73.55943017699211, 19.69707811621473], [73.55944228823095, 19.69711232372473], [73.5591920089904, 19.697269412519844], [73.55924520571797, 19.69706907765011], [73.55915850166129, 19.69706907765011], [73.55911483767534, 19.696863533546725], [73.55918919086953, 19.696840199502592], [73.55918919086953, 19.696762303641478], [73.55941317319436, 19.696762303641478], [73.5594301460163, 19.696818232214476], [73.55943086682447, 19.69681619633248], [73.55945700454022, 19.696991495183838], [73.55940228205623, 19.69662448573742], [73.55932488666413, 19.696276405432844], [73.55922595449607, 19.695900543058723], [73.5592258084824, 19.695899968108062], [73.55921220776065, 19.69584439590601], [73.55855442533004, 19.695981728042742], [73.55835852429185, 19.696686991195588], [73.55835707950726, 19.696691142843115], [73.55835511024793, 19.696695098728718], [73.55803287045879, 19.6972516225297], [73.55774334544338, 19.698355329295683], [73.5581053353719, 19.698328225658127], [73.55848144233813, 19.698263352390395], [73.5588636451092, 19.698138359614664], [73.55932115891078, 19.697954916852346], [73.55980234882418, 19.69770824223849], [73.55980296626907, 19.69770793258809]]]}}, {"type": "Feature", "properties": {"id": 134, "area_m2": 687.9, "perimeter_m": 117.4, "landuse": "Residential", "building_count": 1, "building_ids": [76], "has_unrecorded_building": false, "road_connected": true, "road_distance_m": 32.2, "gps_lat": 19.696914, "gps_lon": 73.557601}, "geometry": {"type": "Polygon", "coordinates": [[[73.55750156879921, 19.697048965442455], [73.55767787456016, 19.697048965442455], [73.55767787456016, 19.696948404404203], [73.55781505530828, 19.696948404404203], [73.55766011185129, 19.69680252805678], [73.5576387495466, 19.69680252805678], [73.55761738724192, 19.69678241584913], [73.55748020649453, 19.69678241584913], [73.55748020649453, 19.696971905563533], [73.55750156879921, 19.696992017771183], [73.55750156879921, 19.697048965442455]]]}}, {"type": "Feature", "properties": {"id": 135, "area_m2": 3786.8, "perimeter_m": 366.8, "landuse": "Residential", "building_count": 1, "building_ids": [90], "has_unrecorded_building": true, "road_connected": true, "road_distance_m": 4.0, "gps_lat": 19.698117, "gps_lon": 73.557304}, "geometry": {"type": "Polygon", "coordinates": [[[73.55707884836437, 19.69795821141773], [73.55708508168838, 19.697961412448933], [73.55707920607202, 19.697965837874683], [73.5570941431067, 19.698284300878655], [73.55709568501015, 19.69828459121327], [73.55709568501015, 19.698317174820406], [73.55710602925396, 19.69853771785501], [73.55715929966506, 19.698521747238665], [73.5574415254209, 19.698427047102896], [73.55740369892774, 19.698398556758015], [73.55741031292848, 19.69839440545323], [73.55744407483573, 19.698426191653223], [73.55762538693773, 19.698365352837765], [73.55762859516634, 19.698364423846268], [73.55763187768315, 19.69836376382949], [73.55763520909964, 19.698363377892306], [73.55766315104788, 19.69836130998639], [73.55768530739334, 19.69827684713486], [73.55755103189493, 19.698238921778785], [73.5576031004278, 19.698173559720995], [73.5574556698545, 19.698094243658762], [73.55756089615315, 19.69797040793509], [73.55739491725703, 19.69793915473397], [73.55734988133028, 19.69751514996319], [73.55732809123981, 19.697508692508116], [73.55724201737023, 19.697792321754726], [73.55722518755478, 19.697771195148896], [73.55715876132275, 19.697802464672282], [73.55711405965013, 19.697676207322957], [73.55706687163963, 19.697702863297007], [73.55707884836437, 19.69795821141773]]]}}, {"type": "Feature", "properties": {"id": 136, "area_m2": 28506.8, "perimeter_m": 986.6, "landuse": "Vacant / Unclassified", "building_count": 0, "building_ids": [], "has_unrecorded_building": false, "road_connected": true, "road_distance_m": 4.0, "gps_lat": 19.696658, "gps_lon": 73.557685}, "geometry": {"type": "Polygon", "coordinates": [[[73.55796086599295, 19.697226931636614], [73.55796204972617, 19.697224063522125], [73.55796348975207, 19.697221301271284], [73.55828585630267, 19.696664558547077], [73.5584845045037, 19.695949405335814], [73.55841584801004, 19.695512719222673], [73.55835697130007, 19.695443083316974], [73.55829415680707, 19.695451211412546], [73.55799972860221, 19.69554765527193], [73.55699935324526, 19.69602261811443], [73.55701037931334, 19.69605059254917], [73.55706747677552, 19.69619528611798], [73.55706863768803, 19.696198757169395], [73.55706941974654, 19.69620232096924], [73.5570698149298, 19.696205940965147], [73.55706981918462, 19.696209580028377], [73.55703120781625, 19.69694249763058], [73.55706687163963, 19.697702863297007], [73.55711405965013, 19.697676207322957], [73.55715876132275, 19.697802464672282], [73.55722518755478, 19.697771195148896], [73.55724201737023, 19.697792321754726], [73.55732809123981, 19.697508692508116], [73.55734988133028, 19.69751514996319], [73.55739491725703, 19.69793915473397], [73.55756089615315, 19.69797040793509], [73.5574556698545, 19.698094243658762], [73.5576031004278, 19.698173559720995], [73.55755103189493, 19.698238921778785], [73.55768530739334, 19.69827684713486], [73.55795994723282, 19.69722988458268], [73.55796086599295, 19.697226931636614]], [[73.55750156879921, 19.697048965442455], [73.55750156879921, 19.696992017771183], [73.55748020649453, 19.696971905563533], [73.55748020649453, 19.69678241584913], [73.55761738724192, 19.69678241584913], [73.5576387495466, 19.69680252805678], [73.55766011185129, 19.69680252805678], [73.55781505530828, 19.696948404404203], [73.55767787456016, 19.696948404404203], [73.55767787456016, 19.697048965442455], [73.55750156879921, 19.697048965442455]]]}}, {"type": "Feature", "properties": {"id": 137, "area_m2": 3419.5, "perimeter_m": 240.1, "landuse": "Vacant / Unclassified", "building_count": 0, "building_ids": [], "has_unrecorded_building": false, "road_connected": true, "road_distance_m": 4.0, "gps_lat": 19.695618, "gps_lon": 73.558824}, "geometry": {"type": "Polygon", "coordinates": [[[73.55848196061208, 19.695475521431938], [73.55848428882197, 19.695478593285323], [73.55848626199949, 19.69548187808556], [73.55848785838117, 19.695485339602353], [73.5584890603594, 19.695488939656293], [73.55848985467678, 19.69549263853994], [73.55855515298246, 19.695907965070546], [73.55919509323945, 19.69577435803153], [73.55915500273025, 19.695610044568824], [73.55915469540653, 19.69560866076014], [73.55910572274651, 19.695364240250775], [73.55879613763092, 19.695386148246193], [73.55844490003469, 19.69543168836323], [73.55848196061208, 19.695475521431938]]]}}, {"type": "Feature", "properties": {"id": 138, "area_m2": 5938.2, "perimeter_m": 479.3, "landuse": "Vacant / Unclassified", "building_count": 0, "building_ids": [], "has_unrecorded_building": false, "road_connected": true, "road_distance_m": 4.0, "gps_lat": 19.695435, "gps_lon": 73.560067}, "geometry": {"type": "Polygon", "coordinates": [[[73.55922956539158, 19.695594644489024], [73.5592698170701, 19.695759618514366], [73.55948361367335, 19.69571999499085], [73.55961661758506, 19.695689633527213], [73.55964716492383, 19.695605034597072], [73.55964848827202, 19.695601869791908], [73.55965012352115, 19.695598836964276], [73.55965205601997, 19.695595963287253], [73.55965426845397, 19.69559327450799], [73.5596567410005, 19.695590794717], [73.5596594515064, 19.695588546132353], [73.5596623756865, 19.695586548900586], [73.55966548734116, 19.6955848209162], [73.55966875859104, 19.695583377661325], [73.55967216012687, 19.69558223206703], [73.55967566147208, 19.695581394397436], [73.55967923125584, 19.69558087215777], [73.56007080351364, 19.695541345618363], [73.56048567929805, 19.695484245293848], [73.56049024543518, 19.695483878629073], [73.56076829202227, 19.695477329351863], [73.56110245834718, 19.69543370787799], [73.56110483257318, 19.69543346894411], [73.56112871705808, 19.695431774715942], [73.56113766071125, 19.6952202573184], [73.5591823142731, 19.695358816121985], [73.55922956539158, 19.695594644489024]]]}}, {"type": "Feature", "properties": {"id": 139, "area_m2": 14224.0, "perimeter_m": 1864.2, "landuse": "Vacant / Unclassified", "building_count": 0, "building_ids": [], "has_unrecorded_building": false, "road_connected": true, "road_distance_m": 4.0, "gps_lat": 19.694849, "gps_lon": 73.563159}, "geometry": {"type": "Polygon", "coordinates": [[[73.56117463678973, 19.695145568645234], [73.56316533661096, 19.695004568657897], [73.56367320555303, 19.69496859210946], [73.56496984726836, 19.694855363960595], [73.5655231277153, 19.694695102049458], [73.56586008382202, 19.694581087594162], [73.56599405306744, 19.694535695435786], [73.56630691596149, 19.694308928942682], [73.56652493517575, 19.694150867502298], [73.56684502028706, 19.693889567444053], [73.5668352033498, 19.693892523586573], [73.56665829673278, 19.69394960571082], [73.56618710019868, 19.694201588272946], [73.56618135872974, 19.694204363235055], [73.56589475872974, 19.694328763235056], [73.5658919654509, 19.694329912564832], [73.56557906545089, 19.69445171256483], [73.56557825453103, 19.69445202311053], [73.56526525453104, 19.694569923110528], [73.56525806979421, 19.694572246121986], [73.56493536979421, 19.694659946121988], [73.56492808054168, 19.694661567040345], [73.56463458054168, 19.694712667040346], [73.56462913134479, 19.694713425479694], [73.56425353134478, 19.69475272547969], [73.56425191546771, 19.69475287818829], [73.56382572693398, 19.694788848152633], [73.56383406679237, 19.69489751029693], [73.56383415310307, 19.694901035619864], [73.56383387197853, 19.694904551932268], [73.56383322612614, 19.694908025370133], [73.5638322217658, 19.694911422482345], [73.56383086857004, 19.69491471055287], [73.5638291795709, 19.69491785791578], [73.56382717103436, 19.69492083426025], [73.56382486230372, 19.694923610922466], [73.5638222756133, 19.694926161161643], [73.56381943587438, 19.694928460417586], [73.56381637043518, 19.694930486547207], [73.56381310881754, 19.694932220037764], [73.56380968243263, 19.6949336441948], [73.56380612427843, 19.694934745302906], [73.56380246862189, 19.6949355127578], [73.56379875066898, 19.694935939168484], [73.56379500622563, 19.694936020428383], [73.56379127135287, 19.694935755754916], [73.56378758201956, 19.69493514769704], [73.563783973756, 19.694934202110684], [73.56378048131175, 19.69493292810236], [73.56377713832096, 19.694931337941462], [73.56377397697844, 19.694929446942115], [73.56377102772966, 19.69492727331567], [73.5637683189775, 19.69492483799534], [73.5637658768087, 19.694922164434594], [73.56376372474271, 19.69491927838128], [73.5637618835051, 19.69491620762967], [73.56376037082798, 19.694912981752783], [73.56375920127925, 19.694909631817573], [73.56375838612234, 19.694906190085753], [73.56375793320763, 19.694902689703074], [73.56374968838043, 19.69479526574448], [73.55930434349715, 19.695170449223852], [73.55900969487978, 19.695206603032805], [73.55873788960085, 19.695260338799667], [73.55837480831705, 19.695366340702442], [73.55837443052033, 19.695366449991955], [73.55836276953066, 19.695369792216848], [73.55836809818311, 19.69536910269769], [73.55878689310374, 19.69531480335626], [73.55878923935009, 19.695314568463967], [73.55913403742365, 19.695290168600295], [73.56117463549722, 19.695145568736802], [73.56117463614586, 19.695145568720896], [73.56117463678973, 19.695145568645234]]]}}, {"type": "Feature", "properties": {"id": 140, "area_m2": 3140.7, "perimeter_m": 1167.6, "landuse": "Vacant / Unclassified", "building_count": 0, "building_ids": [], "has_unrecorded_building": false, "road_connected": true, "road_distance_m": 25.4, "gps_lat": 19.693884, "gps_lon": 73.563841}, "geometry": {"type": "Polygon", "coordinates": [[[73.56471078687464, 19.693871147327243], [73.56490406785953, 19.693847466230466], [73.56510649602022, 19.693812960316396], [73.56556661847063, 19.693707957248], [73.56556927734354, 19.693707397578343], [73.56580927734355, 19.693661097578342], [73.56581134097179, 19.693660727252304], [73.566222408311, 19.693592464798975], [73.566447477636, 19.693543150748802], [73.56668449756513, 19.693484076683227], [73.56646384003923, 19.693498203645962], [73.5661511444346, 19.693542170304116], [73.56580954603255, 19.693603081587753], [73.56539318149483, 19.693697465514525], [73.5653155398231, 19.69371509334306], [73.56503588116995, 19.693784210121457], [73.56503007638675, 19.693785419395848], [73.56485377638676, 19.693815419395847], [73.56484681025802, 19.69381629524505], [73.56242741025801, 19.69401429524505], [73.56242567283577, 19.694014418640542], [73.56206037283577, 19.69403641864054], [73.56205677211194, 19.694036555242157], [73.56180458365658, 19.69404051269144], [73.56161800201076, 19.694055956593836], [73.56133569642806, 19.694107967857793], [73.56117522194988, 19.69416748763572], [73.56471078687464, 19.693871147327243]]]}}, {"type": "Feature", "properties": {"id": 141, "area_m2": 225.4, "perimeter_m": 342.2, "landuse": "Vacant / Unclassified", "building_count": 0, "building_ids": [], "has_unrecorded_building": false, "road_connected": true, "road_distance_m": 55.2, "gps_lat": 19.693716, "gps_lon": 73.563281}, "geometry": {"type": "Polygon", "coordinates": [[[73.56400451304428, 19.693659603913858], [73.56360343060445, 19.693673224143946], [73.56243092176067, 19.69379390015606], [73.56237926625174, 19.693802257901325], [73.56400451304428, 19.693659603913858]]]}}, {"type": "Feature", "properties": {"id": 142, "area_m2": 1153.0, "perimeter_m": 287.0, "landuse": "Vacant / Unclassified", "building_count": 0, "building_ids": [], "has_unrecorded_building": false, "road_connected": true, "road_distance_m": 4.0, "gps_lat": 19.695803, "gps_lon": 73.55717}, "geometry": {"type": "Polygon", "coordinates": [[[73.55678570080647, 19.69599582855259], [73.55684368883249, 19.69600522202109], [73.55693628388754, 19.695972076190444], [73.55796424700156, 19.695484015104945], [73.55791696180628, 19.695497567793126], [73.55726655557446, 19.695721880181484], [73.55726308323861, 19.69572298941722], [73.5569299339474, 19.695821078465823], [73.55688297510099, 19.695843622276342], [73.55688274273281, 19.695843720619653], [73.55688252088189, 19.6958438385425], [73.55672476848906, 19.695918327990693], [73.55674345911801, 19.695954233978302], [73.55675536047859, 19.695971939088814], [73.55678570080647, 19.69599582855259]]]}}, {"type": "Feature", "properties": {"id": 143, "area_m2": 1148.4, "perimeter_m": 267.6, "landuse": "Vacant / Unclassified", "building_count": 0, "building_ids": [], "has_unrecorded_building": false, "road_connected": true, "road_distance_m": 4.0, "gps_lat": 19.699059, "gps_lon": 73.55676}, "geometry": {"type": "Polygon", "coordinates": [[[73.55652142339294, 19.698979577158823], [73.55648573615109, 19.699087171529822], [73.55648323912577, 19.699192324040137], [73.55650379237247, 19.699304554326726], [73.55652454343357, 19.69937543344132], [73.55652818418591, 19.699373150428112], [73.55654654146238, 19.6993314439842], [73.55654797770363, 19.699328551505076], [73.55654968100374, 19.69932579048149], [73.55655163791354, 19.699323182714313], [73.55658383791354, 19.699284082714314], [73.55658639446648, 19.699281287346533], [73.55658924195447, 19.699278753479607], [73.55662260843259, 19.69925197734178], [73.55662030173072, 19.699252618871856], [73.55661661954963, 19.699253281876466], [73.55661288604317, 19.699253601571332], [73.55660913723385, 19.699253574871904], [73.55660540929186, 19.699253202035788], [73.55660173818605, 19.69925248666027], [73.55659815933686, 19.699251435647618], [73.55659470727461, 19.699250059138457], [73.55659141530634, 19.699248370413965], [73.55656061530634, 19.699230670413968], [73.55655736169862, 19.699228576177372], [73.55655435484194, 19.69922617719924], [73.55655162680196, 19.699223499062708], [73.55654920667101, 19.699220570327906], [73.55654712025779, 19.6992174222274], [73.5565453898122, 19.6992140883331], [73.55654403378801, 19.69921060419826], [73.55654306664613, 19.69920700697833], [73.55654249870032, 19.69920333503471], [73.55653849870033, 19.69916293503471], [73.55653833402883, 19.699159530139994], [73.55653851276153, 19.699156125873852], [73.55653903329026, 19.69915275286669], [73.55653989093149, 19.69914944146767], [73.55654107796843, 19.699146221471608], [73.55654258372057, 19.699143121850916], [73.55654439463964, 19.699140170494903], [73.55654649443164, 19.699137393958857], [73.55654886420336, 19.699134817225083], [73.55655148263243, 19.699132463478144], [73.5565543261591, 19.699130353896237], [73.55655736919832, 19.69912850746065], [73.55656058436988, 19.69912694078497], [73.55667448436986, 19.69907774078497], [73.55667576176123, 19.699077215374984], [73.55674686176123, 19.699049415374986], [73.5567502489671, 19.699048264178636], [73.55675373633903, 19.699047418668325], [73.55675729282952, 19.699046886371484], [73.55676088677573, 19.699046672027066], [73.5567644861814, 19.699046777543348], [73.55676805900158, 19.699047201980928], [73.55677157342808, 19.699047941561112], [73.55678549850107, 19.699051529037543], [73.55683059410259, 19.699026458940423], [73.5568338527668, 19.699024841711587], [73.55683726185237, 19.699023527783105], [73.55684078960157, 19.69902252939503], [73.55684440315126, 19.699021855847956], [73.55684806883902, 19.699021513416383], [73.55685175251672, 19.699021505290272], [73.55685541986865, 19.699021831545323], [73.5568590367312, 19.699022489142273], [73.55686256941107, 19.6990234719552], [73.55686598499919, 19.699024770828604], [73.55686925167728, 19.699026373662686], [73.55687233901423, 19.699028265526064], [73.5568752182496, 19.699030428794874], [73.55687786256156, 19.699032843316946], [73.55689536256156, 19.699050443316946], [73.5568978103825, 19.69905316397691], [73.55689995975851, 19.69905609964077], [73.55690178952621, 19.69905922140312], [73.55690328166915, 19.69906249852617], [73.55690442149528, 19.699065898742404], [73.5569051977815, 19.699069388572294], [73.55690560288431, 19.699072933653945], [73.55690563281492, 19.69907649908145], [73.55690528727864, 19.69908004974856], [73.55690456967771, 19.699083550694358], [73.55690348707785, 19.69908696744751], [73.55690205013865, 19.69909026636566], [73.55690027300864, 19.699093414966686], [73.55689817318596, 19.699096382248545], [73.55689577134606, 19.6990991389945], [73.5568930911382, 19.69910165806083], [73.55689015895248, 19.69910391464406], [73.55688700366005, 19.69910588652521], [73.55688365632886, 19.699107554288563], [73.55681716395769, 19.699136804538387], [73.55679639767237, 19.699219017332112], [73.55680222782965, 19.699252695793835], [73.55680453962654, 19.699254458016277], [73.55691274686183, 19.69916455774527], [73.55691499376435, 19.69916282946367], [73.55692221427671, 19.69915769374714], [73.55698772780623, 19.69903722426407], [73.55698961385588, 19.69903414237829], [73.55699181429418, 19.699031251143523], [73.55699430756069, 19.699028578888868], [73.55699706922567, 19.699026151797792], [73.55700007222961, 19.699023993651586], [73.55705741983049, 19.69898686018953], [73.55709785035367, 19.6989214601463], [73.55708927900731, 19.698885959420753], [73.55707699099803, 19.698868048085174], [73.55704132256469, 19.698873523027068], [73.55692162179731, 19.698928045910684], [73.55691850861491, 19.698929306581533], [73.5569152889241, 19.698930302281944], [73.55691198811046, 19.69893102516133], [73.55685438811045, 19.698941125161326], [73.55685308485295, 19.698941331770385], [73.55667597795373, 19.69896644838782], [73.55660485469002, 19.698981282107187], [73.55660122167141, 19.698981868185733], [73.55659754554587, 19.69898212158236], [73.55659386060108, 19.69898203993361], [73.55659020120703, 19.698981624001036], [73.55658660149538, 19.698980877664088], [73.5565830950411, 19.698979807883955], [73.55653860801847, 19.698963962282743], [73.55652142339294, 19.698979577158823]]]}}, {"type": "Feature", "properties": {"id": 144, "area_m2": 846.6, "perimeter_m": 197.2, "landuse": "Vacant / Unclassified", "building_count": 0, "building_ids": [], "has_unrecorded_building": false, "road_connected": true, "road_distance_m": 4.0, "gps_lat": 19.699199, "gps_lon": 73.557236}, "geometry": {"type": "Polygon", "coordinates": [[[73.55709909009624, 19.699241419460336], [73.55710266131747, 19.69924038354575], [73.55710632302355, 19.69923968140251], [73.55711004011117, 19.699239319761784], [73.55752626781053, 19.699218138943948], [73.55759336226588, 19.699192891342246], [73.55759604157225, 19.699104241248808], [73.55712754636511, 19.6991386172074], [73.55704134048, 19.699163425940384], [73.55697514467963, 19.699210114319136], [73.55696216460046, 19.699219346628965], [73.55683083919003, 19.69932845383739], [73.55678232957501, 19.699368716817848], [73.55677386151963, 19.69937737445656], [73.55680146015405, 19.69939452435597], [73.55695313414712, 19.699292648529415], [73.55695603645044, 19.699290880195115], [73.55695909680313, 19.69928936636531], [73.55696229009625, 19.699288119460338], [73.55709909009624, 19.699241419460336]]]}}, {"type": "Feature", "properties": {"id": 145, "area_m2": 1162.9, "perimeter_m": 181.5, "landuse": "Residential", "building_count": 1, "building_ids": [117], "has_unrecorded_building": false, "road_connected": true, "road_distance_m": 4.0, "gps_lat": 19.70103, "gps_lon": 73.557439}, "geometry": {"type": "Polygon", "coordinates": [[[73.55721662924421, 19.700954725318518], [73.55727974082973, 19.701209898353778], [73.55733192825993, 19.70111163138789], [73.55736406564971, 19.70111163138789], [73.55743137143679, 19.701196120896288], [73.55758957818459, 19.701177502312], [73.5576103190751, 19.70122632020675], [73.55759654987689, 19.700839061507267], [73.55721662924421, 19.700954725318518]], [[73.55760304527222, 19.701026091663415], [73.55759454515155, 19.701026091663415], [73.55759700074196, 19.70095211111477], [73.55760304527222, 19.701026091663415]]]}}, {"type": "Feature", "properties": {"id": 146, "area_m2": 482.1, "perimeter_m": 245.1, "landuse": "Vacant / Unclassified", "building_count": 0, "building_ids": [], "has_unrecorded_building": false, "road_connected": true, "road_distance_m": 4.0, "gps_lat": 19.701231, "gps_lon": 73.557421}, "geometry": {"type": "Polygon", "coordinates": [[[73.55731078034361, 19.701335397450432], [73.55761144635572, 19.701258024974237], [73.55759654987689, 19.700839061507267], [73.5576103190751, 19.70122632020675], [73.55758957818459, 19.701177502312], [73.55743137143679, 19.701196120896288], [73.55736406564971, 19.70111163138789], [73.55733192825993, 19.70111163138789], [73.55727974082973, 19.701209898353778], [73.55721662924421, 19.700954725318518], [73.55731078034361, 19.701335397450432]]]}}, {"type": "Feature", "properties": {"id": 147, "area_m2": 2652.8, "perimeter_m": 202.5, "landuse": "Vacant / Unclassified", "building_count": 0, "building_ids": [], "has_unrecorded_building": false, "road_connected": true, "road_distance_m": 4.0, "gps_lat": 19.70057, "gps_lon": 73.557335}, "geometry": {"type": "Polygon", "coordinates": [[[73.55758786780882, 19.700496443467934], [73.55752369447747, 19.70039603912129], [73.5572911308693, 19.700286041580387], [73.55706002695834, 19.70032157095457], [73.55719925652839, 19.700884485188418], [73.557594164849, 19.700764258494925], [73.55758786780882, 19.700496443467934]]]}}, {"type": "Feature", "properties": {"id": 148, "area_m2": 4623.4, "perimeter_m": 862.0, "landuse": "Vacant / Unclassified", "building_count": 0, "building_ids": [], "has_unrecorded_building": false, "road_connected": true, "road_distance_m": 4.0, "gps_lat": 19.694578, "gps_lon": 73.561889}, "geometry": {"type": "Polygon", "coordinates": [[[73.55988135861266, 19.694804675571717], [73.55988286616287, 19.694804531889453], [73.56288366538955, 19.694546831955865], [73.56372507394478, 19.694474557977976], [73.56372316785544, 19.69444972305319], [73.56365769388427, 19.694456045109682], [73.56365394469998, 19.694456232353115], [73.56365019411541, 19.694456071880026], [73.56364647842491, 19.69445556524331], [73.56364283358512, 19.694454717345675], [73.56363929486707, 19.69445353639221], [73.56363589651484, 19.694452033810972], [73.5636326714142, 19.694450224142404], [73.56362965077439, 19.694448124898624], [73.56362686382606, 19.694445756393968], [73.56362433753843, 19.694443141548394], [73.56362209635834, 19.694440305665704], [73.56362016197363, 19.694437276188662], [73.56361855310331, 19.69443408243345], [73.56361728531635, 19.69443075530596], [73.56361637088112, 19.69442732700272], [73.56361581864658, 19.694423830699346], [73.56360983652068, 19.694366789515417], [73.56287606615452, 19.694433729816858], [73.56233957034571, 19.694482729434064], [73.56233890354937, 19.694482787555938], [73.56082995691523, 19.694608033722155], [73.56051937593678, 19.694648248587026], [73.56013892365513, 19.694723625881046], [73.55968824106883, 19.694824906325646], [73.55988135861266, 19.694804675571717]]]}}, {"type": "Feature", "properties": {"id": 149, "area_m2": 1870.6, "perimeter_m": 470.0, "landuse": "Vacant / Unclassified", "building_count": 0, "building_ids": [], "has_unrecorded_building": false, "road_connected": true, "road_distance_m": 4.0, "gps_lat": 19.694322, "gps_lon": 73.564521}, "geometry": {"type": "Polygon", "coordinates": [[[73.56368801697839, 19.694380874969546], [73.56375450611573, 19.69437445489032], [73.56375831799717, 19.694374267471574], [73.56376213069886, 19.69437443946691], [73.56376590608433, 19.694374969155948], [73.56376960639041, 19.694375851240487], [73.5637731946049, 19.694377076897503], [73.56377663483677, 19.694378633867395], [73.56377989267523, 19.69438050657662], [73.56378293553381, 19.69438267629346], [73.56378573297641, 19.694385121315378], [73.56378825702171, 19.69438781718612], [73.56379048242302, 19.69439073694031], [73.56379238692081, 19.694393851373192], [73.56379395146541, 19.694397129332746], [73.5637951604075, 19.69440053803127], [73.56379600165467, 19.69440404337336], [73.56379646679237, 19.694407610296928], [73.56380110381775, 19.694468027284504], [73.56413727145814, 19.69443915168958], [73.56434505201774, 19.694414047352627], [73.5645934666799, 19.69438257623379], [73.5649077211344, 19.694317320133134], [73.56527510971974, 19.694226908872107], [73.56553507549968, 19.694147192610174], [73.5658339522982, 19.694043509638362], [73.56528731680459, 19.694175899269585], [73.56528342367507, 19.694176740548908], [73.56505642367507, 19.69421994054891], [73.56505269692282, 19.694220559676253], [73.56482619692281, 19.694252759676253], [73.56482305888836, 19.69425314333748], [73.56455955888838, 19.69428014333748], [73.56455866196329, 19.694280230199215], [73.56368581288599, 19.694359858354073], [73.56368801697839, 19.694380874969546]]]}}, {"type": "Feature", "properties": {"id": 150, "area_m2": 10317.0, "perimeter_m": 518.2, "landuse": "Vacant / Unclassified", "building_count": 0, "building_ids": [], "has_unrecorded_building": false, "road_connected": true, "road_distance_m": 4.0, "gps_lat": 19.695652, "gps_lon": 73.562113}, "geometry": {"type": "Polygon", "coordinates": [[[73.56257423971824, 19.695397338145238], [73.56257044847295, 19.695397690443112], [73.56204232044826, 19.69542180041896], [73.56175477203193, 19.695463219310017], [73.56175063540545, 19.695463599608253], [73.5614248297991, 19.695476755417385], [73.56120232143279, 19.69549782694233], [73.56118003247772, 19.69602685925514], [73.56129487385505, 19.696018764708725], [73.56173493725935, 19.695957399705964], [73.56209463518447, 19.695860844504857], [73.56209782729326, 19.695860125794763], [73.56210107318576, 19.69585966794729], [73.56246668571124, 19.695823146500132], [73.56286192397333, 19.695747782428494], [73.56286394867122, 19.695747449521036], [73.56317362695941, 19.695704586227873], [73.56315484883952, 19.69533449727276], [73.56288565485694, 19.695353532946697], [73.56257423971824, 19.695397338145238]]]}}, {"type": "Feature", "properties": {"id": 151, "area_m2": 4515.8, "perimeter_m": 450.5, "landuse": "Vacant / Unclassified", "building_count": 0, "building_ids": [], "has_unrecorded_building": false, "road_connected": true, "road_distance_m": 4.0, "gps_lat": 19.695249, "gps_lon": 73.562156}, "geometry": {"type": "Polygon", "coordinates": [[[73.56313334923544, 19.695078902611336], [73.56121428279103, 19.695214828852688], [73.56120538298967, 19.695425309154846], [73.56141828030086, 19.69540514779607], [73.56142046459456, 19.695405000391748], [73.56174528526778, 19.695391884353548], [73.56203272796807, 19.69535048068998], [73.56203665152705, 19.695350109556887], [73.56256484655488, 19.69532599652223], [73.56287576028176, 19.695282261854764], [73.56287854144306, 19.695281968315914], [73.5631498302354, 19.695262784510447], [73.56313334923544, 19.695078902611336]]]}}, {"type": "Feature", "properties": {"id": 152, "area_m2": 32815.0, "perimeter_m": 729.6, "landuse": "Government", "building_count": 0, "building_ids": [], "has_unrecorded_building": false, "road_connected": true, "road_distance_m": 4.0, "gps_lat": 19.69645, "gps_lon": 73.560282}, "geometry": {"type": "Polygon", "coordinates": [[[73.55930012102259, 19.69588354385118], [73.55939914550393, 19.696259756941277], [73.55939945630095, 19.696261037542467], [73.55947725630095, 19.696610937542467], [73.55947769545978, 19.696613304816164], [73.55953191036059, 19.696976910034437], [73.5595734055209, 19.697070274145126], [73.55974596857327, 19.69713469768467], [73.55974911324508, 19.697136029454843], [73.55975211741345, 19.69713762300142], [73.55975495655683, 19.69713946531705], [73.55975760750064, 19.6971415413638], [73.55976004860652, 19.697143834195895], [73.55981674860652, 19.697202134195898], [73.55981911102567, 19.69720481308332], [73.55982118695903, 19.69720769466289], [73.55982295691442, 19.697210751877773], [73.5598244042727, 19.697213956022], [73.55989664321129, 19.697398190225364], [73.55999219896304, 19.69761511374768], [73.56018376311658, 19.697521134134497], [73.56018694745838, 19.697519743306465], [73.56054104745839, 19.697383343306466], [73.56054559932916, 19.69738189746386], [73.56094579354838, 19.69728069350505], [73.56108824708559, 19.696393494820082], [73.56110206394648, 19.69606427581456], [73.5611256667114, 19.69550405999937], [73.56111175851109, 19.695505046567213], [73.56077664165281, 19.69554879212201], [73.56077235456482, 19.695549121370927], [73.56049444934528, 19.69555566731828], [73.56008112070195, 19.695612554706152], [73.56007966874417, 19.69561272784223], [73.55971159336329, 19.69564988253273], [73.55968213507617, 19.69573146540293], [73.55968071989375, 19.695734821090785], [73.55967895416939, 19.69573802613105], [73.55967685573033, 19.695741048164727], [73.55967444576302, 19.695743856680505], [73.55967174859917, 19.695746423322802], [73.55966879147013, 19.69574872217807], [73.5596656042319, 19.695750730036412], [73.55966221906375, 19.695752426625912], [73.55965867014332, 19.69575379481732], [73.5596549933015, 19.695754820796992], [73.55950079330151, 19.69579002079699], [73.55949917160561, 19.695790356003688], [73.55928694068622, 19.69582968935463], [73.55930012102259, 19.69588354385118]]]}}, {"type": "Feature", "properties": {"id": 153, "area_m2": 7838.0, "perimeter_m": 486.3, "landuse": "Vacant / Unclassified", "building_count": 0, "building_ids": [], "has_unrecorded_building": false, "road_connected": true, "road_distance_m": 4.0, "gps_lat": 19.696113, "gps_lon": 73.562194}, "geometry": {"type": "Polygon", "coordinates": [[[73.56247652681424, 19.69589443205271], [73.56211239969839, 19.695930805120625], [73.56175346481554, 19.696027155495145], [73.56174859189268, 19.696028144843464], [73.56130469189267, 19.696090044843462], [73.56130194935092, 19.696090332334023], [73.56117699240043, 19.696099139872384], [73.56116578382256, 19.696366210447653], [73.56126702968, 19.696380715584823], [73.56158144371729, 19.69635333240739], [73.56211780311578, 19.696302845642013], [73.5621181482181, 19.696302814647698], [73.56264858764612, 19.69625746257607], [73.56301532717166, 19.696215808436254], [73.56301565350851, 19.696213551861533], [73.56303115350852, 19.696133551861532], [73.56303147718336, 19.69613206086361], [73.56305457718335, 19.696036060863612], [73.56305601693815, 19.696031502060006], [73.56315520748753, 19.6957797734125], [73.56287606844003, 19.695818409698227], [73.56248007602667, 19.695893917571503], [73.56247652681424, 19.69589443205271]]]}}, {"type": "Feature", "properties": {"id": 154, "area_m2": 6676.0, "perimeter_m": 632.5, "landuse": "Vacant / Unclassified", "building_count": 0, "building_ids": [], "has_unrecorded_building": false, "road_connected": true, "road_distance_m": 4.0, "gps_lat": 19.695329, "gps_lon": 73.564298}, "geometry": {"type": "Polygon", "coordinates": [[[73.5632492994145, 19.695689870334274], [73.56386600936374, 19.695544148267405], [73.56386676147068, 19.695543978160888], [73.56460410868102, 19.695384632790322], [73.56503181345887, 19.69528642354093], [73.56538517048865, 19.69520255747361], [73.56538521042333, 19.695202548017047], [73.56594615794683, 19.695070018093226], [73.56595743772931, 19.695064051927282], [73.56596580034933, 19.695051507997256], [73.56597181601198, 19.69503795815518], [73.56597152304404, 19.695020028516964], [73.56595426026904, 19.694967772048894], [73.56570858592684, 19.695023145153122], [73.56570673452516, 19.695023516994667], [73.56542013452517, 19.695074116994665], [73.56541891665806, 19.69507431285657], [73.56509931665806, 19.69512071285657], [73.56509901550449, 19.695120755421147], [73.56489101550449, 19.695149355421147], [73.56488982860759, 19.695149500762856], [73.56323092742687, 19.695327785645418], [73.5632492994145, 19.695689870334274]]]}}, {"type": "Feature", "properties": {"id": 155, "area_m2": 726.0, "perimeter_m": 137.5, "landuse": "Residential", "building_count": 1, "building_ids": [57], "has_unrecorded_building": true, "road_connected": true, "road_distance_m": 4.0, "gps_lat": 19.694953, "gps_lon": 73.56523}, "geometry": {"type": "Polygon", "coordinates": [[[73.56508783382854, 19.695049665295564], [73.56540667272454, 19.695003375793767], [73.5654591407324, 19.694994112426013], [73.56543239116172, 19.694968928208876], [73.56543239116172, 19.69488554135559], [73.56531429801831, 19.69485774573782], [73.56529239552475, 19.694837124952528], [73.5651027486023, 19.694892057633417], [73.5650334554339, 19.694957295846788], [73.56505481773863, 19.694957295846788], [73.56501479679132, 19.694994974815156], [73.56504634479226, 19.695024676664055], [73.56495423904252, 19.695068034578643], [73.56508783382854, 19.695049665295564]]]}}, {"type": "Feature", "properties": {"id": 156, "area_m2": 4691.0, "perimeter_m": 686.7, "landuse": "Vacant / Unclassified", "building_count": 0, "building_ids": [], "has_unrecorded_building": false, "road_connected": true, "road_distance_m": 4.0, "gps_lat": 19.695015, "gps_lon": 73.564528}, "geometry": {"type": "Polygon", "coordinates": [[[73.5648805767335, 19.695078163146132], [73.56508783382854, 19.695049665295564], [73.56495423904252, 19.695068034578643], [73.56504634479226, 19.695024676664055], [73.56501479679132, 19.694994974815156], [73.56505481773863, 19.694957295846788], [73.5650334554339, 19.694957295846788], [73.5651027486023, 19.694892057633417], [73.56529239552475, 19.694837124952528], [73.56531429801831, 19.69485774573782], [73.56543239116172, 19.69488554135559], [73.56543239116172, 19.694968928208876], [73.5654591407324, 19.694994112426013], [73.56540667272454, 19.695003375793767], [73.56569173487499, 19.694953047305237], [73.56593102628855, 19.69489911286395], [73.56584887373045, 19.69466124630683], [73.56554810842007, 19.69476301503085], [73.56554642307134, 19.69476354393169], [73.56498852307134, 19.694925143931687], [73.56498471323982, 19.694926048264858], [73.56498082484322, 19.694926579038963], [73.56367992484323, 19.695040179038962], [73.56367926356786, 19.695040231329436], [73.56320946933818, 19.695073510731774], [73.56322582569891, 19.69525600200555], [73.5648805767335, 19.695078163146132]]]}}, {"type": "Feature", "properties": {"id": 157, "area_m2": 3543.7, "perimeter_m": 319.0, "landuse": "Vacant / Unclassified", "building_count": 0, "building_ids": [], "has_unrecorded_building": false, "road_connected": true, "road_distance_m": 4.0, "gps_lat": 19.699831, "gps_lon": 73.559103}, "geometry": {"type": "Polygon", "coordinates": [[[73.55900039157515, 19.69976068568125], [73.55868175062679, 19.700265569859262], [73.5589176748078, 19.700401555579102], [73.55952331129384, 19.699363404317655], [73.55929191605918, 19.699244716503458], [73.5592011612134, 19.699443396030713], [73.55919887209487, 19.699447616408087], [73.55900039157515, 19.69976068568125]]]}}]}